vertex1_key,vertex2_key,edge_type,edge_dir,ra1_deg,dec1_deg,ra2_deg,dec2_deg,x1,y1,z1,x2,y2,z2,constellation
001,002,M,+,344.418,34.5,344.418,52.5,0.7938370812175335,-0.22137448646282007,0.5664062369248328,0.5863876219855729,-0.16352380325458565,0.7933533402912352,AND LAC
002,003,P,+,344.418,52.5,351.418,52.5,0.5863876219855729,-0.16352380325458565,0.7933533402912352,0.6019453161056355,-0.09084224714980436,0.7933533402912352,AND CAS
004,005,P,+,351.418,50.0,355.168,50.0,0.635590516192193,-0.09591979406293842,0.766044443118978,0.640503122795037,-0.05414481375294075,0.766044443118978,AND CAS
006,007,P,+,355.168,48.0,3.918,48.0,0.6667524956487354,-0.05636379966216294,0.7431448254773942,0.6675667557706715,0.04572083721886556,0.7431448254773942,AND CAS
008,009,P,+,3.918,46.0,14.418,46.0,0.6930348579624719,0.04746511664039019,0.7193398003386512,0.6727800947309811,0.172965880399926,0.7193398003386512,AND CAS
009,010,M,+,14.418,46.0,14.418,48.0,0.6727800947309811,0.172965880399926,0.7193398003386512,0.6480563279415397,0.1666096161123386,0.7431448254773942,AND CAS
010,011,P,+,14.418,48.0,18.168,48.0,0.6480563279415397,0.1666096161123386,0.7431448254773942,0.6357719993441283,0.20863780389982783,0.7431448254773942,AND CAS
011,012,M,+,18.168,48.0,18.168,50.0,0.6357719993441283,0.20863780389982783,0.7431448254773942,0.610742297363804,0.20042394412174816,0.766044443118978,AND CAS
012,013,P,+,18.168,50.0,21.918,50.0,0.610742297363804,0.20042394412174816,0.766044443118978,0.5963262981055069,0.23993927847336097,0.766044443118978,AND CAS
013,014,P,+,21.918,50.0,26.417999999999996,50.0,0.5963262981055069,0.23993927847336097,0.766044443118978,0.5756626043236769,0.2859868478616049,0.766044443118978,AND PER
015,016,P,+,26.417999999999996,47.0,32.043,47.0,0.6107786556270268,0.3034323597745947,0.7313537016191705,0.5780960172688383,0.36183802722467445,0.7313537016191705,AND PER
016,017,M,+,32.043,47.0,32.043,50.5,0.5780960172688383,0.36183802722467445,0.7313537016191705,0.5391718035514467,0.33747484138348416,0.77162458338772,AND PER
017,018,P,+,32.043,50.5,39.168,50.5,0.5391718035514467,0.33747484138348416,0.77162458338772,0.4931497646650981,0.4017447098873686,0.77162458338772,AND PER
025,026,P,+,12.168,23.75,14.168,23.75,0.8947478789581232,0.1929283206472544,0.40274668985873724,0.8874697214352926,0.22403704457833362,0.40274668985873724,AND PSC
028,029,M,+,3.543,21.0,3.543,22.0,0.9317960750849341,0.057693042864880015,0.35836794954530027,0.9254117289165793,0.057297749981593774,0.374606593415912,AND PEG
030,031,M,+,2.418,22.0,2.418,28.0,0.9263583133996464,0.039117456009922114,0.374606593415912,0.882161438545796,0.037251148682764065,0.4694715627858908,AND PEG
032,033,M,+,1.418,28.0,1.418,31.333333333333332,0.8826772032729278,0.021849635183589754,0.4694715627858908,0.853894868856974,0.021137162374290048,0.5200161279292155,AND PEG
034,035,M,+,357.668,31.333333333333332,357.668,32.083333333333336,0.8534490509589128,-0.03475549036968001,0.5200161279292155,0.8465747703222394,-0.034475545135459015,0.5311521392609281,AND PEG
036,037,M,+,353.918,32.083333333333336,353.918,34.5,0.8425073802209438,-0.08977036945329743,0.5311521392609281,0.8194874121605205,-0.08731755884759641,0.5664062369248328,AND PEG
038,050,P,+,141.918,-24.0,147.668,-24.0,-0.7190779678305249,0.5634644437408199,-0.4067366430758002,-0.7719123505649337,0.4885863549309866,-0.4067366430758002,ANT HYA
049,048,P,+,147.668,-26.5,155.168,-26.5,-0.7561866581310374,0.4786326876015029,-0.44619781310980877,-0.8121914786281249,0.37583575351459625,-0.44619781310980877,ANT HYA
047,046,P,+,155.168,-29.166666666666668,160.168,-29.166666666666668,-0.7924718320631445,0.3667106291802343,-0.48735173112724234,-0.8214171747480212,0.2962467133931765,-0.48735173112724234,ANT HYA
045,044,P,+,160.168,-31.166666666666668,163.918,-31.166666666666668,-0.8049171991142445,0.2902959447669017,-0.5175292909797199,-0.8221800727949489,0.23703029527239994,-0.5175292909797199,ANT HYA
043,042,P,+,163.918,-35.0,166.418,-35.0,-0.7870955347180169,0.2269156030108849,-0.573576436351046,-0.7962443137620268,0.192367004614808,-0.573576436351046,ANT HYA
040,039,M,+,141.918,-39.75,141.918,-36.75,-0.6051775722437787,0.47421289396135125,-0.6394390019805848,-0.6306899766467406,0.49420423481521797,-0.598324600570659,ANT VEL
039,038,M,+,141.918,-36.75,141.918,-24.0,-0.6306899766467406,0.49420423481521797,-0.598324600570659,-0.7190779678305249,0.5634644437408199,-0.4067366430758002,ANT PYX
051,060,M,+,206.418,-82.5,206.418,-75.0,-0.11689560690581759,-0.0580732635692748,-0.9914448613738104,-0.23179109756789126,-0.1151528774979287,-0.9659258262890683,APS CHA
060,059,M,+,206.418,-75.0,206.418,-70.0,-0.23179109756789126,-0.1151528774979287,-0.9659258262890683,-0.30630367398342645,-0.1521704233573852,-0.9396926207859083,APS MUS
059,058,P,+,206.418,-70.0,222.668,-70.0,-0.30630367398342645,-0.1521704233573852,-0.9396926207859083,-0.25148509807288777,-0.23180384787095548,-0.9396926207859083,APS CIR
058,057,P,+,222.668,-70.0,256.418,-70.0,-0.25148509807288777,-0.23180384787095548,-0.9396926207859083,-0.08031889921802446,-0.3324554900568133,-0.9396926207859083,APS TRA
057,056,M,+,256.418,-70.0,256.418,-67.5,-0.08031889921802446,-0.3324554900568133,-0.9396926207859083,-0.0898681338989794,-0.3719816230894228,-0.9238795325112867,APS TRA
056,055,P,+,256.418,-67.5,263.918,-67.5,-0.0898681338989794,-0.3719816230894228,-0.9238795325112867,-0.04054595471769994,-0.38052941405725327,-0.9238795325112867,APS ARA
055,054,P,+,263.918,-67.5,271.418,-67.5,-0.04054595471769994,-0.38052941405725327,-0.9238795325112867,0.00946997699026177,-0.3825662412478788,-0.9238795325112867,APS PAV
061,062,M,+,309.418,0.0,309.418,2.0,0.6349732432873475,-0.7725341288960293,0.0,0.6345864347439397,-0.7720635219778795,0.03489949670250097,AQR AQL
062,063,P,+,309.418,2.0,313.918,2.0,0.6345864347439397,-0.7720635219778795,0.03489949670250097,0.6932056223269792,-0.7198944299716297,0.03489949670250097,AQR DEL
063,064,P,+,313.918,2.0,321.418,2.0,0.6932056223269792,-0.7198944299716297,0.03489949670250097,0.7812402308761398,-0.6232541430191282,0.03489949670250097,AQR EQU
064,065,P,+,321.418,2.0,323.418,2.0,0.7812402308761398,-0.6232541430191282,0.03489949670250097,0.8025155763450106,-0.5956095825736418,0.03489949670250097,AQR PEG
065,066,M,+,323.418,2.0,323.418,2.75,0.8025155763450106,-0.5956095825736418,0.03489949670250097,0.8020799940221361,-0.595286302860262,0.04797812852134394,AQR PEG
066,067,P,+,323.418,2.75,326.418,2.75,0.8020799940221361,-0.595286302860262,0.04797812852134394,0.8321356491647959,-0.5524928602006303,0.04797812852134394,AQR PEG
068,069,P,+,326.418,1.75,331.418,1.75,0.8327064895203284,-0.5528718671823197,0.03053851320982266,0.8777237481553005,-0.47819287022617146,0.03053851320982266,AQR PEG
069,070,M,+,331.418,1.75,331.418,2.0,0.8777237481553005,-0.47819287022617146,0.03053851320982266,0.8775983824905058,-0.4781245697304836,0.03489949670250097,AQR PEG
070,071,P,+,331.418,2.0,342.668,2.0,0.8775983824905058,-0.4781245697304836,0.03489949670250097,0.9540130519249148,-0.29772658914988087,0.03489949670250097,AQR PEG
073,074,P,+,342.668,-4.0,358.918,-4.0,0.952269220758787,-0.2971823776172431,-0.0697564737441253,0.9973861784416943,-0.018837341220505698,-0.0697564737441253,AQR PSC
078,079,M,+,329.418,-25.5,329.418,-9.0,0.7770373903630798,-0.4592092001502728,-0.43051109680829514,0.8503027735721417,-0.5025071655241345,-0.15643446504023087,AQR CAP
082,083,M,+,309.418,-15.0,309.418,-9.0,0.6133370546937807,-0.7462106667904027,-0.25881904510252074,0.6271556689847929,-0.7630229518224295,-0.15643446504023087,AQR CAP
083,061,M,+,309.418,-9.0,309.418,0.0,0.6271556689847929,-0.7630229518224295,-0.15643446504023087,0.6349732432873475,-0.7725341288960293,0.0,AQR AQL
084,085,M,+,280.168,0.0,280.168,2.0,0.1765350342063278,-0.984294357241659,0.0,0.1764274938333063,-0.9836947517139709,0.03489949670250097,AQL SER2
085,086,P,+,280.168,2.0,284.418,2.0,0.1764274938333063,-0.9836947517139709,0.03489949670250097,0.24884248374456341,-0.9679149980312056,0.03489949670250097,AQL SER2
086,087,M,+,284.418,2.0,284.418,6.25,0.24884248374456341,-0.9679149980312056,0.03489949670250097,0.247514227164846,-0.9627485190385678,0.10886687485196457,AQL SER2
088,089,M,+,281.3513333333333,6.25,281.3513333333333,12.0,0.1956547740965543,-0.9746113137724152,0.10886687485196457,0.19252354267656968,-0.959013771713714,0.20791169081775934,AQL OPH
089,090,P,+,281.3513333333333,12.0,284.418,12.0,0.19252354267656968,-0.959013771713714,0.20791169081775934,0.24355304436943256,-0.9473408274742948,0.20791169081775934,AQL HER
090,091,M,+,284.418,12.0,284.418,18.5,0.24355304436943256,-0.9473408274742948,0.20791169081775934,0.23612705597779574,-0.9184561875554572,0.31730465640509214,AQL HER
091,092,P,+,284.418,18.5,286.418,18.5,0.23612705597779574,-0.9184561875554572,0.31730465640509214,0.26803687244421737,-0.9096559734503856,0.31730465640509214,AQL SGE
093,094,P,+,286.418,16.166666666666668,298.918,16.166666666666668,0.27146594556201586,-0.9212934650259252,0.2784323826365118,0.4644355206151414,-0.8406991468357141,0.2784323826365118,AQL SGE
095,096,P,+,298.918,15.75,303.543,15.75,0.46540234664921865,-0.8424492494568718,0.27144044986507426,0.5318168199113671,-0.802178877954541,0.27144044986507426,AQL SGE
097,098,P,+,303.543,8.5,305.918,8.5,0.5464932304104735,-0.8243163998714588,0.14780941112961063,0.5801832208466542,-0.8009618019790458,0.14780941112961063,AQL DEL
099,062,P,+,305.918,2.0,309.418,2.0,0.5862694526795064,-0.8093640429280166,0.03489949670250097,0.6345864347439397,-0.7720635219778795,0.03489949670250097,AQL DEL
102,103,M,+,284.418,-12.033333333333333,284.418,-4.0,0.24352288528853547,-0.9472235186197622,-0.20848071880714492,0.24838762699209563,-0.9661457556331863,-0.0697564737441253,AQL SCT
104,084,M,+,280.168,-4.0,280.168,0.0,0.17610500373562096,-0.9818966656578797,-0.0697564737441253,0.1765350342063278,-0.984294357241659,0.0,AQL SER2
105,106,M,+,247.7305,-60.0,247.7305,-45.5,-0.1894817965676534,-0.4627057907239702,-0.8660254037844386,-0.26561909326089583,-0.6486295507272374,-0.7132504491541816,ARA NOR
106,107,P,+,247.7305,-45.5,268.918,-45.5,-0.26561909326089583,-0.6486295507272374,-0.7132504491541816,-0.01323550800852432,-0.7007842878583356,-0.7132504491541816,ARA SCO
107,108,P,+,268.918,-45.5,271.418,-45.5,-0.01323550800852432,-0.7007842878583356,-0.7132504491541816,0.017344870573985177,-0.7006946212481796,-0.7132504491541816,ARA CRA
111,112,M,+,253.91799999999998,-67.5,253.91799999999998,-65.0,-0.10600820985897991,-0.3677075860642812,-0.9238795325112867,-0.1170706688396796,-0.4060796149207202,-0.9063077870366499,ARA TRA
113,114,M,+,252.668,-65.0,252.668,-63.583333333333336,-0.125901389305133,-0.40342909578731145,-0.9063077870366499,-0.1325380215497388,-0.4246950290728075,-0.8955823832147036,ARA TRA
115,116,M,+,250.16799999999998,-63.583333333333336,250.16799999999998,-61.0,-0.1509368117065039,-0.4185095862072304,-0.8955823832147036,-0.16447813798116848,-0.45605625750519563,-0.8746197071393957,ARA TRA
117,105,M,+,247.7305,-61.0,247.7305,-60.0,-0.18372519567511544,-0.44864843737333815,-0.8746197071393957,-0.1894817965676534,-0.4627057907239702,-0.8660254037844386,ARA TRA
119,120,M,+,26.417999999999996,9.916666666666666,26.417999999999996,25.0,0.8821915319726198,0.43826917632675017,0.17221564968862135,0.811663904440801,0.4032313369161477,0.42261826174069944,ARI PSC
120,121,P,+,26.417999999999996,25.0,30.167999999999996,25.0,0.811663904440801,0.4032313369161477,0.42261826174069944,0.7835534784789683,0.4554533469047939,0.42261826174069944,ARI TRI
121,122,M,+,30.167999999999996,25.0,30.167999999999996,27.25,0.7835534784789683,0.4554533469047939,0.42261826174069944,0.7686047539282685,0.44676415488973115,0.45787391511695674,ARI TRI
122,123,P,+,30.167999999999996,27.25,37.668,27.25,0.7686047539282685,0.44676415488973115,0.45787391511695674,0.7037148097514978,0.5432650774639237,0.45787391511695674,ARI TRI
123,124,M,+,37.668,27.25,37.668,30.666666666666668,0.7037148097514978,0.5432650774639237,0.45787391511695674,0.680863917828981,0.5256242783811396,0.5100425897656753,ARI TRI
124,125,P,+,37.668,30.666666666666668,42.168,30.666666666666668,0.680863917828981,0.5256242783811396,0.5100425897656753,0.6375250360227741,0.5774239214557046,0.5100425897656753,ARI TRI
125,126,P,+,42.168,30.666666666666668,51.918,30.666666666666668,0.6375250360227741,0.5774239214557046,0.5100425897656753,0.5305302074443824,0.6770481929775335,0.5100425897656753,ARI PER
130,131,M,+,68.918,30.666666666666668,68.918,36.0,0.30939882620082876,0.8025764281180158,0.5100425897656753,0.2910064016788175,0.7548667242430418,0.5877852522924731,AUR PER
131,132,P,+,68.918,36.0,71.79300000000002,36.0,0.2910064016788175,0.7548667242430418,0.5877852522924731,0.252778150432838,0.7685126569232463,0.5877852522924731,AUR PER
132,133,M,+,71.79300000000002,36.0,71.79300000000002,52.5,0.252778150432838,0.7685126569232463,0.5877852522924731,0.19020810335210064,0.5782831096166793,0.7933533402912352,AUR PER
133,134,P,+,71.79300000000002,52.5,76.418,52.5,0.19020810335210064,0.5782831096166793,0.7933533402912352,0.14295955609203548,0.5917373089223864,0.7933533402912352,AUR CAM
134,135,M,+,76.418,52.5,76.418,56.0,0.14295955609203548,0.5917373089223864,0.7933533402912352,0.1313190446053198,0.5435549758911145,0.8290375725550417,AUR CAM
135,136,P,+,76.418,56.0,92.918,56.0,0.1313190446053198,0.5435549758911145,0.8290375725550417,-0.028466662311630104,0.5584678615899751,0.8290375725550417,AUR CAM
137,138,P,+,92.918,54.0,98.918,54.0,-0.02992220427854814,0.5870231379627545,0.8090169943749475,-0.09111891382650077,0.5806796417609326,0.8090169943749475,AUR LYN
139,140,P,+,98.918,50.0,103.418,50.0,-0.0996454208188037,0.635017087389291,0.766044443118978,-0.14916111368969096,0.6252414520242447,0.766044443118978,AUR LYN
141,142,P,+,103.418,44.5,111.918,44.5,-0.16551226211001735,0.6937808690861018,0.7009092642998509,-0.2662415945203288,0.6616960152259607,0.7009092642998509,AUR LYN
146,147,M,+,89.668,28.0,89.668,28.5,0.0051162051186338315,0.8829327699097805,0.4694715627858908,0.005092271213499457,0.8788023590554372,0.4771587602596084,AUR TAU
148,149,M,+,72.668,28.5,72.668,30.0,0.26180670701152414,0.8389140395006485,0.4771587602596084,0.2579959537500961,0.8267031437272865,0.49999999999999994,AUR TAU
150,130,M,+,68.918,30.0,68.918,30.666666666666668,0.31151253715314864,0.808059366133707,0.49999999999999994,0.30939882620082876,0.8025764281180158,0.5100425897656753,AUR TAU
152,153,M,+,203.918,8.0,203.918,15.0,-0.9052304136007443,-0.4014831830368302,0.13917310096006544,-0.8829785215133316,-0.39161413717886945,0.25881904510252074,BOO VIR
153,154,M,+,203.918,15.0,203.918,28.5,-0.8829785215133316,-0.39161413717886945,0.25881904510252074,-0.803350126582757,-0.35629775697719723,0.4771587602596084,BOO COM
154,155,P,+,203.918,28.5,210.79299999999998,28.5,-0.803350126582757,-0.35629775697719723,0.4771587602596084,-0.7549236277771797,-0.4498998041022641,0.4771587602596084,BOO CVN
155,156,M,+,210.79299999999998,28.5,210.79299999999998,30.75,-0.7549236277771797,-0.4498998041022641,0.4771587602596084,-0.7382493997419441,-0.43996273013797804,0.511293086077052,BOO CVN
156,157,P,+,210.79299999999998,30.75,211.918,30.75,-0.7382493997419441,-0.43996273013797804,0.511293086077052,-0.7294690022058663,-0.45437248480798453,0.511293086077052,BOO CVN
157,158,M,+,211.918,30.75,211.918,48.5,-0.7294690022058663,-0.45437248480798453,0.511293086077052,-0.5624356287603982,-0.35033054648192163,0.7489557207890021,BOO CVN
158,159,M,+,211.918,48.5,211.918,55.5,-0.5624356287603982,-0.35033054648192163,0.7489557207890021,-0.48076880386647997,-0.299461821366504,0.8241261886220157,BOO UMA
159,160,P,+,211.918,55.5,217.668,55.5,-0.48076880386647997,-0.299461821366504,0.8241261886220157,-0.44834732499476293,-0.34612237922068884,0.8241261886220157,BOO UMA
160,161,P,+,217.668,55.5,230.168,55.5,-0.44834732499476293,-0.34612237922068884,0.8241261886220157,-0.36280510906142655,-0.4349580187400576,0.8241261886220157,BOO DRA
162,163,P,+,230.168,53.0,237.668,53.0,-0.3854858066092583,-0.4621493427392384,0.7986355100472928,-0.32186532815053526,-0.5085115855376835,0.7986355100472928,BOO DRA
171,184,M,+,65.418,-40.0,65.418,-37.0,0.3186707552301117,0.6966154165639283,-0.6427876096865393,0.3322284802486693,0.7262526521949225,-0.6018150231520483,CAE ERI
184,183,P,+,65.418,-37.0,70.168,-37.0,0.3322284802486693,0.7262526521949225,-0.6018150231520483,0.27094776203383686,0.751269584208861,-0.6018150231520483,CAE ERI
183,182,M,+,70.168,-37.0,70.168,-30.0,0.27094776203383686,0.751269584208861,-0.6018150231520483,0.2938106834317302,0.8146626800715617,-0.49999999999999994,CAE ERI
182,181,P,+,70.168,-30.0,71.918,-30.0,0.2938106834317302,0.8146626800715617,-0.49999999999999994,0.26879506041979107,0.8232552553697553,-0.49999999999999994,CAE ERI
181,180,M,+,71.918,-30.0,71.918,-27.25,0.26879506041979107,0.8232552553697553,-0.49999999999999994,0.27593118540823836,0.8451115067106081,-0.45787391511695674,CAE ERI
180,179,P,+,71.918,-27.25,73.918,-27.25,0.27593118540823836,0.8451115067106081,-0.45787391511695674,0.24626912934380624,0.8542265471101408,-0.45787391511695674,CAE ERI
179,178,P,+,73.918,-27.25,76.418,-27.25,0.24626912934380624,0.8542265471101408,-0.45787391511695674,0.20877389704529148,0.8641556212673687,-0.45787391511695674,CAE LEP
172,171,M,+,65.418,-49.0,65.418,-40.0,0.2729173589364025,0.5965983277810507,-0.754709580222772,0.3186707552301117,0.6966154165639283,-0.6427876096865393,CAE HOR
185,186,M,+,51.418,52.5,51.418,55.0,0.3796443518214128,0.47587881186163244,0.7933533402912352,0.3577017925611863,0.44837412496226814,0.8191520442889918,CAM PER
187,188,M,+,48.918,55.0,48.918,57.0,0.3769191443562184,0.43234463909587423,0.8191520442889918,0.35790326458812194,0.410532497689604,0.838670567945424,CAM PER
189,190,M,+,47.918,57.0,47.918,68.0,0.3650135341927739,0.4042236983629245,0.838670567945424,0.25105889920447005,0.27802792838294876,0.9271838545667874,CAM CAS
190,191,P,+,47.918,68.0,52.668,68.0,0.25105889920447005,0.27802792838294876,0.9271838545667874,0.22717364365451403,0.29786277958047436,0.9271838545667874,CAM CAS
191,192,M,+,52.668,68.0,52.668,77.0,0.22717364365451403,0.29786277958047436,0.9271838545667874,0.1364176486944069,0.17886643613351794,0.9743700647852352,CAM CAS
192,193,P,+,52.668,77.0,54.043,77.0,0.1364176486944069,0.17886643613351794,0.9743700647852352,0.13208629362596622,0.18208840678794325,0.9743700647852352,CAM CEP
193,194,M,+,54.043,77.0,54.043,80.0,0.13208629362596622,0.18208840678794325,0.9743700647852352,0.10196237688162525,0.14056088825735003,0.984807753012208,CAM CEP
194,195,P,+,54.043,80.0,76.418,80.0,0.10196237688162525,0.14056088825735003,0.984807753012208,0.04077897385167558,0.16879207593560247,0.984807753012208,CAM CEP
195,196,M,+,76.418,80.0,76.418,85.0,0.04077897385167558,0.16879207593560247,0.984807753012208,0.02046737145348668,0.08471841712214034,0.9961946980917455,CAM CEP
196,197,P,+,76.418,85.0,121.418,85.0,0.02046737145348668,0.08471841712214034,0.9961946980917455,-0.04543235009063156,0.07437758438628035,0.9961946980917455,CAM CEP
197,198,M,+,121.418,85.0,121.418,86.5,-0.04543235009063156,0.07437758438628035,0.9961946980917455,-0.03182324575788101,0.052098034596062215,0.9981347984218669,CAM CEP
198,199,P,+,121.418,86.5,218.918,86.5,-0.03182324575788101,0.052098034596062215,0.9981347984218669,-0.04749856159508177,-0.038351151556859545,0.9981347984218669,CAM UMI
204,205,M,+,173.918,77.0,173.918,80.0,-0.2236848675993038,0.02383394338959433,0.9743700647852352,-0.17267076050647132,0.01839831712854878,0.984807753012208,CAM DRA
206,207,M,+,161.418,80.0,161.418,82.0,-0.16459564937241639,0.055334996292747685,0.984807753012208,-0.13191780780811102,0.044349115142727054,0.9902680687415704,CAM DRA
212,213,M,+,106.418,60.0,106.418,62.0,-0.14132141013920851,0.4796126135083039,0.8660254037844386,-0.1326927665463201,0.45032896639113773,0.8829475928589269,CAM LYN
217,218,M,+,120.29300000000002,7.0,120.29300000000002,10.0,-0.5006622502708241,0.8570211049278499,0.12186934340514748,-0.49675883070213395,0.8503393290401207,0.17364817766693033,CNC CMI
219,220,M,+,118.543,10.0,118.543,13.5,-0.47055903899882695,0.8651129990986465,0.17364817766693033,-0.46461601657194157,0.8541868760634321,0.2334453638559054,CNC CMI
220,221,M,+,118.543,13.5,118.543,20.0,-0.46461601657194157,0.8541868760634321,0.2334453638559054,-0.4490022090492466,0.8254812159149267,0.3420201433256687,CNC GEM
221,222,P,+,118.543,20.0,119.668,20.0,-0.4490022090492466,0.8254812159149267,0.3420201433256687,-0.4651229039251777,0.8165065252670667,0.3420201433256687,CNC GEM
222,223,M,+,119.668,20.0,119.668,28.0,-0.4651229039251777,0.8165065252670667,0.3420201433256687,-0.43703562135118146,0.7672003111349475,0.4694715627858908,CNC GEM
223,224,P,+,119.668,28.0,121.418,28.0,-0.43703562135118146,0.7672003111349475,0.4694715627858908,-0.46026094076887497,0.7534960637839614,0.4694715627858908,CNC GEM
224,225,M,+,121.418,28.0,121.418,33.5,-0.46026094076887497,0.7534960637839614,0.4694715627858908,-0.43468613093527514,0.7116273827061166,0.5519369853120581,CNC GEM
225,226,P,+,121.418,33.5,140.168,33.5,-0.43468613093527514,0.7116273827061166,0.5519369853120581,-0.6403625196484091,0.5341361321556312,0.5519369853120581,CNC LYN
227,228,M,+,181.418,34.0,181.418,45.0,-0.8287836921120416,-0.020515564751883097,0.5591929034707469,-0.7068902402373807,-0.017498235829311724,0.7071067811865476,CVN UMA
228,229,P,+,181.418,45.0,182.668,45.0,-0.7068902402373807,-0.017498235829311724,0.7071067811865476,-0.7063402974998035,-0.03291480104586672,0.7071067811865476,CVN UMA
229,230,M,+,182.668,45.0,182.668,53.0,-0.7063402974998035,-0.03291480104586672,0.7071067811865476,-0.601162672743374,-0.028013621535666583,0.7986355100472928,CVN UMA
230,231,P,+,182.668,53.0,203.918,53.0,-0.601162672743374,-0.028013621535666583,0.7986355100472928,-0.5501351396812952,-0.2439931355168467,0.7986355100472928,CVN UMA
232,158,P,+,203.918,48.5,211.918,48.5,-0.6057186323989336,-0.2686452431408228,0.7489557207890021,-0.5624356287603982,-0.35033054648192163,0.7489557207890021,CVN UMA
233,234,M,+,200.168,28.5,200.168,32.0,-0.8249330805394554,-0.3029932839836519,0.4771587602596084,-0.7960506439034641,-0.29238492733966087,0.5299192642332049,CVN COM
235,236,M,+,186.418,32.0,186.418,34.0,-0.842733252482821,-0.09479577287128654,0.5299192642332049,-0.8238418706630795,-0.09267075509735519,0.5591929034707469,CVN COM
237,238,P,+,93.168,-11.0,111.918,-11.0,-0.05424850900215873,0.9801270461294477,-0.1908089953765448,-0.36642106129134727,0.9106742189858656,-0.1908089953765448,CMA MON
241,242,M,+,93.168,-33.0,93.168,-27.25,-0.046348174360086467,0.8373888990614738,-0.5446390350150271,-0.049130520442167126,0.8876585322163877,-0.45787391511695674,CMA COL
242,237,M,+,93.168,-27.25,93.168,-11.0,-0.049130520442167126,0.8876585322163877,-0.45787391511695674,-0.05424850900215873,0.9801270461294477,-0.1908089953765448,CMA LEP
244,245,M,+,109.418,0.0,109.418,1.5,-0.3324574376246251,0.943118259905972,0.0,-0.33234351276406093,0.9427950768332063,0.026176948307873153,CMI MON
246,247,M,+,106.668,1.5,106.668,5.5,-0.286727238117529,0.9576545610494323,0.026176948307873153,-0.28550503823646545,0.9535724748887346,0.09584575252022398,CMI MON
248,249,M,+,106.418,5.5,106.418,10.0,-0.28134158880091403,0.9548091443502253,0.09584575252022398,-0.27834884074342114,0.9446524404508505,0.17364817766693033,CMI MON
249,250,M,+,106.418,10.0,106.418,12.5,-0.27834884074342114,0.9446524404508505,0.17364817766693033,-0.27594305687893544,0.9364877590650257,0.21643961393810288,CMI GEM
250,251,P,+,106.418,12.5,113.918,12.5,-0.27594305687893544,0.9364877590650257,0.21643961393810288,-0.3958185070258484,0.8924581799805262,0.21643961393810288,CMI GEM
251,252,M,+,113.918,12.5,113.918,13.5,-0.3958185070258484,0.8924581799805262,0.21643961393810288,-0.39422675844393823,0.88886923955156,0.2334453638559054,CMI GEM
252,220,P,+,113.918,13.5,118.543,13.5,-0.39422675844393823,0.88886923955156,0.2334453638559054,-0.46461601657194157,0.8541868760634321,0.2334453638559054,CMI GEM
219,218,P,+,118.543,10.0,120.29300000000002,10.0,-0.47055903899882695,0.8651129990986465,0.17364817766693033,-0.49675883070213395,0.8503393290401207,0.17364817766693033,CMI CNC
217,216,P,+,120.29300000000002,7.0,122.66800000000002,7.0,-0.5006622502708241,0.8570211049278499,0.12186934340514748,-0.5357468823844055,0.835537635988582,0.12186934340514748,CMI CNC
082,081,P,+,309.418,-15.0,321.418,-15.0,0.6133370546937807,-0.7462106667904027,-0.25881904510252074,0.7550800899285011,-0.6023842292804371,-0.25881904510252074,CAP AQR
081,080,M,+,321.418,-15.0,321.418,-9.0,0.7550800899285011,-0.6023842292804371,-0.25881904510252074,0.7720922049502393,-0.6159560740853641,-0.15643446504023087,CAP AQR
080,079,P,+,321.418,-9.0,329.418,-9.0,0.7720922049502393,-0.6159560740853641,-0.15643446504023087,0.8503027735721417,-0.5025071655241345,-0.15643446504023087,CAP AQR
253,101,M,+,301.418,-28.0,301.418,-12.033333333333333,0.4602609407688749,-0.7534960637839615,-0.4694715627858908,0.5098234482795961,-0.8346351547053109,-0.20848071880714492,CAP SGR
101,100,M,+,301.418,-12.033333333333333,301.418,-9.0,0.5098234482795961,-0.8346351547053109,-0.20848071880714492,0.5148599628170683,-0.8428804641439877,-0.15643446504023087,CAP AQL
100,083,P,+,301.418,-9.0,309.418,-9.0,0.5148599628170683,-0.8428804641439877,-0.15643446504023087,0.6271556689847929,-0.7630229518224295,-0.15643446504023087,CAP AQL
275,274,M,+,136.918,-75.0,136.918,-64.0,-0.18903545114274636,0.17678488713416377,-0.9659258262890683,-0.3201761580891841,0.2994269362105232,-0.898794046299167,CAR VOL
273,272,M,+,103.918,-64.0,103.918,-58.0,-0.10544272275203438,0.4255009924263497,-0.898794046299167,-0.12746306518751954,0.5143613453774141,-0.8480480961564261,CAR PIC
271,270,M,+,98.918,-58.0,98.918,-55.0,-0.0821484846452763,0.5235131832876284,-0.8480480961564261,-0.08891625244584522,0.5666425931644675,-0.8191520442889918,CAR PIC
269,268,M,+,93.918,-55.0,93.918,-52.5,-0.03919174318102989,0.5722359090476565,-0.8191520442889918,-0.041595888659597,0.6073386695208515,-0.7933533402912352,CAR PIC
267,266,M,+,91.418,-52.5,91.418,-50.75,-0.015064557902709571,0.6085750048629466,-0.7933533402912352,-0.015657079445725475,0.6325115719531397,-0.7743926440821856,CAR PIC
266,265,P,+,91.418,-50.75,121.418,-50.75,-0.015657079445725475,0.6325115719531397,-0.7743926440821856,-0.32981521452563933,0.539942549776185,-0.7743926440821856,CAR PUP
265,264,P,+,121.418,-50.75,123.91799999999999,-50.75,-0.32981521452563933,0.539942549776185,-0.7743926440821856,-0.3530532667561934,0.5250423065088962,-0.7743926440821856,CAR VEL
263,262,P,+,123.91799999999999,-53.0,128.16799999999998,-53.0,-0.335816296014948,0.4994083874168528,-0.7986355100472928,-0.3719032649427123,0.47314826811101324,-0.7986355100472928,CAR VEL
261,260,P,+,128.16799999999998,-54.5,133.918,-54.5,-0.3588566534275735,0.4565499151923961,-0.8141155183563192,-0.4027919237575981,0.41829964012305215,-0.8141155183563192,CAR VEL
259,258,P,+,133.918,-56.5,166.418,-56.5,-0.3828390365856457,0.39757855553530264,-0.8338858220671682,-0.536501970755794,0.1296150883597749,-0.8338858220671682,CAR VEL
258,257,P,+,166.418,-56.5,170.168,-56.5,-0.536501970755794,0.1296150883597749,-0.8338858220671682,-0.5438305112279361,0.09424866478059382,-0.8338858220671682,CAR CEN
002,278,M,+,344.418,52.5,344.418,56.25,0.5863876219855729,-0.16352380325458565,0.7933533402912352,0.535151361867357,-0.14923573201136617,0.8314696123025452,CAS LAC
278,279,M,+,344.418,56.25,344.418,59.083333333333336,0.535151361867357,-0.14923573201136617,0.8314696123025452,0.4949074783686166,-0.13801306522797624,0.8579154863278758,CAS CEP
279,280,P,+,344.418,59.083333333333336,348.918,59.083333333333336,0.4949074783686166,-0.13801306522797624,0.8579154863278758,0.504210224076242,-0.09875762378566094,0.8579154863278758,CAS CEP
280,281,M,+,348.918,59.083333333333336,348.918,63.0,0.504210224076242,-0.09875762378566094,0.8579154863278758,0.4455249834391607,-0.0872631823010085,0.8910065241883678,CAS CEP
281,282,P,+,348.918,63.0,355.168,63.0,0.4455249834391607,-0.0872631823010085,0.8910065241883678,0.4523770035708397,-0.0382416068442724,0.8910065241883678,CAS CEP
282,283,M,+,355.168,63.0,355.168,66.0,0.4523770035708397,-0.0382416068442724,0.8910065241883678,0.40529108856386203,-0.034261207674141515,0.9135454576426009,CAS CEP
283,284,P,+,355.168,66.0,6.418,66.0,0.40529108856386203,-0.034261207674141515,0.9135454576426009,0.4041875639798476,0.04546548080255472,0.9135454576426009,CAS CEP
284,285,M,+,6.418,66.0,6.418,77.0,0.4041875639798476,0.04546548080255472,0.9135454576426009,0.22354125259621768,0.02514528262180552,0.9743700647852352,CAS CEP
285,192,P,+,6.418,77.0,52.668,77.0,0.22354125259621768,0.02514528262180552,0.9743700647852352,0.1364176486944069,0.17886643613351794,0.9743700647852352,CAS CEP
286,287,M,+,37.918,57.0,37.918,58.5,0.4296608670179392,0.3346986970627353,0.838670567945424,0.41219444787920745,0.3210926459260348,0.8526401643540922,CAS PER
008,007,M,+,3.918,46.0,3.918,48.0,0.6930348579624719,0.04746511664039019,0.7193398003386512,0.6675667557706715,0.04572083721886556,0.7431448254773942,CAS AND
006,005,M,+,355.168,48.0,355.168,50.0,0.6667524956487354,-0.05636379966216294,0.7431448254773942,0.640503122795037,-0.05414481375294075,0.766044443118978,CAS AND
004,003,M,+,351.418,50.0,351.418,52.5,0.635590516192193,-0.09591979406293842,0.766044443118978,0.6019453161056355,-0.09084224714980436,0.7933533402912352,CAS AND
042,307,P,+,166.418,-35.0,185.168,-35.0,-0.7962443137620268,0.192367004614808,-0.573576436351046,-0.8158220782457722,-0.073786233875863,-0.573576436351046,CEN HYA
307,306,M,+,185.168,-35.0,185.168,-33.0,-0.8158220782457722,-0.073786233875863,-0.573576436351046,-0.8352612564114096,-0.07554439142605887,-0.5446390350150271,CEN HYA
306,305,P,+,185.168,-33.0,190.168,-33.0,-0.8352612564114096,-0.07554439142605887,-0.5446390350150271,-0.8254987076133383,-0.14805473740008585,-0.5446390350150271,CEN HYA
305,304,M,+,190.168,-33.0,190.168,-29.5,-0.8254987076133383,-0.14805473740008585,-0.5446390350150271,-0.8566862003067804,-0.15364827255442248,-0.49242356010346716,CEN HYA
304,303,P,+,190.168,-29.5,225.168,-29.5,-0.8566862003067804,-0.15364827255442248,-0.49242356010346716,-0.6136272236722079,-0.6172363144075089,-0.49242356010346716,CEN HYA
300,299,P,+,213.918,-55.0,219.418,-55.0,-0.47597496260243705,-0.32005899973719565,-0.8191520442889918,-0.44310737261174415,-0.3642056900630226,-0.8191520442889918,CEN LUP
296,295,M,+,193.918,-64.0,193.918,-55.0,-0.4255009924263497,-0.10544272275203435,-0.898794046299167,-0.5567367849991447,-0.1379640553404464,-0.8191520442889918,CEN CRU
277,257,M,+,170.168,-64.0,170.168,-56.5,-0.43193265030262923,0.07485618170677359,-0.898794046299167,-0.5438305112279361,0.09424866478059382,-0.8338858220671682,CEN CAR
258,041,M,+,166.418,-56.5,166.418,-39.75,-0.536501970755794,0.1296150883597749,-0.8338858220671682,-0.7473410354511618,0.18055231783851164,-0.6394390019805848,CEN VEL
041,042,M,+,166.418,-39.75,166.418,-35.0,-0.7473410354511618,0.18055231783851164,-0.6394390019805848,-0.7962443137620268,0.192367004614808,-0.573576436351046,CEN ANT
308,309,M,+,301.418,59.5,301.418,61.5,0.26456845944412904,-0.43312667909537944,0.8616291604415257,0.24873224828904064,-0.40720111880195703,0.8788171126619654,CEP DRA
309,310,P,+,301.418,61.5,307.668,61.5,0.24873224828904064,-0.40720111880195703,0.8788171126619654,0.29158458117220126,-0.37770215053017425,0.8788171126619654,CEP DRA
310,311,M,+,307.668,61.5,307.668,67.0,0.29158458117220126,-0.37770215053017425,0.8788171126619654,0.23876994816043984,-0.30928906645072696,0.9205048534524404,CEP DRA
311,312,P,+,307.668,67.0,311.418,67.0,0.23876994816043984,-0.30928906645072696,0.9205048534524404,0.25848719615566074,-0.2930105530421836,0.9205048534524404,CEP DRA
312,313,M,+,311.418,67.0,311.418,75.0,0.25848719615566074,-0.2930105530421836,0.9205048534524404,0.17122108888253743,-0.19408924964989402,0.9659258262890683,CEP DRA
314,315,M,+,303.918,75.0,303.918,80.0,0.14442253802377256,-0.21477762597289468,0.9659258262890683,0.09689669680964609,-0.14409968686442504,0.984807753012208,CEP DRA
315,316,P,+,303.918,80.0,316.418,80.0,0.09689669680964609,-0.14409968686442504,0.984807753012208,0.1257887387919059,-0.11971166526361371,0.984807753012208,CEP DRA
316,317,M,+,316.418,80.0,316.418,86.0,0.1257887387919059,-0.11971166526361371,0.984807753012208,0.050530785711293096,-0.048089555254901356,0.9975640502598242,CEP DRA
317,318,M,+,316.418,86.0,316.418,86.16666666666667,0.050530785711293096,-0.048089555254901356,0.9975640502598242,0.04842854716599412,-0.04608887952306636,0.9977627428420542,CEP UMI
318,319,P,+,316.418,86.16666666666667,346.418,86.16666666666667,0.04842854716599412,-0.04608887952306636,0.9977627428420542,0.06498479187565696,-0.015699866915938814,0.9977627428420542,CEP UMI
319,320,M,+,346.418,86.16666666666667,346.418,88.0,0.06498479187565696,-0.015699866915938814,0.9977627428420542,0.03392352615886223,-0.008195684415402643,0.9993908270190958,CEP UMI
320,321,P,+,346.418,88.0,121.418,88.0,0.03392352615886223,-0.008195684415402643,0.9993908270190958,-0.018192331362094607,0.029782779415286828,0.9993908270190958,CEP UMI
326,327,M,+,330.918,52.75,330.918,54.833333333333336,0.5289815283319019,-0.2942097120159644,0.796002002534622,0.5033430473619664,-0.2799500645638539,0.8174801147569666,CEP CYG
328,329,M,+,310.418,54.833333333333336,310.418,60.916666666666664,0.3734268551211669,-0.43849589034704967,0.8174801147569666,0.3151551692641513,-0.3700704559641777,0.8739136552935591,CEP CYG
332,333,M,+,6.418,0.0,6.418,2.0,0.9937328511228394,0.1117811280998395,0.0,0.9931274959196984,0.11171303405682609,0.03489949670250097,CET PSC
333,334,P,+,6.418,2.0,31.418,2.0,0.9931274959196984,0.11171303405682609,0.03489949670250097,0.8528672148053562,0.5209602086916685,0.03489949670250097,CET PSC
334,118,M,+,31.418,2.0,31.418,9.916666666666666,0.8528672148053562,0.5209602086916685,0.03489949670250097,0.8406368512663962,0.513489488008513,0.17221564968862135,CET PSC
118,129,P,+,31.418,9.916666666666666,50.668,9.916666666666666,0.8406368512663962,0.513489488008513,0.17221564968862135,0.6243433407809816,0.7619298936416453,0.17221564968862135,CET ARI
076,075,M,+,358.918,-25.5,358.918,-7.0,0.9024243478310449,-0.0170438248827001,-0.43051109680829514,0.9923691745454409,-0.018742586534365984,-0.12186934340514748,CET AQR
075,341,P,+,358.918,-7.0,6.418,-7.0,0.9923691745454409,-0.018742586534365984,-0.12186934340514748,0.9863257171415329,0.11094792852162134,-0.12186934340514748,CET PSC
341,332,M,+,6.418,-7.0,6.418,0.0,0.9863257171415329,0.11094792852162134,-0.12186934340514748,0.9937328511228394,0.1117811280998395,0.0,CET PSC
342,343,M,+,116.418,-82.5,116.418,-75.0,-0.05807326356927481,0.11689560690581759,-0.9914448613738104,-0.11515287749792871,0.23179109756789126,-0.9659258262890683,CHA MEN
343,275,P,+,116.418,-75.0,136.918,-75.0,-0.11515287749792871,0.23179109756789126,-0.9659258262890683,-0.18903545114274636,0.17678488713416377,-0.9659258262890683,CHA VOL
275,276,P,+,136.918,-75.0,170.168,-75.0,-0.18903545114274636,0.17678488713416377,-0.9659258262890683,-0.2550176874522184,0.04419589567259962,-0.9659258262890683,CHA CAR
276,060,P,+,170.168,-75.0,206.418,-75.0,-0.2550176874522184,0.04419589567259962,-0.9659258262890683,-0.23179109756789126,-0.1151528774979287,-0.9659258262890683,CHA MUS
297,298,P,+,203.918,-64.0,219.418,-64.0,-0.40072673960172783,-0.17772828279522623,-0.898794046299167,-0.3386566720178534,-0.27835394884025444,-0.898794046299167,CIR CEN
298,299,M,+,219.418,-64.0,219.418,-55.0,-0.3386566720178534,-0.27835394884025444,-0.898794046299167,-0.44310737261174415,-0.3642056900630226,-0.8191520442889918,CIR CEN
299,354,P,+,219.418,-55.0,227.168,-55.0,-0.44310737261174415,-0.3642056900630226,-0.8191520442889918,-0.38994650828569766,-0.42063243932554456,-0.8191520442889918,CIR LUP
354,353,P,+,227.168,-55.0,231.418,-55.0,-0.38994650828569766,-0.42063243932554456,-0.8191520442889918,-0.35770179256118645,-0.44837412496226803,-0.8191520442889918,CIR NOR
059,345,M,+,206.418,-70.0,206.418,-65.0,-0.30630367398342645,-0.1521704233573852,-0.9396926207859083,-0.37848509448873247,-0.18802986041207814,-0.9063077870366499,CIR MUS
344,297,M,+,203.918,-65.0,203.918,-64.0,-0.38632660786177403,-0.17134160970046183,-0.9063077870366499,-0.40072673960172783,-0.17772828279522623,-0.898794046299167,CIR MUS
177,178,M,+,76.418,-43.0,76.418,-27.25,0.1717487270834398,0.7109012671372029,-0.6819983600624985,0.20877389704529148,0.8641556212673687,-0.45787391511695674,COL CAE
178,242,P,+,76.418,-27.25,93.168,-27.25,0.20877389704529148,0.8641556212673687,-0.45787391511695674,-0.049130520442167126,0.8876585322163877,-0.45787391511695674,COL LEP
241,240,P,+,93.168,-33.0,100.168,-33.0,-0.046348174360086467,0.8373888990614738,-0.5446390350150271,-0.1480547374000859,0.8254987076133383,-0.5446390350150271,COL CMA
357,358,M,+,179.418,14.0,179.418,29.0,-0.9702456685527298,0.009855916199411665,0.24192189559966773,-0.8745745853583985,0.00888407349067091,0.48480962024633706,COM LEO
358,359,P,+,179.418,29.0,181.418,29.0,-0.8745745853583985,0.00888407349067091,0.48480962024633706,-0.8743518678447051,-0.0216435513046666,0.48480962024633706,COM UMA
359,227,M,+,181.418,29.0,181.418,34.0,-0.8743518678447051,-0.0216435513046666,0.48480962024633706,-0.8287836921120416,-0.020515564751883097,0.5591929034707469,COM UMA
227,236,P,+,181.418,34.0,186.418,34.0,-0.8287836921120416,-0.020515564751883097,0.5591929034707469,-0.8238418706630795,-0.09267075509735519,0.5591929034707469,COM CVN
235,234,P,+,186.418,32.0,200.168,32.0,-0.842733252482821,-0.09479577287128654,0.5299192642332049,-0.7960506439034641,-0.29238492733966087,0.5299192642332049,COM CVN
233,154,P,+,200.168,28.5,203.918,28.5,-0.8249330805394554,-0.3029932839836519,0.4771587602596084,-0.803350126582757,-0.35629775697719723,0.4771587602596084,COM CVN
362,363,P,+,268.918,-37.0,288.918,-37.0,-0.015080905942485625,-0.7984931084138757,-0.6018150231520483,0.25892931135535274,-0.755496055336851,-0.6018150231520483,CRA SGR
107,362,M,+,268.918,-45.5,268.918,-37.0,-0.01323550800852432,-0.7007842878583356,-0.7132504491541816,-0.015080905942485625,-0.7984931084138757,-0.6018150231520483,CRA SCO
169,168,M,+,229.168,26.0,229.168,33.0,-0.587670454336313,-0.6800545380798372,0.4383711467890774,-0.5483591215722518,-0.6345633107314105,0.5446390350150271,CRB BOO
168,167,P,+,229.168,33.0,232.918,33.0,-0.5483591215722518,-0.6345633107314105,0.5446390350150271,-0.5056826163836798,-0.6690690644658863,0.5446390350150271,CRB BOO
167,166,M,+,232.918,33.0,232.918,40.0,-0.5056826163836798,-0.6690690644658863,0.5446390350150271,-0.46189215774147924,-0.6111298744541831,0.6427876096865393,CRB BOO
166,165,P,+,232.918,40.0,237.668,40.0,-0.46189215774147924,-0.6111298744541831,0.6427876096865393,-0.40969922081870297,-0.6472794120733432,0.6427876096865393,CRB BOO
165,365,P,+,237.668,40.0,246.41799999999998,40.0,-0.40969922081870297,-0.6472794120733432,0.6427876096865393,-0.30646460475022297,-0.7020708902018049,0.6427876096865393,CRB HER
372,371,M,+,178.918,-24.5,178.918,-11.0,-0.9097990191738716,0.0171831081447666,-0.414693242656239,-0.9814521532711052,0.018536399944555772,-0.1908089953765448,CRV CRT
371,370,P,+,178.918,-11.0,193.918,-11.0,-0.9814521532711052,0.018536399944555772,-0.1908089953765448,-0.9528075554448662,-0.23611372169057035,-0.1908089953765448,CRV VIR
376,382,P,+,162.668,-6.0,174.168,-6.0,-0.9493651962329934,0.29627609513491415,-0.10452846326765347,-0.9893743626001528,0.10105528683074468,-0.10452846326765347,CRT LEO
382,381,P,+,174.168,-6.0,178.918,-6.0,-0.9893743626001528,0.10105528683074468,-0.10452846326765347,-0.9943445659851092,0.018779895175087952,-0.10452846326765347,CRT VIR
380,379,M,+,163.918,-24.5,163.918,-19.0,-0.8743510537105841,0.25207092131073966,-0.414693242656239,-0.9085168669671391,0.2619207499217557,-0.3255681544571567,CRT HYA
378,377,M,+,162.668,-19.0,162.668,-11.0,-0.9025868935076459,0.28167761088091214,-0.3255681544571567,-0.9370559743145116,0.2924346564360577,-0.1908089953765448,CRT HYA
377,376,M,+,162.668,-11.0,162.668,-6.0,-0.9370559743145116,0.2924346564360577,-0.1908089953765448,-0.9493651962329934,0.29627609513491415,-0.10452846326765347,CRT SEX
294,295,P,+,178.918,-55.0,193.918,-55.0,-0.5734741641375039,0.010831038914014426,-0.8191520442889918,-0.5567367849991447,-0.1379640553404464,-0.8191520442889918,CRU CEN
293,294,M,+,178.918,-64.0,178.918,-55.0,-0.4382929825119318,0.008277911449534688,-0.898794046299167,-0.5734741641375039,0.010831038914014426,-0.8191520442889918,CRU CEN
383,384,M,+,290.293,27.5,290.293,30.0,0.30763404115069165,-0.831955236115993,0.4617486132350339,0.300355852194915,-0.812272344754065,0.49999999999999994,CYG LYR
384,385,P,+,290.293,30.0,291.793,30.0,0.300355852194915,-0.812272344754065,0.49999999999999994,0.3215157389264648,-0.8041315996915986,0.49999999999999994,CYG LYR
385,386,M,+,291.793,30.0,291.793,36.5,0.3215157389264648,-0.8041315996915986,0.49999999999999994,0.29843539393075813,-0.7464061682561054,0.5948227867513413,CYG LYR
386,387,P,+,291.793,36.5,292.418,36.5,0.29843539393075813,-0.7464061682561054,0.5948227867513413,0.30655950529220044,-0.7431064002391378,0.5948227867513413,CYG LYR
387,388,M,+,292.418,36.5,292.418,43.5,0.30655950529220044,-0.7431064002391378,0.5948227867513413,0.2766293593096009,-0.670555125019138,0.6883545756937539,CYG LYR
389,390,M,+,288.918,43.5,288.918,47.5,0.23517697873202714,-0.6861922229200413,0.6883545756937539,0.2190362249306744,-0.639097223272242,0.7372773368101241,CYG LYR
391,392,M,+,287.668,47.5,287.668,55.5,0.2050422677890305,-0.6437233855050649,0.7372773368101241,0.17190482928815404,-0.5396894985959616,0.8241261886220157,CYG DRA
392,393,P,+,287.668,55.5,292.668,55.5,0.17190482928815404,-0.5396894985959616,0.8241261886220157,0.2182877186164679,-0.5226533240385711,0.8241261886220157,CYG DRA
393,394,M,+,292.668,55.5,292.668,58.0,0.2182877186164679,-0.5226533240385711,0.8241261886220157,0.2042259772216008,-0.48898484315297897,0.8480480961564261,CYG DRA
394,395,P,+,292.668,58.0,297.918,58.0,0.2042259772216008,-0.48898484315297897,0.8480480961564261,0.24811213910638844,-0.4682465088321678,0.8480480961564261,CYG DRA
395,396,M,+,297.918,58.0,297.918,59.5,0.24811213910638844,-0.4682465088321678,0.8480480961564261,0.23763323474369422,-0.4484703285860502,0.8616291604415257,CYG DRA
396,308,P,+,297.918,59.5,301.418,59.5,0.23763323474369422,-0.4484703285860502,0.8616291604415257,0.26456845944412904,-0.43312667909537944,0.8616291604415257,CYG DRA
308,331,P,+,301.418,59.5,309.468,59.5,0.26456845944412904,-0.43312667909537944,0.8616291604415257,0.3226153213561975,-0.3918093213580669,0.8616291604415257,CYG CEP
331,330,M,+,309.468,59.5,309.468,60.916666666666664,0.3226153213561975,-0.3918093213580669,0.8616291604415257,0.3089761300848491,-0.37524481892391354,0.8739136552935591,CYG CEP
330,329,P,+,309.468,60.916666666666664,310.418,60.916666666666664,0.3089761300848491,-0.37524481892391354,0.8739136552935591,0.3151551692641513,-0.3700704559641777,0.8739136552935591,CYG CEP
328,327,P,+,310.418,54.833333333333336,330.918,54.833333333333336,0.3734268551211669,-0.43849589034704967,0.8174801147569666,0.5033430473619664,-0.2799500645638539,0.8174801147569666,CYG CEP
405,406,M,+,315.168,28.0,315.168,29.0,0.6261661991453878,-0.6225048937825244,0.4694715627858908,0.6202602534357095,-0.6166334811899786,0.48480962024633706,CYG VUL
099,098,M,+,305.918,2.0,305.918,8.5,0.5862694526795064,-0.8093640429280166,0.03489949670250097,0.5801832208466542,-0.8009618019790458,0.14780941112961063,DEL AQL
097,096,M,+,303.543,8.5,303.543,15.75,0.5464932304104735,-0.8243163998714588,0.14780941112961063,0.5318168199113671,-0.802178877954541,0.27144044986507426,DEL AQL
096,409,P,+,303.543,15.75,305.168,15.75,0.5318168199113671,-0.802178877954541,0.27144044986507426,0.5543509695199499,-0.7867751170247681,0.27144044986507426,DEL SGE
409,410,M,+,305.168,15.75,305.168,20.5,0.5543509695199499,-0.7867751170247681,0.27144044986507426,0.5395005570809531,-0.7656983342157191,0.35020738125946743,DEL SGE
410,411,P,+,305.168,20.5,309.918,20.5,0.5395005570809531,-0.7656983342157191,0.35020738125946743,0.6010537503166862,-0.718393471115678,0.35020738125946743,DEL VUL
412,413,P,+,309.918,19.5,317.168,19.5,0.6048841952697447,-0.7229717083270678,0.3338068592337709,0.6912863999958638,-0.6408557512492526,0.3338068592337709,DEL VUL
418,437,M,+,58.918,-53.166666666666664,58.918,-51.0,0.3094949458914612,0.5134202486558417,-0.8003827376560636,0.32489565062169257,0.5389684320980473,-0.7771459614569709,DOR HOR
437,436,P,+,58.918,-51.0,62.66799999999999,-51.0,0.32489565062169257,0.5389684320980473,-0.7771459614569709,0.2889498020787916,0.5590636515368779,-0.7771459614569709,DOR HOR
436,435,M,+,62.66799999999999,-51.0,62.66799999999999,-49.0,0.2889498020787916,0.5590636515368779,-0.7771459614569709,0.3012267348632581,0.5828172129609658,-0.754709580222772,DOR HOR
435,172,P,+,62.66799999999999,-49.0,65.418,-49.0,0.3012267348632581,0.5828172129609658,-0.754709580222772,0.2729173589364025,0.5965983277810507,-0.754709580222772,DOR HOR
172,173,P,+,65.418,-49.0,68.918,-49.0,0.2729173589364025,0.5965983277810507,-0.754709580222772,0.23598685644784345,0.6121467578153398,-0.754709580222772,DOR CAE
434,433,P,+,68.918,-54.0,76.418,-54.0,0.21142852674147153,0.5484427781386653,-0.8090169943749475,0.13803357890464063,0.571347734665416,-0.8090169943749475,DOR PIC
432,431,P,+,76.418,-57.5,83.918,-57.5,0.12617769431083012,0.5222739306035226,-0.8433914458128856,0.05692779918699069,0.5342752987078628,-0.8433914458128856,DOR PIC
430,429,P,+,83.918,-61.0,91.418,-61.0,0.05136639646960175,0.482080762110588,-0.8746197071393957,-0.011997216393759008,0.4846611545009553,-0.8746197071393957,DOR PIC
428,427,P,+,91.418,-64.0,100.168,-64.0,-0.01084803867162657,0.43823690213644695,-0.898794046299167,-0.07738786539347699,0.43148624616204395,-0.898794046299167,DOR PIC
425,424,M,+,70.168,-70.0,70.168,-67.5,0.11603490107658057,0.3217354195183664,-0.9396926207859083,0.1298304649145994,0.3599870272479069,-0.9238795325112867,DOR HYI
424,423,M,+,70.168,-67.5,70.168,-59.0,0.1298304649145994,0.3599870272479069,-0.9238795325112867,0.17473354490690146,0.4844919059089867,-0.8571673007021123,DOR RET
422,421,M,+,66.418,-59.0,66.418,-56.5,0.2060467137075886,0.4720264509297732,-0.8571673007021123,0.22080853346052906,0.5058438764148218,-0.8338858220671682,DOR RET
420,419,M,+,61.418,-56.5,61.418,-53.166666666666664,0.2640554890900813,0.4846742560078481,-0.8338858220671682,0.28680529857411136,0.5264315662761871,-0.8003827376560636,DOR RET
209,208,M,+,138.918,73.5,138.918,82.0,-0.2140822110560956,0.18663741033517747,0.958819734868193,-0.104904491002498,0.09145599924743805,0.9902680687415704,DRA CAM
208,207,P,+,138.918,82.0,161.418,82.0,-0.104904491002498,0.09145599924743805,0.9902680687415704,-0.13191780780811102,0.044349115142727054,0.9902680687415704,DRA CAM
206,205,P,+,161.418,80.0,173.918,80.0,-0.16459564937241639,0.055334996292747685,0.984807753012208,-0.17267076050647132,0.01839831712854878,0.984807753012208,DRA CAM
204,203,P,+,173.918,77.0,196.418,77.0,-0.2236848675993038,0.02383394338959433,0.9743700647852352,-0.21577872617061908,-0.06358080042435336,0.9743700647852352,DRA CAM
438,439,P,+,196.418,70.0,211.418,70.0,-0.3280743496258174,-0.09666953790159533,0.9396926207859083,-0.29187556975637347,-0.1782874931673655,0.9396926207859083,DRA UMI
440,441,P,+,211.418,66.0,236.418,66.0,-0.34710379419232923,-0.21202276499909162,0.9135454576426009,-0.22497817919310167,-0.3388502850928822,0.9135454576426009,DRA UMI
441,442,M,+,236.418,66.0,236.418,70.0,-0.22497817919310167,-0.3388502850928822,0.9135454576426009,-0.18918155126346126,-0.28493528932384177,0.9396926207859083,DRA UMI
442,443,P,+,236.418,70.0,249.41800000000003,70.0,-0.18918155126346126,-0.28493528932384177,0.9396926207859083,-0.1202363466075776,-0.320189005737195,0.9396926207859083,DRA UMI
443,444,M,+,249.41800000000003,70.0,249.41800000000003,75.0,-0.1202363466075776,-0.320189005737195,0.9396926207859083,-0.09098720359858234,-0.2422986316285975,0.9659258262890683,DRA UMI
444,445,P,+,249.41800000000003,75.0,263.918,75.0,-0.09098720359858234,-0.2422986316285975,0.9659258262890683,-0.027422314099016278,-0.25736222488398636,0.9659258262890683,DRA UMI
445,446,M,+,263.918,75.0,263.918,80.0,-0.027422314099016278,-0.25736222488398636,0.9659258262890683,-0.01839831712854879,-0.17267076050647132,0.984807753012208,DRA UMI
446,447,P,+,263.918,80.0,271.418,80.0,-0.01839831712854879,-0.17267076050647132,0.984807753012208,0.004297139901624684,-0.1735950004916953,0.984807753012208,DRA UMI
447,448,M,+,271.418,80.0,271.418,86.0,0.004297139901624684,-0.1735950004916953,0.984807753012208,0.0017262106101537296,-0.06973511186012557,0.9975640502598242,DRA UMI
448,317,P,+,271.418,86.0,316.418,86.0,0.0017262106101537296,-0.06973511186012557,0.9975640502598242,0.050530785711293096,-0.048089555254901356,0.9975640502598242,DRA UMI
314,313,P,+,303.918,75.0,311.418,75.0,0.14442253802377256,-0.21477762597289468,0.9659258262890683,0.17122108888253743,-0.19408924964989402,0.9659258262890683,DRA CEP
449,450,M,+,274.918,47.5,274.918,50.5,0.05791830122335647,-0.6731029631561366,0.7372773368101241,0.05453094131379481,-0.6337364426566923,0.77162458338772,DRA HER
451,452,M,+,256.418,50.5,256.418,51.5,-0.1493745426000347,-0.6182901813345882,0.77162458338772,-0.14618931468674573,-0.60510590568882,0.7826081568524139,DRA HER
164,163,M,+,237.668,51.5,237.668,53.0,-0.3329359854635205,-0.5260019984862243,0.7826081568524139,-0.32186532815053526,-0.5085115855376835,0.7986355100472928,DRA BOO
162,161,M,+,230.168,53.0,230.168,55.5,-0.3854858066092583,-0.4621493427392384,0.7986355100472928,-0.36280510906142655,-0.4349580187400576,0.8241261886220157,DRA BOO
160,453,M,+,217.668,55.5,217.668,63.0,-0.44834732499476293,-0.34612237922068884,0.8241261886220157,-0.3593629675343312,-0.2774268037134888,0.8910065241883678,DRA UMA
454,455,M,+,203.918,63.0,203.918,64.0,-0.4150048060948717,-0.18406081813335864,0.8910065241883678,-0.40072673960172783,-0.17772828279522623,0.898794046299167,DRA UMA
456,457,M,+,181.418,64.0,181.418,66.5,-0.43823690213644695,-0.01084803867162664,0.898794046299167,-0.3986269579454596,-0.009867541127330341,0.917060074385124,DRA UMA
458,459,M,+,171.418,66.5,171.418,73.5,-0.3942843992791744,0.0595032138107795,0.917060074385124,-0.2808353129813761,0.04238210719089598,0.958819734868193,DRA UMA
063,417,M,+,313.918,2.0,313.918,6.0,0.6932056223269792,-0.7198944299716297,0.03489949670250097,0.6898283942157877,-0.7163871766723429,0.10452846326765347,EQU DEL
417,416,P,+,313.918,6.0,314.543,6.0,0.6898283942157877,-0.7163871766723429,0.10452846326765347,0.6976017697439785,-0.7088198439779828,0.10452846326765347,EQU DEL
416,415,M,+,314.543,6.0,314.543,11.833333333333334,0.6976017697439785,-0.7088198439779828,0.10452846326765347,0.6865374367334208,-0.6975775863771425,0.20506549916488748,EQU DEL
415,414,P,+,314.543,11.833333333333334,317.168,11.833333333333334,0.6865374367334208,-0.6975775863771425,0.20506549916488748,0.7177653032596016,-0.665402968500222,0.20506549916488748,EQU DEL
414,460,P,+,317.168,11.833333333333334,318.168,11.833333333333334,0.7177653032596016,-0.665402968500222,0.20506549916488748,0.7292688671781822,-0.6527748926061007,0.20506549916488748,EQU PEG
460,461,M,+,318.168,11.833333333333334,318.168,12.5,0.7292688671781822,-0.6527748926061007,0.20506549916488748,0.727441690538634,-0.6511393709372975,0.21643961393810288,EQU PEG
461,462,P,+,318.168,12.5,321.418,12.5,0.727441690538634,-0.6511393709372975,0.21643961393810288,0.7631866306806282,-0.6088514270892986,0.21643961393810288,EQU PEG
463,464,P,+,55.168,0.0,70.668,0.0,0.5711720948849377,0.8208303344935247,0.0,0.331041459028269,0.9436162103336477,0.0,ERI TAU
464,465,P,+,70.668,0.0,71.418,0.0,0.331041459028269,0.9436162103336477,0.0,0.3186615433355378,0.9478685672597299,0.0,ERI ORI
466,467,P,+,71.418,-4.0,77.668,-4.0,0.3178852998318456,0.9455596070695927,-0.0697564737441253,0.21305577771763035,0.9745466997286075,-0.0697564737441253,ERI ORI
484,485,M,+,21.418,-58.5,21.418,-53.5,0.4864154097442603,0.1908004174354711,-0.8526401643540922,0.5537450034913844,0.2172110005201357,-0.8038568606172173,ERI PHE
485,486,P,+,21.418,-53.5,25.168000000000003,-53.5,0.5537450034913844,0.2172110005201357,-0.8038568606172173,0.5383531137954425,0.25296259111849545,-0.8038568606172173,ERI PHE
486,487,M,+,25.168000000000003,-53.5,25.168000000000003,-51.5,0.5383531137954425,0.25296259111849545,-0.8038568606172173,0.5634160299195113,0.2647392114096507,-0.7826081568524139,ERI PHE
487,488,P,+,25.168000000000003,-51.5,28.918000000000003,-51.5,0.5634160299195113,0.2647392114096507,-0.7826081568524139,0.5448949400947409,0.301021555851431,-0.7826081568524139,ERI PHE
488,489,M,+,28.918000000000003,-51.5,28.918000000000003,-48.166666666666664,0.5448949400947409,0.301021555851431,-0.7826081568524139,0.5838038316074304,0.3225163692508138,-0.7450881006738437,ERI PHE
489,490,P,+,28.918000000000003,-48.166666666666664,36.418,-48.166666666666664,0.5838038316074304,0.3225163692508138,-0.7450881006738437,0.5367124752905834,0.39595888814585173,-0.7450881006738437,ERI PHE
490,491,M,+,36.418,-48.166666666666664,36.418,-40.0,0.5367124752905834,0.39595888814585173,-0.7450881006738437,0.6164415781753524,0.45477892379720725,-0.6427876096865393,ERI PHE
491,492,P,+,36.418,-40.0,46.418,-40.0,0.6164415781753524,0.45477892379720725,-0.6427876096865393,0.5281049141074553,0.5549137667503145,-0.6427876096865393,ERI FOR
492,493,M,+,46.418,-40.0,46.418,-39.583333333333336,0.5281049141074553,0.5549137667503145,-0.6427876096865393,0.5313134728455124,0.5582852055830396,-0.6371998295667883,ERI FOR
493,494,P,+,46.418,-39.583333333333336,53.918,-39.583333333333336,0.5313134728455124,0.5582852055830396,-0.6371998295667883,0.45389717037381405,0.6228593227420623,-0.6371998295667883,ERI FOR
494,495,M,+,53.918,-39.583333333333336,53.918,-36.0,0.45389717037381405,0.6228593227420623,-0.6371998295667883,0.4764644837452723,0.6538272653513502,-0.5877852522924731,ERI FOR
495,496,P,+,53.918,-36.0,57.668,-36.0,0.4764644837452723,0.6538272653513502,-0.5877852522924731,0.43268198758152904,0.6835896391915045,-0.5877852522924731,ERI FOR
496,497,M,+,57.668,-36.0,57.668,-24.383333333333333,0.43268198758152904,0.6835896391915045,-0.5877852522924731,0.48712004404149595,0.7695957416913076,-0.41283950521191287,ERI FOR
338,337,M,+,41.168,-24.383333333333333,41.168,-1.75,0.6856373113359775,0.5995540177835145,-0.41283950521191287,0.7524315683846383,0.6579621068945892,-0.03053851320982266,ERI CET
337,336,P,+,41.168,-1.75,50.668,-1.75,0.7524315683846383,0.6579621068945892,-0.03053851320982266,0.6335173515498461,0.7731255813231134,-0.03053851320982266,ERI CET
336,498,P,+,50.668,-1.75,55.168,-1.75,0.6335173515498461,0.7731255813231134,-0.03053851320982266,0.5709056949860695,0.8204474917040129,-0.03053851320982266,ERI TAU
498,463,M,+,55.168,-1.75,55.168,0.0,0.5709056949860695,0.8204474917040129,-0.03053851320982266,0.5711720948849377,0.8208303344935247,0.0,ERI TAU
339,338,P,+,26.417999999999996,-24.383333333333333,41.168,-24.383333333333333,0.8156903984774662,0.405231682828546,-0.41283950521191287,0.6856373113359775,0.5995540177835145,-0.41283950521191287,FOR CET
338,497,P,+,41.168,-24.383333333333333,57.668,-24.383333333333333,0.6856373113359775,0.5995540177835145,-0.41283950521191287,0.48712004404149595,0.7695957416913076,-0.41283950521191287,FOR ERI
499,340,M,+,26.417999999999996,-40.0,26.417999999999996,-25.5,0.6860479768248811,0.3408258533737613,-0.6427876096865393,0.8083301351537359,0.40157513385076754,-0.43051109680829514,FOR SCL
340,339,M,+,26.417999999999996,-25.5,26.417999999999996,-24.383333333333333,0.8083301351537359,0.40157513385076754,-0.43051109680829514,0.8156903984774662,0.405231682828546,-0.41283950521191287,FOR CET
500,501,M,+,96.043,12.0,96.043,17.5,-0.10297430679770063,0.972712198422963,0.20791169081775934,-0.1004023746629237,0.9484173054655539,0.3007057995042731,GEM ORI
502,503,M,+,94.668,17.5,94.668,21.5,-0.07761526752576627,0.9505534663507359,0.3007057995042731,-0.07571912022004283,0.927331367765961,0.3665012267242973,GEM ORI
504,505,M,+,89.668,21.5,89.668,22.833333333333332,0.005391268023465848,0.9304019481055941,0.3665012267242973,0.005340392543762427,0.9216220756858141,0.38805183908345287,GEM ORI
505,146,M,+,89.668,22.833333333333332,89.668,28.0,0.005340392543762427,0.9216220756858141,0.38805183908345287,0.0051162051186338315,0.8829327699097805,0.4694715627858908,GEM TAU
146,145,P,+,89.668,28.0,99.418,28.0,0.0051162051186338315,0.8829327699097805,0.4694715627858908,-0.1444819195622127,0.8710461679239464,0.4694715627858908,GEM AUR
145,144,M,+,99.418,28.0,99.418,35.5,-0.1444819195622127,0.8710461679239464,0.4694715627858908,-0.13321852144887195,0.8031418945438937,0.5807029557109398,GEM AUR
144,143,P,+,99.418,35.5,111.918,35.5,-0.13321852144887195,0.8031418945438937,0.5807029557109398,-0.30389243215755174,0.7552704594421432,0.5807029557109398,GEM AUR
143,506,P,+,111.918,35.5,117.668,35.5,-0.30389243215755174,0.7552704594421432,0.5807029557109398,-0.37803248625583574,0.72102393619339,0.5807029557109398,GEM LYN
507,225,P,+,117.668,33.5,121.418,33.5,-0.3872127768869917,0.7385335670503418,0.5519369853120581,-0.43468613093527514,0.7116273827061166,0.5519369853120581,GEM LYN
508,509,M,+,105.418,10.0,105.418,12.0,-0.26181998853404304,0.9493664224086439,0.17364817766693033,-0.2600493272168137,0.9429459561583491,0.20791169081775934,GEM MON
510,518,P,+,321.418,-37.0,346.418,-37.0,0.6243065009073864,-0.4980562928357347,-0.6018150231520483,0.7763015279972225,-0.18754896837273483,-0.6018150231520483,GRU PSA
518,517,P,+,346.418,-37.0,351.418,-37.0,0.7763015279972225,-0.18754896837273483,-0.6018150231520483,0.7896934359514366,-0.11917615165675509,-0.6018150231520483,GRU SCL
514,513,M,+,331.418,-57.0,331.418,-50.0,0.47826568270197345,-0.2605640328435894,-0.838670567945424,0.5644532161941355,-0.3075198821127366,-0.766044443118978,GRU IND
512,511,M,+,321.418,-50.0,321.418,-45.5,0.5024776363954347,-0.4008642364803726,-0.766044443118978,0.5479122888270997,-0.4371108789925128,-0.7132504491541816,GRU IND
511,510,M,+,321.418,-45.5,321.418,-37.0,0.5479122888270997,-0.4371108789925128,-0.7132504491541816,0.6243065009073864,-0.4980562928357347,-0.6018150231520483,GRU MIC
520,521,M,+,242.66799999999998,4.0,242.66799999999998,16.0,-0.4580273243691336,-0.8861969332501877,0.0697564737441253,-0.4413592515633338,-0.8539473397919024,0.27563735581699916,HER SER1
522,523,M,+,240.168,16.0,240.168,22.0,-0.47818783515702956,-0.8338827509824427,0.27563735581699916,-0.46123552210728236,-0.8043206408614342,0.374606593415912,HER SER1
523,524,P,+,240.168,22.0,241.91800000000003,22.0,-0.46123552210728236,-0.8043206408614342,0.374606593415912,-0.4364576411174574,-0.8180309454290285,0.374606593415912,HER SER1
524,369,M,+,241.91800000000003,22.0,241.91800000000003,26.0,-0.4364576411174574,-0.8180309454290285,0.374606593415912,-0.423093572397719,-0.7929833331530779,0.4383711467890774,HER SER1
369,368,P,+,241.91800000000003,26.0,243.91800000000003,26.0,-0.423093572397719,-0.7929833331530779,0.4383711467890774,-0.3951611160045063,-0.807266021866957,0.4383711467890774,HER CRB
368,367,M,+,243.91800000000003,26.0,243.91800000000003,27.0,-0.3951611160045063,-0.807266021866957,0.4383711467890774,-0.3917372772053017,-0.8002715362887857,0.45399049973954675,HER CRB
367,366,P,+,243.91800000000003,27.0,246.41799999999998,27.0,-0.3917372772053017,-0.8002715362887857,0.45399049973954675,-0.35645707598044357,-0.8165971951517522,0.45399049973954675,HER CRB
366,365,M,+,246.41799999999998,27.0,246.41799999999998,40.0,-0.35645707598044357,-0.8165971951517522,0.45399049973954675,-0.30646460475022297,-0.7020708902018049,0.6427876096865393,HER CRB
165,164,M,+,237.668,40.0,237.668,51.5,-0.40969922081870297,-0.6472794120733432,0.6427876096865393,-0.3329359854635205,-0.5260019984862243,0.7826081568524139,HER BOO
164,452,P,+,237.668,51.5,256.418,51.5,-0.3329359854635205,-0.5260019984862243,0.7826081568524139,-0.14618931468674573,-0.60510590568882,0.7826081568524139,HER DRA
451,450,P,+,256.418,50.5,274.918,50.5,-0.1493745426000347,-0.6182901813345882,0.77162458338772,0.05453094131379481,-0.6337364426566923,0.77162458338772,HER DRA
526,527,P,+,274.043,30.0,276.918,30.0,0.06105922280651753,-0.8638702282809984,0.49999999999999994,0.10431164861781798,-0.8597203498595535,0.49999999999999994,HER LYR
528,529,P,+,276.918,26.0,284.418,26.0,0.10825858956059203,-0.8922504219383595,0.4383711467890774,0.22379447240177372,-0.8704865144189431,0.4383711467890774,HER LYR
532,533,M,+,275.168,12.0,275.168,14.333333333333334,0.08810797474784342,-0.9741712958238576,0.20791169081775934,0.08727245062361805,-0.9649332714439062,0.24756272139138608,HER OPH
542,483,M,+,33.918,-67.5,33.918,-58.5,0.31756488039732855,0.2135395891748335,-0.9238795325112867,0.4335886536459654,0.2915572491976588,-0.8526401643540922,HOR HYI
483,482,M,+,33.918,-58.5,33.918,-54.0,0.4335886536459654,0.2915572491976588,-0.8526401643540922,0.4877659641285292,0.32798760197649646,-0.8090169943749475,HOR ERI
482,481,P,+,33.918,-54.0,37.668,-54.0,0.4877659641285292,0.32798760197649646,-0.8090169943749475,0.4652702042397799,0.3591867757298419,-0.8090169943749475,HOR ERI
481,480,M,+,37.668,-54.0,37.668,-51.0,0.4652702042397799,0.3591867757298419,-0.8090169943749475,0.49814796430163094,0.38456827775215857,-0.7771459614569709,HOR ERI
480,479,P,+,37.668,-51.0,41.418,-51.0,0.49814796430163094,0.38456827775215857,-0.7771459614569709,0.4719294225038898,0.4163253232344454,-0.7771459614569709,HOR ERI
479,478,M,+,41.418,-51.0,41.418,-49.0,0.4719294225038898,0.4163253232344454,-0.7771459614569709,0.49198081467446636,0.4340142019706448,-0.754709580222772,HOR ERI
478,477,P,+,41.418,-49.0,46.418,-49.0,0.49198081467446636,0.4340142019706448,-0.754709580222772,0.45228184900577734,0.4752416002202275,-0.754709580222772,HOR ERI
477,476,M,+,46.418,-49.0,46.418,-46.0,0.45228184900577734,0.4752416002202275,-0.754709580222772,0.4788919263895712,0.5032025183637648,-0.7193398003386512,HOR ERI
476,475,P,+,46.418,-46.0,52.668,-46.0,0.4788919263895712,0.5032025183637648,-0.7193398003386512,0.42126346915914836,0.5523471202068032,-0.7193398003386512,HOR ERI
475,474,M,+,52.668,-46.0,52.668,-44.0,0.42126346915914836,0.5523471202068032,-0.7193398003386512,0.43623109240687685,0.5719721867090685,-0.6946583704589973,HOR ERI
474,473,P,+,52.668,-44.0,59.418,-44.0,0.43623109240687685,0.5719721867090685,-0.6946583704589973,0.3659792155682068,0.6192810041680034,-0.6946583704589973,HOR ERI
473,472,M,+,59.418,-44.0,59.418,-40.0,0.3659792155682068,0.6192810041680034,-0.6946583704589973,0.3897411824718736,0.6594891200913711,-0.6427876096865393,HOR ERI
472,171,P,+,59.418,-40.0,65.418,-40.0,0.3897411824718736,0.6594891200913711,-0.6427876096865393,0.3186707552301117,0.6966154165639283,-0.6427876096865393,HOR ERI
243,216,M,+,122.66800000000002,0.0,122.66800000000002,7.0,-0.5397702479612345,0.8418123777991551,0.0,-0.5357468823844055,0.835537635988582,0.12186934340514748,HYA CMI
216,215,P,+,122.66800000000002,7.0,140.168,7.0,-0.5357468823844055,0.835537635988582,0.12186934340514748,-0.7622018958863808,0.6357642118310882,0.12186934340514748,HYA CNC
215,543,P,+,140.168,7.0,145.168,7.0,-0.7622018958863808,0.6357642118310882,0.12186934340514748,-0.8147119896520071,0.5669146647029568,0.12186934340514748,HYA LEO
545,377,P,+,145.168,-11.0,162.668,-11.0,-0.8057493693372827,0.5606780547658031,-0.1908089953765448,-0.9370559743145116,0.2924346564360577,-0.1908089953765448,HYA SEX
378,379,P,+,162.668,-19.0,163.918,-19.0,-0.9025868935076459,0.28167761088091214,-0.3255681544571567,-0.9085168669671391,0.2619207499217557,-0.3255681544571567,HYA CRT
380,372,P,+,163.918,-24.5,178.918,-24.5,-0.8743510537105841,0.25207092131073966,-0.414693242656239,-0.9097990191738716,0.0171831081447666,-0.414693242656239,HYA CRT
372,373,P,+,178.918,-24.5,190.168,-24.5,-0.9097990191738716,0.0171831081447666,-0.414693242656239,-0.8956697442322303,-0.16064004408062413,-0.414693242656239,HYA CRV
373,374,M,+,190.168,-24.5,190.168,-22.0,-0.8956697442322303,-0.16064004408062413,-0.414693242656239,-0.91262183617566,-0.1636804334815027,-0.374606593415912,HYA CRV
374,375,P,+,190.168,-22.0,193.918,-22.0,-0.91262183617566,-0.1636804334815027,-0.374606593415912,-0.8999626302268446,-0.22301830499872724,-0.374606593415912,HYA CRV
375,546,P,+,193.918,-22.0,215.168,-22.0,-0.8999626302268446,-0.22301830499872724,-0.374606593415912,-0.7579419364667696,-0.534035505480983,-0.374606593415912,HYA VIR
547,548,P,+,215.168,-24.5,225.168,-24.5,-0.7438630476154922,-0.5241157132613423,-0.414693242656239,-0.6415503579765904,-0.6453236805474927,-0.414693242656239,HYA LIB
043,044,M,+,163.918,-35.0,163.918,-31.166666666666668,-0.7870955347180169,0.2269156030108849,-0.573576436351046,-0.8221800727949489,0.23703029527239994,-0.5175292909797199,HYA ANT
045,046,M,+,160.168,-31.166666666666668,160.168,-29.166666666666668,-0.8049171991142445,0.2902959447669017,-0.5175292909797199,-0.8214171747480212,0.2962467133931765,-0.48735173112724234,HYA ANT
047,048,M,+,155.168,-29.166666666666668,155.168,-26.5,-0.7924718320631445,0.3667106291802343,-0.48735173112724234,-0.8121914786281249,0.37583575351459625,-0.44619781310980877,HYA ANT
049,050,M,+,147.668,-26.5,147.668,-24.0,-0.7561866581310374,0.4786326876015029,-0.44619781310980877,-0.7719123505649337,0.4885863549309866,-0.4067366430758002,HYA ANT
549,550,M,+,137.668,-24.0,137.668,-19.0,-0.6753431373155304,0.6152048033462074,-0.4067366430758002,-0.6989794277814347,0.6367363161793891,-0.3255681544571567,HYA PYX
551,552,M,+,130.168,-19.0,130.168,-17.0,-0.6098887950807912,0.7225240718746067,-0.3255681544571567,-0.6168462158182767,0.7307664006426354,-0.29237170472273677,HYA PYX
553,554,M,+,126.918,-17.0,126.918,-11.0,-0.5744249395777012,0.7645618189974406,-0.29237170472273677,-0.5896353981549676,0.7848069982651956,-0.1908089953765448,HYA PUP
555,243,M,+,122.66800000000002,-11.0,122.66800000000002,0.0,-0.5298531482150338,0.8263459134103655,-0.1908089953765448,-0.5397702479612345,0.8418123777991551,0.0,HYA MON
559,560,M,+,1.418,-82.5,1.418,-75.0,0.13048622051237407,0.0032300327958048034,-0.9914448613738104,0.25873978561416605,0.006404798834939103,-0.9659258262890683,HYI OCT
560,561,P,+,1.418,-75.0,12.668,-75.0,0.25873978561416605,0.006404798834939103,-0.9659258262890683,0.2525186589179048,0.056759360515103684,-0.9659258262890683,HYI TUC
562,563,P,+,12.668,-76.0,21.418,-76.0,0.23603283373334139,0.05305379317584492,-0.9702957262759965,0.22521504540054207,0.08834244107883973,-0.9702957262759965,HYI TUC
563,484,M,+,21.418,-76.0,21.418,-58.5,0.22521504540054207,0.08834244107883973,-0.9702957262759965,0.4864154097442603,0.1908004174354711,-0.8526401643540922,HYI TUC
484,483,P,+,21.418,-58.5,33.918,-58.5,0.4864154097442603,0.1908004174354711,-0.8526401643540922,0.4335886536459654,0.2915572491976588,-0.8526401643540922,HYI ERI
542,541,P,+,33.918,-67.5,49.418,-67.5,0.31756488039732855,0.2135395891748335,-0.9238795325112867,0.24894921658091929,0.290638774031396,-0.9238795325112867,HYI HOR
541,424,P,+,49.418,-67.5,70.168,-67.5,0.24894921658091929,0.290638774031396,-0.9238795325112867,0.1298304649145994,0.3599870272479069,-0.9238795325112867,HYI RET
564,571,M,+,321.418,-75.0,321.418,-60.0,0.20232310031716133,-0.16140836776893736,-0.9659258262890683,0.3908582157024404,-0.31181702201436134,-0.8660254037844386,IND PAV
570,569,M,+,306.418,-60.0,306.418,-57.0,0.2968358610797816,-0.40235366479879947,-0.8660254037844386,0.3233367938726937,-0.4382750234615555,-0.838670567945424,IND PAV
569,568,M,+,306.418,-57.0,306.418,-45.5,0.3233367938726937,-0.4382750234615555,-0.838670567945424,0.4161100100144849,-0.5640268223649505,-0.7132504491541816,IND TEL
568,511,P,+,306.418,-45.5,321.418,-45.5,0.4161100100144849,-0.5640268223649505,-0.7132504491541816,0.5479122888270997,-0.4371108789925128,-0.7132504491541816,IND MIC
512,513,P,+,321.418,-50.0,331.418,-50.0,0.5024776363954347,-0.4008642364803726,-0.766044443118978,0.5644532161941355,-0.3075198821127366,-0.766044443118978,IND GRU
567,566,P,+,331.418,-67.5,351.418,-67.5,0.33604707204612017,-0.18308187997711842,-0.9238795325112867,0.37839864466855655,-0.057105823868724336,-0.9238795325112867,IND TUC
401,400,M,+,329.543,36.0,329.543,43.75,0.6973805945248255,-0.410083898205812,0.5877852522924731,0.6226848296478019,-0.3661602062064583,0.6915130557822694,LAC CYG
400,399,P,+,329.543,43.75,330.043,43.75,0.6226848296478019,-0.3661602062064583,0.6915130557822694,0.6258564297550546,-0.3607123826775628,0.6915130557822694,LAC CYG
399,398,M,+,330.043,43.75,330.043,44.0,0.6258564297550546,-0.3607123826775628,0.6915130557822694,0.6232362948131405,-0.3592022677807573,0.6946583704589973,LAC CYG
398,397,P,+,330.043,44.0,330.918,44.0,0.6232362948131405,-0.3592022677807573,0.6946583704589973,0.6286490110424481,-0.34964291679741283,0.6946583704589973,LAC CYG
397,326,M,+,330.918,44.0,330.918,52.75,0.6286490110424481,-0.34964291679741283,0.6946583704589973,0.5289815283319019,-0.2942097120159644,0.796002002534622,LAC CYG
326,325,P,+,330.918,52.75,333.418,52.75,0.5289815283319019,-0.2942097120159644,0.796002002534622,0.541311302524708,-0.2708558393682431,0.796002002534622,LAC CEP
325,324,M,+,333.418,52.75,333.418,55.0,0.541311302524708,-0.2708558393682431,0.796002002534622,0.5129464590629018,-0.2566629277320674,0.8191520442889918,LAC CEP
324,323,P,+,333.418,55.0,336.168,55.0,0.5129464590629018,-0.2566629277320674,0.8191520442889918,0.5246699499215419,-0.23175714009819048,0.8191520442889918,LAC CEP
323,322,M,+,336.168,55.0,336.168,56.25,0.5246699499215419,-0.23175714009819048,0.8191520442889918,0.5081990609493812,-0.22448162122459459,0.8314696123025452,LAC CEP
322,278,P,+,336.168,56.25,344.418,56.25,0.5081990609493812,-0.22448162122459459,0.8314696123025452,0.535151361867357,-0.14923573201136617,0.8314696123025452,LAC CEP
572,573,M,+,343.668,34.5,343.668,35.0,0.79087136877133,-0.23174652711618596,0.5664062369248328,0.786097939178342,-0.23034778419250773,0.573576436351046,LAC PEG
574,575,M,+,331.418,35.0,331.418,36.0,0.7193247022549211,-0.391895450839511,0.573576436351046,0.7104247772500502,-0.38704668072041437,0.5877852522924731,LAC PEG
576,577,M,+,162.668,0.0,162.668,7.0,-0.9545945651417174,0.29790806669490427,0.0,-0.9474791620091328,0.2956875051409335,0.12186934340514748,LEO SEX
215,226,M,+,140.168,7.0,140.168,33.5,-0.7622018958863808,0.6357642118310882,0.12186934340514748,-0.6403625196484091,0.5341361321556312,0.5519369853120581,LEO CNC
226,578,P,+,140.168,33.5,149.668,33.5,-0.6403625196484091,0.5341361321556312,0.5519369853120581,-0.7197382227092977,0.4211204756550059,0.5519369853120581,LEO LMI
579,580,P,+,149.668,28.5,158.918,28.5,-0.7585190322409525,0.4438112157615695,0.4771587602596084,-0.8199948822538715,0.3161137620936061,0.4771587602596084,LEO LMI
581,582,P,+,158.918,23.5,162.668,23.5,-0.8556781119536588,0.3298698967087948,0.3987490689252462,-0.8754205629164985,0.2731995938031574,0.3987490689252462,LEO LMI
582,583,M,+,162.668,23.5,162.668,25.5,-0.8754205629164985,0.2731995938031574,0.3987490689252462,-0.8616030070172686,0.26888743708793744,0.43051109680829514,LEO LMI
583,584,P,+,162.668,25.5,166.418,25.5,-0.8616030070172686,0.26888743708793744,0.43051109680829514,-0.8773443286376188,0.21196019563192675,0.43051109680829514,LEO LMI
584,585,M,+,166.418,25.5,166.418,29.0,-0.8773443286376188,0.21196019563192675,0.43051109680829514,-0.8501608136965882,0.2053928503413822,0.48480962024633706,LEO LMI
585,358,P,+,166.418,29.0,179.418,29.0,-0.8501608136965882,0.2053928503413822,0.48480962024633706,-0.8745745853583985,0.00888407349067091,0.48480962024633706,LEO UMA
376,576,M,+,162.668,-6.0,162.668,0.0,-0.9493651962329934,0.29627609513491415,-0.10452846326765347,-0.9545945651417174,0.29790806669490427,0.0,LEO SEX
226,589,M,+,140.168,33.5,140.168,39.75,-0.6403625196484091,0.5341361321556312,0.5519369853120581,-0.5904135551521614,0.49247294000651376,0.6394390019805848,LMI LYN
589,590,P,+,140.168,39.75,145.168,39.75,-0.5904135551521614,0.49247294000651376,0.6394390019805848,-0.6310886981934721,0.43914099986057126,0.6394390019805848,LMI LYN
590,591,M,+,145.168,39.75,145.168,42.0,-0.6310886981934721,0.43914099986057126,0.6394390019805848,-0.6099958156737416,0.42446358677082463,0.6691306063588582,LMI LYN
591,592,P,+,145.168,42.0,153.918,42.0,-0.6099958156737416,0.42446358677082463,0.6691306063588582,-0.6674672238922084,0.32672884271740593,0.6691306063588582,LMI UMA
593,594,P,+,153.918,40.0,163.168,40.0,-0.6880348759721405,0.3367968204711356,0.6427876096865393,-0.7332255076609641,0.22182074688537734,0.6427876096865393,LMI UMA
595,596,P,+,163.168,34.0,166.418,34.0,-0.7935198805590349,0.2400614418550616,0.5591929034707469,-0.8058533914970498,0.19468848995423071,0.5591929034707469,LMI UMA
581,580,M,+,158.918,23.5,158.918,28.5,-0.8556781119536588,0.3298698967087948,0.3987490689252462,-0.8199948822538715,0.3161137620936061,0.4771587602596084,LMI LEO
579,578,M,+,149.668,28.5,149.668,33.5,-0.7585190322409525,0.4438112157615695,0.4771587602596084,-0.7197382227092977,0.4211204756550059,0.5519369853120581,LMI LEO
179,471,M,+,73.918,-27.25,73.918,-14.5,0.24626912934380624,0.8542265471101408,-0.45787391511695674,0.2681892905616178,0.930260371077772,-0.25038000405444144,LEP ERI
471,470,P,+,73.918,-14.5,75.168,-14.5,0.2681892905616178,0.930260371077772,-0.25038000405444144,0.24783194572573597,0.9358895128419239,-0.25038000405444144,LEP ERI
470,469,M,+,75.168,-14.5,75.168,-11.0,0.24783194572573597,0.9358895128419239,-0.25038000405444144,0.251282515914718,0.9489199252197011,-0.1908089953765448,LEP ERI
469,468,P,+,75.168,-11.0,77.668,-11.0,0.251282515914718,0.9489199252197011,-0.1908089953765448,0.20965204484237013,0.9589775531141521,-0.1908089953765448,LEP ERI
468,597,P,+,77.668,-11.0,88.918,-11.0,0.20965204484237013,0.9589775531141521,-0.1908089953765448,0.01853639994455593,0.9814521532711052,-0.1908089953765448,LEP ORI
597,237,P,+,88.918,-11.0,93.168,-11.0,0.01853639994455593,0.9814521532711052,-0.1908089953765448,-0.05424850900215873,0.9801270461294477,-0.1908089953765448,LEP MON
607,606,P,+,227.668,-3.25,240.168,-3.25,-0.672342406400558,-0.7380661328050493,-0.05669278756337751,-0.49665845794115915,-0.8660925493235717,-0.05669278756337751,LIB SER1
303,548,M,+,225.168,-29.5,225.168,-24.5,-0.6136272236722079,-0.6172363144075089,-0.49242356010346716,-0.6415503579765904,-0.6453236805474927,-0.414693242656239,LIB HYA
547,546,M,+,215.168,-24.5,215.168,-22.0,-0.7438630476154922,-0.5241157132613423,-0.414693242656239,-0.7579419364667696,-0.534035505480983,-0.374606593415912,LIB HYA
546,601,M,+,215.168,-22.0,215.168,-8.0,-0.7579419364667696,-0.534035505480983,-0.374606593415912,-0.809511181570223,-0.570370489140121,-0.13917310096006544,LIB VIR
601,600,P,+,215.168,-8.0,221.418,-8.0,-0.809511181570223,-0.570370489140121,-0.13917310096006544,-0.742605268241248,-0.6551093523599734,-0.13917310096006544,LIB VIR
600,599,M,+,221.418,-8.0,221.418,0.0,-0.742605268241248,-0.6551093523599734,-0.13917310096006544,-0.7499032753675966,-0.6615474870279159,0.0,LIB VIR
599,598,P,+,221.418,0.0,227.668,0.0,-0.7499032753675966,-0.6615474870279159,0.0,-0.6734254964539369,-0.7392550985456703,0.0,LIB VIR
300,301,M,+,213.918,-55.0,213.918,-42.0,-0.47597496260243705,-0.32005899973719565,-0.8191520442889918,-0.6166890898884679,-0.4146791507254251,-0.6691306063588582,LUP CEN
301,302,P,+,213.918,-42.0,225.168,-42.0,-0.6166890898884679,-0.4146791507254251,-0.6691306063588582,-0.5239396928994762,-0.5270212802517839,-0.6691306063588582,LUP CEN
302,303,M,+,225.168,-42.0,225.168,-29.5,-0.5239396928994762,-0.5270212802517839,-0.6691306063588582,-0.6136272236722079,-0.6172363144075089,-0.49242356010346716,LUP CEN
303,602,P,+,225.168,-29.5,236.418,-29.5,-0.6136272236722079,-0.6172363144075089,-0.49242356010346716,-0.4814197172945929,-0.7250890243652992,-0.49242356010346716,LUP LIB
602,614,P,+,236.418,-29.5,241.418,-29.5,-0.4814197172945929,-0.7250890243652992,-0.49242356010346716,-0.4163920974489681,-0.7642883347514053,-0.49242356010346716,LUP SCO
143,142,M,+,111.918,35.5,111.918,44.5,-0.30389243215755174,0.7552704594421432,0.5807029557109398,-0.2662415945203288,0.6616960152259607,0.7009092642998509,LYN AUR
141,140,M,+,103.418,44.5,103.418,50.0,-0.16551226211001735,0.6937808690861018,0.7009092642998509,-0.14916111368969096,0.6252414520242447,0.766044443118978,LYN AUR
139,138,M,+,98.918,50.0,98.918,54.0,-0.0996454208188037,0.635017087389291,0.766044443118978,-0.09111891382650077,0.5806796417609326,0.8090169943749475,LYN AUR
137,136,M,+,92.918,54.0,92.918,56.0,-0.02992220427854814,0.5870231379627545,0.8090169943749475,-0.028466662311630104,0.5584678615899751,0.8290375725550417,LYN AUR
136,214,M,+,92.918,56.0,92.918,62.0,-0.028466662311630104,0.5584678615899751,0.8290375725550417,-0.023899245429959814,0.468862852369971,0.8829475928589269,LYN CAM
214,213,P,+,92.918,62.0,106.418,62.0,-0.023899245429959814,0.468862852369971,0.8829475928589269,-0.1326927665463201,0.45032896639113773,0.8829475928589269,LYN CAM
212,211,P,+,106.418,60.0,120.918,60.0,-0.14132141013920851,0.4796126135083039,0.8660254037844386,-0.2569053978759519,0.4289517648200074,0.8660254037844386,LYN CAM
211,615,P,+,120.918,60.0,127.66799999999999,60.0,-0.2569053978759519,0.4289517648200074,0.8660254037844386,-0.30554252112395297,0.3957824753386876,0.8660254037844386,LYN UMA
616,617,P,+,127.66799999999999,47.0,138.918,47.0,-0.4167589966717944,0.5398459982449222,0.7313537016191705,-0.5140698190480351,0.44816736189938894,0.7313537016191705,LYN UMA
618,591,P,+,138.918,42.0,145.168,42.0,-0.5601601826793814,0.488349056899293,0.6691306063588582,-0.6099958156737416,0.42446358677082463,0.6691306063588582,LYN UMA
507,506,M,+,117.668,33.5,117.668,35.5,-0.3872127768869917,0.7385335670503418,0.5519369853120581,-0.37803248625583574,0.72102393619339,0.5807029557109398,LYN GEM
530,529,M,+,284.418,25.5,284.418,26.0,0.22473846855172383,-0.8741583473707407,0.43051109680829514,0.22379447240177372,-0.8704865144189431,0.4383711467890774,LYR HER
528,527,M,+,276.918,26.0,276.918,30.0,0.10825858956059203,-0.8922504219383595,0.4383711467890774,0.10431164861781798,-0.8597203498595535,0.49999999999999994,LYR HER
526,525,M,+,274.043,30.0,274.043,47.5,0.06105922280651753,-0.8638702282809984,0.49999999999999994,0.04763256693446117,-0.6739089457733922,0.7372773368101241,LYR HER
525,449,P,+,274.043,47.5,274.918,47.5,0.04763256693446117,-0.6739089457733922,0.7372773368101241,0.05791830122335647,-0.6731029631561366,0.7372773368101241,LYR HER
449,391,P,+,274.918,47.5,287.668,47.5,0.05791830122335647,-0.6731029631561366,0.7372773368101241,0.2050422677890305,-0.6437233855050649,0.7372773368101241,LYR DRA
391,390,P,+,287.668,47.5,288.918,47.5,0.2050422677890305,-0.6437233855050649,0.7372773368101241,0.2190362249306744,-0.639097223272242,0.7372773368101241,LYR CYG
389,388,P,+,288.918,43.5,292.418,43.5,0.23517697873202714,-0.6861922229200413,0.6883545756937539,0.2766293593096009,-0.670555125019138,0.6883545756937539,LYR CYG
621,558,M,+,53.918,-85.0,53.918,-82.5,0.05132972021902021,0.07043708764658767,-0.9961946980917455,0.0768724207572579,0.10548799828598981,-0.9914448613738104,MEN OCT
558,557,M,+,53.918,-82.5,53.918,-75.0,0.0768724207572579,0.10548799828598981,-0.9914448613738104,0.15242953308229742,0.20917106767450763,-0.9659258262890683,MEN HYI
557,556,P,+,53.918,-75.0,70.168,-75.0,0.15242953308229742,0.20917106767450763,-0.9659258262890683,0.08780781740860734,0.24346885901428408,-0.9659258262890683,MEN HYI
556,425,M,+,70.168,-75.0,70.168,-70.0,0.08780781740860734,0.24346885901428408,-0.9659258262890683,0.11603490107658057,0.3217354195183664,-0.9396926207859083,MEN HYI
425,426,P,+,70.168,-70.0,100.168,-70.0,0.11603490107658057,0.3217354195183664,-0.9396926207859083,-0.06037853770125013,0.3366484971384393,-0.9396926207859083,MEN DOR
622,343,P,+,100.168,-75.0,116.418,-75.0,-0.04569062898042263,0.2547541256410856,-0.9659258262890683,-0.11515287749792871,0.23179109756789126,-0.9659258262890683,MEN VOL
254,255,P,+,306.418,-28.0,321.418,-28.0,0.5241810180291999,-0.710514399624135,-0.4694715627858908,0.6902146414072098,-0.5506361780000387,-0.4694715627858908,MIC CAP
568,254,M,+,306.418,-45.5,306.418,-28.0,0.4161100100144849,-0.5640268223649505,-0.7132504491541816,0.5241810180291999,-0.710514399624135,-0.4694715627858908,MIC SGR
623,624,M,+,95.043,0.0,95.043,10.0,-0.08790335386410289,0.9961290078998013,0.0,-0.08656790440114416,0.9809955699800833,0.17364817766693033,MON ORI
624,625,P,+,95.043,10.0,96.043,10.0,-0.08656790440114416,0.9809955699800833,0.17364817766693033,-0.10367545309046984,0.9793353413511839,0.17364817766693033,MON ORI
625,500,M,+,96.043,10.0,96.043,12.0,-0.10367545309046984,0.9793353413511839,0.17364817766693033,-0.10297430679770063,0.972712198422963,0.20791169081775934,MON ORI
500,509,P,+,96.043,12.0,105.418,12.0,-0.10297430679770063,0.972712198422963,0.20791169081775934,-0.2600493272168137,0.9429459561583491,0.20791169081775934,MON GEM
508,249,P,+,105.418,10.0,106.418,10.0,-0.26181998853404304,0.9493664224086439,0.17364817766693033,-0.27834884074342114,0.9446524404508505,0.17364817766693033,MON GEM
248,247,P,+,106.418,5.5,106.668,5.5,-0.28134158880091403,0.9548091443502253,0.09584575252022398,-0.28550503823646545,0.9535724748887346,0.09584575252022398,MON CMI
246,245,P,+,106.668,1.5,109.418,1.5,-0.286727238117529,0.9576545610494323,0.026176948307873153,-0.33234351276406093,0.9427950768332063,0.026176948307873153,MON CMI
244,243,P,+,109.418,0.0,122.66800000000002,0.0,-0.3324574376246251,0.943118259905972,0.0,-0.5397702479612345,0.8418123777991551,0.0,MON CMI
597,626,M,+,88.918,-11.0,88.918,-4.0,0.01853639994455593,0.9814521532711052,-0.1908089953765448,0.01883734122050529,0.9973861784416943,-0.0697564737441253,MON ORI
626,627,P,+,88.918,-4.0,95.043,-4.0,0.01883734122050529,0.9973861784416943,-0.0697564737441253,-0.08768922571209704,0.9937024877018262,-0.0697564737441253,MON ORI
627,623,M,+,95.043,-4.0,95.043,0.0,-0.08768922571209704,0.9937024877018262,-0.0697564737441253,-0.08790335386410289,0.9961290078998013,0.0,MON ORI
277,293,P,+,170.168,-64.0,178.918,-64.0,-0.43193265030262923,0.07485618170677359,-0.898794046299167,-0.4382929825119318,0.008277911449534688,-0.898794046299167,MUS CEN
293,296,P,+,178.918,-64.0,193.918,-64.0,-0.4382929825119318,0.008277911449534688,-0.898794046299167,-0.4255009924263497,-0.10544272275203435,-0.898794046299167,MUS CRU
296,297,P,+,193.918,-64.0,203.918,-64.0,-0.4255009924263497,-0.10544272275203435,-0.898794046299167,-0.40072673960172783,-0.17772828279522623,-0.898794046299167,MUS CEN
344,345,P,+,203.918,-65.0,206.418,-65.0,-0.38632660786177403,-0.17134160970046183,-0.9063077870366499,-0.37848509448873247,-0.18802986041207814,-0.9063077870366499,MUS CIR
276,277,M,+,170.168,-75.0,170.168,-64.0,-0.2550176874522184,0.04419589567259962,-0.9659258262890683,-0.43193265030262923,0.07485618170677359,-0.898794046299167,MUS CAR
352,353,M,+,231.418,-60.0,231.418,-55.0,-0.3118170220143617,-0.3908582157024401,-0.8660254037844386,-0.35770179256118645,-0.44837412496226803,-0.8191520442889918,NOR CIR
354,608,M,+,227.168,-55.0,227.168,-54.0,-0.38994650828569766,-0.42063243932554456,-0.8191520442889918,-0.3996063858749552,-0.43105247845301015,-0.8090169943749475,NOR LUP
608,609,P,+,227.168,-54.0,231.418,-54.0,-0.3996063858749552,-0.43105247845301015,-0.8090169943749475,-0.3665628939075984,-0.45948138985448916,-0.8090169943749475,NOR LUP
609,610,M,+,231.418,-54.0,231.418,-48.0,-0.3665628939075984,-0.45948138985448916,-0.8090169943749475,-0.4172926260269665,-0.5230703897466302,-0.7431448254773942,NOR LUP
610,611,P,+,231.418,-48.0,236.418,-48.0,-0.4172926260269665,-0.5230703897466302,-0.7431448254773942,-0.3701161132731705,-0.5574493977588773,-0.7431448254773942,NOR LUP
611,612,M,+,236.418,-48.0,236.418,-42.0,-0.3701161132731705,-0.5574493977588773,-0.7431448254773942,-0.4110555873411223,-0.6191102775350057,-0.6691306063588582,NOR LUP
612,613,P,+,236.418,-42.0,241.418,-42.0,-0.4110555873411223,-0.6191102775350057,-0.6691306063588582,-0.3555323806489423,-0.652580231039772,-0.6691306063588582,NOR LUP
613,628,P,+,241.418,-42.0,247.7305,-42.0,-0.3555323806489423,-0.652580231039772,-0.6691306063588582,-0.2816248332828237,-0.6877148281898889,-0.6691306063588582,NOR SCO
559,558,P,+,1.418,-82.5,53.918,-82.5,0.13048622051237407,0.0032300327958048034,-0.9914448613738104,0.0768724207572579,0.10548799828598981,-0.9914448613738104,OCT HYI
621,620,P,+,53.918,-85.0,116.418,-85.0,0.05132972021902021,0.07043708764658767,-0.9961946980917455,-0.03877703267117231,0.07805424543940451,-0.9961946980917455,OCT MEN
620,342,M,+,116.418,-85.0,116.418,-82.5,-0.03877703267117231,0.07805424543940451,-0.9961946980917455,-0.05807326356927481,0.11689560690581759,-0.9914448613738104,OCT MEN
342,051,P,+,116.418,-82.5,206.418,-82.5,-0.05807326356927481,0.11689560690581759,-0.9914448613738104,-0.11689560690581759,-0.0580732635692748,-0.9914448613738104,OCT CHA
051,052,P,+,206.418,-82.5,271.418,-82.5,-0.11689560690581759,-0.0580732635692748,-0.9914448613738104,0.003230032795804764,-0.13048622051237407,-0.9914448613738104,OCT APS
052,053,M,+,271.418,-82.5,271.418,-75.0,0.003230032795804764,-0.13048622051237407,-0.9914448613738104,0.006404798834939025,-0.25873978561416605,-0.9659258262890683,OCT APS
053,564,P,+,271.418,-75.0,321.418,-75.0,0.006404798834939025,-0.25873978561416605,-0.9659258262890683,0.20232310031716133,-0.16140836776893736,-0.9659258262890683,OCT PAV
564,565,P,+,321.418,-75.0,351.418,-75.0,0.20232310031716133,-0.16140836776893736,-0.9659258262890683,0.2559211285315578,-0.03862219671270064,-0.9659258262890683,OCT IND
565,560,P,+,351.418,-75.0,1.418,-75.0,0.2559211285315578,-0.03862219671270064,-0.9659258262890683,0.25873978561416605,0.006404798834939103,-0.9659258262890683,OCT TUC
629,519,M,+,245.418,0.0,245.418,4.0,-0.41599512677440986,-0.909366842643794,0.0,-0.41498178355342935,-0.9071516707197314,0.0697564737441253,OPH SER1
519,537,P,+,245.418,4.0,252.668,4.0,-0.41498178355342935,-0.9071516707197314,0.0697564737441253,-0.29718237761724303,-0.9522692207587871,0.0697564737441253,OPH HER
537,536,M,+,252.668,4.0,252.668,12.833333333333334,-0.29718237761724303,-0.9522692207587871,0.0697564737441253,-0.29046641184489186,-0.930749076987286,0.22211577899210333,OPH HER
536,535,P,+,252.668,12.833333333333334,260.168,12.833333333333334,-0.29046641184489186,-0.930749076987286,0.22211577899210333,-0.1664942984938281,-0.9606998643133969,0.22211577899210333,OPH HER
535,534,M,+,260.168,12.833333333333334,260.168,14.333333333333334,-0.1664942984938281,-0.9606998643133969,0.22211577899210333,-0.1654443939218728,-0.9546417398674307,0.24756272139138608,OPH HER
534,533,P,+,260.168,14.333333333333334,275.168,14.333333333333334,-0.1654443939218728,-0.9546417398674307,0.24756272139138608,0.08727245062361805,-0.9649332714439062,0.24756272139138608,OPH HER
532,089,P,+,275.168,12.0,281.3513333333333,12.0,0.08810797474784342,-0.9741712958238576,0.20791169081775934,0.19252354267656968,-0.959013771713714,0.20791169081775934,OPH HER
631,632,P,+,275.168,4.5,277.793,4.5,0.08979868396175694,-0.9928647272696847,0.07845909572784494,0.13517653605891555,-0.9877102178253911,0.07845909572784494,OPH SER2
637,638,P,+,268.918,-4.0,270.918,-4.0,-0.018837341220505635,-0.9973861784416943,-0.0697564737441253,0.015982409624444416,-0.9974360114580691,-0.0697564737441253,OPH SER2
642,643,M,+,265.168,-11.666666666666666,265.168,-10.0,-0.0824941470045504,-0.9758600151405572,-0.20221757233203794,-0.0829546673983045,-0.9813077160349809,-0.17364817766693033,OPH SER2
645,646,P,+,258.918,-16.0,265.418,-16.0,-0.18476764306690432,-0.9433371434188914,-0.27563735581699916,-0.07679113368931818,-0.9581895271108541,-0.27563735581699916,OPH SER2
648,649,M,+,252.668,-30.0,252.668,-24.583333333333332,-0.25799595375009643,-0.8267031437272864,-0.49999999999999994,-0.27090483399252097,-0.8680674043805697,-0.416016288589119,OPH SCO
650,651,M,+,245.418,-24.583333333333332,245.418,-19.25,-0.378288147785985,-0.826939251017379,-0.416016288589119,-0.3927364317246247,-0.8585232516492586,-0.3296906452627873,OPH SCO
651,652,P,+,245.418,-19.25,247.043,-19.25,-0.3927364317246247,-0.8585232516492586,-0.3296906452627873,-0.36823265841413816,-0.8693151256612665,-0.3296906452627873,OPH SCO
652,653,M,+,247.043,-19.25,247.043,-18.25,-0.36823265841413816,-0.8693151256612665,-0.3296906452627873,-0.370420825135119,-0.874480898942239,-0.31316380648374953,OPH SCO
654,655,M,+,245.418,-18.25,245.418,-8.0,-0.3950702084018961,-0.863624895855771,-0.31316380648374953,-0.4119466907967996,-0.9005169470424894,-0.13917310096006544,OPH SCO
605,606,M,+,240.168,-8.0,240.168,-3.25,-0.4926173028817422,-0.859045424218462,-0.13917310096006544,-0.49665845794115915,-0.8660925493235717,-0.05669278756337751,OPH LIB
606,656,P,+,240.168,-3.25,245.418,-3.25,-0.49665845794115915,-0.8660925493235717,-0.05669278756337751,-0.41532606956401913,-0.9079042811765992,-0.05669278756337751,OPH SER1
656,629,M,+,245.418,-3.25,245.418,0.0,-0.41532606956401913,-0.9079042811765992,-0.05669278756337751,-0.41599512677440986,-0.909366842643794,0.0,OPH SER1
464,657,M,+,70.668,0.0,70.668,15.5,0.331041459028269,0.9436162103336477,0.0,0.3190016311942546,0.9092973164188163,0.26723837607825685,ORI TAU
657,658,P,+,70.668,15.5,75.918,15.5,0.3190016311942546,0.9092973164188163,0.26723837607825685,0.23446121994898417,0.9346719139308135,0.26723837607825685,ORI TAU
658,659,M,+,75.918,15.5,75.918,16.0,0.23446121994898417,0.9346719139308135,0.26723837607825685,0.2338848768939165,0.9323743413664549,0.27563735581699916,ORI TAU
659,660,P,+,75.918,16.0,81.418,16.0,0.2338848768939165,0.9323743413664549,0.27563735581699916,0.14344399693696402,0.9504987468802688,0.27563735581699916,ORI TAU
661,662,P,+,81.418,15.5,85.418,15.5,0.14379747405153295,0.9528409819101269,0.26723837607825685,0.07698036369503874,0.9605507138909615,0.26723837607825685,ORI TAU
663,664,P,+,85.418,12.5,87.918,12.5,0.07799216126042838,0.9731757890023016,0.21643961393810288,0.03546859828949859,0.9756515115827491,0.21643961393810288,ORI TAU
664,665,M,+,87.918,12.5,87.918,18.0,0.03546859828949859,0.9756515115827491,0.21643961393810288,0.034551653679905786,0.9504286824456938,0.3090169943749474,ORI TAU
666,667,M,+,86.918,18.0,86.918,22.833333333333332,0.051133658951389785,0.9496809180507506,0.3090169943749474,0.049551944870895245,0.9203045012078674,0.38805183908345287,ORI TAU
667,505,P,+,86.918,22.833333333333332,89.668,22.833333333333332,0.049551944870895245,0.9203045012078674,0.38805183908345287,0.005340392543762427,0.9216220756858141,0.38805183908345287,ORI TAU
504,503,P,+,89.668,21.5,94.668,21.5,0.005391268023465848,0.9304019481055941,0.3665012267242973,-0.07571912022004283,0.927331367765961,0.3665012267242973,ORI GEM
502,501,P,+,94.668,17.5,96.043,17.5,-0.07761526752576627,0.9505534663507359,0.3007057995042731,-0.1004023746629237,0.9484173054655539,0.3007057995042731,ORI GEM
468,467,M,+,77.668,-11.0,77.668,-4.0,0.20965204484237013,0.9589775531141521,-0.1908089953765448,0.21305577771763035,0.9745466997286075,-0.0697564737441253,ORI ERI
466,465,M,+,71.418,-4.0,71.418,0.0,0.3178852998318456,0.9455596070695927,-0.0697564737441253,0.3186615433355378,0.9478685672597299,0.0,ORI ERI
053,054,M,+,271.418,-75.0,271.418,-67.5,0.006404798834939025,-0.25873978561416605,-0.9659258262890683,0.00946997699026177,-0.3825662412478788,-0.9238795325112867,PAV APS
055,110,M,+,263.918,-67.5,263.918,-57.0,-0.04054595471769994,-0.38052941405725327,-0.9238795325112867,-0.057705423813967,-0.5415734137903654,-0.838670567945424,PAV ARA
110,109,P,+,263.918,-57.0,271.418,-57.0,-0.057705423813967,-0.5415734137903654,-0.838670567945424,0.013477769595915205,-0.5444722474000114,-0.838670567945424,PAV ARA
109,569,P,+,271.418,-57.0,306.418,-57.0,0.013477769595915205,-0.5444722474000114,-0.838670567945424,0.3233367938726937,-0.4382750234615555,-0.838670567945424,PAV TEL
570,571,P,+,306.418,-60.0,321.418,-60.0,0.2968358610797816,-0.40235366479879947,-0.8660254037844386,0.3908582157024404,-0.31181702201436134,-0.8660254037844386,PAV IND
064,462,M,+,321.418,2.0,321.418,12.5,0.7812402308761398,-0.6232541430191282,0.03489949670250097,0.7631866306806282,-0.6088514270892986,0.21643961393810288,PEG EQU
414,413,M,+,317.168,11.833333333333334,317.168,19.5,0.7177653032596016,-0.665402968500222,0.20506549916488748,0.6912863999958638,-0.6408557512492526,0.3338068592337709,PEG DEL
413,668,P,+,317.168,19.5,320.168,19.5,0.6912863999958638,-0.6408557512492526,0.3338068592337709,0.7238788145654538,-0.6037983459333082,0.3338068592337709,PEG VUL
668,669,M,+,320.168,19.5,320.168,23.5,0.7238788145654538,-0.6037983459333082,0.3338068592337709,0.7042341821407214,-0.5874124587849993,0.3987490689252462,PEG VUL
669,670,P,+,320.168,23.5,322.668,23.5,0.7042341821407214,-0.5874124587849993,0.3987490689252462,0.7291864788278092,-0.5561351086974731,0.3987490689252462,PEG VUL
670,404,M,+,322.668,23.5,322.668,28.0,0.7291864788278092,-0.5561351086974731,0.3987490689252462,0.7020624539324454,-0.5354481884493836,0.4694715627858908,PEG VUL
404,403,P,+,322.668,28.0,327.418,28.0,0.7020624539324454,-0.5354481884493836,0.4694715627858908,0.7439907268891494,-0.4754726596118105,0.4694715627858908,PEG CYG
403,402,M,+,327.418,28.0,327.418,36.0,0.7439907268891494,-0.4754726596118105,0.4694715627858908,0.6816952065770691,-0.4356605817804969,0.5877852522924731,PEG CYG
402,401,P,+,327.418,36.0,329.543,36.0,0.6816952065770691,-0.4356605817804969,0.5877852522924731,0.6973805945248255,-0.410083898205812,0.5877852522924731,PEG CYG
401,575,P,+,329.543,36.0,331.418,36.0,0.6973805945248255,-0.410083898205812,0.5877852522924731,0.7104247772500502,-0.38704668072041437,0.5877852522924731,PEG LAC
574,573,P,+,331.418,35.0,343.668,35.0,0.7193247022549211,-0.391895450839511,0.573576436351046,0.786097939178342,-0.23034778419250773,0.573576436351046,PEG LAC
572,001,P,+,343.668,34.5,344.418,34.5,0.79087136877133,-0.23174652711618596,0.5664062369248328,0.7938370812175335,-0.22137448646282007,0.5664062369248328,PEG LAC
001,037,P,+,344.418,34.5,353.918,34.5,0.7938370812175335,-0.22137448646282007,0.5664062369248328,0.8194874121605205,-0.08731755884759641,0.5664062369248328,PEG AND
036,035,P,+,353.918,32.083333333333336,357.668,32.083333333333336,0.8425073802209438,-0.08977036945329743,0.5311521392609281,0.8465747703222394,-0.034475545135459015,0.5311521392609281,PEG AND
034,033,P,+,357.668,31.333333333333332,1.418,31.333333333333332,0.8534490509589128,-0.03475549036968001,0.5200161279292155,0.853894868856974,0.021137162374290048,0.5200161279292155,PEG AND
032,031,P,+,1.418,28.0,2.418,28.0,0.8826772032729278,0.021849635183589754,0.4694715627858908,0.882161438545796,0.037251148682764065,0.4694715627858908,PEG AND
030,029,P,+,2.418,22.0,3.543,22.0,0.9263583133996464,0.039117456009922114,0.374606593415912,0.9254117289165793,0.057297749981593774,0.374606593415912,PEG AND
068,067,M,+,326.418,1.75,326.418,2.75,0.8327064895203284,-0.5528718671823197,0.03053851320982266,0.8321356491647959,-0.5524928602006303,0.04797812852134394,PEG AQR
125,677,M,+,42.168,30.666666666666668,42.168,34.0,0.6375250360227741,0.5774239214557046,0.5100425897656753,0.6144657698035417,0.5565385111990876,0.5591929034707469,PER TRI
678,679,M,+,39.918,34.0,39.918,36.75,0.6358416383762094,0.5319856272635698,0.5591929034707469,0.6145325059834288,0.5141570493941403,0.598324600570659,PER TRI
019,018,M,+,39.168,36.75,39.168,50.5,0.6212099653295147,0.5060690183436094,0.598324600570659,0.4931497646650981,0.4017447098873686,0.77162458338772,PER AND
015,014,M,+,26.417999999999996,47.0,26.417999999999996,50.0,0.6107786556270268,0.3034323597745947,0.7313537016191705,0.5756626043236769,0.2859868478616049,0.766044443118978,PER AND
013,292,M,+,21.918,50.0,21.918,54.0,0.5963262981055069,0.23993927847336097,0.766044443118978,0.545299564426128,0.21940803961842736,0.8090169943749475,PER CAS
292,291,P,+,21.918,54.0,26.918,54.0,0.545299564426128,0.21940803961842736,0.8090169943749475,0.5241018642952953,0.26609911434411465,0.8090169943749475,PER CAS
291,290,M,+,26.918,54.0,26.918,57.5,0.5241018642952953,0.26609911434411465,0.8090169943749475,0.4790860698212663,0.2432435134445791,0.8433914458128856,PER CAS
290,289,P,+,26.918,57.5,30.043,57.5,0.4790860698212663,0.2432435134445791,0.8433914458128856,0.465113359833667,0.26899894355533843,0.8433914458128856,PER CAS
289,288,M,+,30.043,57.5,30.043,58.5,0.465113359833667,0.26899894355533843,0.8433914458128856,0.4523008376853961,0.26158880396399925,0.8526401643540922,PER CAS
288,287,P,+,30.043,58.5,37.918,58.5,0.4523008376853961,0.26158880396399925,0.8526401643540922,0.41219444787920745,0.3210926459260348,0.8526401643540922,PER CAS
286,189,P,+,37.918,57.0,47.918,57.0,0.4296608670179392,0.3346986970627353,0.838670567945424,0.3650135341927739,0.4042236983629245,0.838670567945424,PER CAS
189,188,P,+,47.918,57.0,48.918,57.0,0.3650135341927739,0.4042236983629245,0.838670567945424,0.35790326458812194,0.410532497689604,0.838670567945424,PER CAM
187,186,P,+,48.918,55.0,51.418,55.0,0.3769191443562184,0.43234463909587423,0.8191520442889918,0.3577017925611863,0.44837412496226814,0.8191520442889918,PER CAM
185,133,P,+,51.418,52.5,71.79300000000002,52.5,0.3796443518214128,0.47587881186163244,0.7933533402912352,0.19020810335210064,0.5782831096166793,0.7933533402912352,PER CAM
516,499,P,+,351.418,-40.0,26.417999999999996,-40.0,0.7574672810908544,-0.11431275917540362,-0.6427876096865393,0.6860479768248811,0.3408258533737613,-0.6427876096865393,PHE SCL
499,491,P,+,26.417999999999996,-40.0,36.418,-40.0,0.6860479768248811,0.3408258533737613,-0.6427876096865393,0.6164415781753524,0.45477892379720725,-0.6427876096865393,PHE FOR
680,515,M,+,351.418,-58.5,351.418,-57.0,0.5166483103484817,-0.0779696963203369,-0.8526401643540922,0.5385408806688579,-0.08127360155986046,-0.838670567945424,PHE TUC
515,516,M,+,351.418,-57.0,351.418,-40.0,0.5385408806688579,-0.08127360155986046,-0.838670567945424,0.7574672810908544,-0.11431275917540362,-0.6427876096865393,PHE GRU
267,268,P,+,91.418,-52.5,93.918,-52.5,-0.015064557902709571,0.6085750048629466,-0.7933533402912352,-0.041595888659597,0.6073386695208515,-0.7933533402912352,PIC CAR
269,270,P,+,93.918,-55.0,98.918,-55.0,-0.03919174318102989,0.5722359090476565,-0.8191520442889918,-0.08891625244584522,0.5666425931644675,-0.8191520442889918,PIC CAR
271,272,P,+,98.918,-58.0,103.918,-58.0,-0.0821484846452763,0.5235131832876284,-0.8480480961564261,-0.12746306518751954,0.5143613453774141,-0.8480480961564261,PIC CAR
428,429,M,+,91.418,-64.0,91.418,-61.0,-0.01084803867162657,0.43823690213644695,-0.898794046299167,-0.011997216393759008,0.4846611545009553,-0.8746197071393957,PIC DOR
430,431,M,+,83.918,-61.0,83.918,-57.5,0.05136639646960175,0.482080762110588,-0.8746197071393957,0.05692779918699069,0.5342752987078628,-0.8433914458128856,PIC DOR
432,433,M,+,76.418,-57.5,76.418,-54.0,0.12617769431083012,0.5222739306035226,-0.8433914458128856,0.13803357890464063,0.571347734665416,-0.8090169943749475,PIC DOR
434,173,M,+,68.918,-54.0,68.918,-49.0,0.21142852674147153,0.5484427781386653,-0.8090169943749475,0.23598685644784345,0.6121467578153398,-0.754709580222772,PIC DOR
173,174,M,+,68.918,-49.0,68.918,-46.5,0.23598685644784345,0.6121467578153398,-0.754709580222772,0.24760368390846205,0.6422806532922243,-0.7253743710122876,PIC CAE
174,175,P,+,68.918,-46.5,73.918,-46.5,0.24760368390846205,0.6422806532922243,-0.7253743710122876,0.19068302974745932,0.6614166644747149,-0.7253743710122876,PIC CAE
175,176,M,+,73.918,-46.5,73.918,-43.0,0.19068302974745932,0.6614166644747149,-0.7253743710122876,0.20259433810142422,0.7027330723975559,-0.6819983600624985,PIC CAE
176,177,P,+,73.918,-43.0,76.418,-43.0,0.20259433810142422,0.7027330723975559,-0.6819983600624985,0.1717487270834398,0.7109012671372029,-0.6819983600624985,PIC CAE
177,356,P,+,76.418,-43.0,91.418,-43.0,0.1717487270834398,0.7109012671372029,-0.6819983600624985,-0.01809825600045555,0.7311297354107577,-0.6819983600624985,PIC COL
072,071,M,+,342.668,0.0,342.668,2.0,0.9545945651417171,-0.2979080666949048,0.0,0.9540130519249148,-0.29772658914988087,0.03489949670250097,PSC AQR
071,676,M,+,342.668,2.0,342.668,7.5,0.9540130519249148,-0.29772658914988087,0.03489949670250097,0.9464278763051226,-0.2953594218864698,0.13052619222005157,PSC PEG
676,675,P,+,342.668,7.5,358.918,7.5,0.9464278763051226,-0.2953594218864698,0.13052619222005157,0.9912680806447712,-0.018721790495709083,0.13052619222005157,PSC PEG
675,674,M,+,358.918,7.5,358.918,10.0,0.9912680806447712,-0.018721790495709083,0.13052619222005157,0.9846321557204941,-0.01859645972131679,0.17364817766693033,PSC PEG
674,673,P,+,358.918,10.0,1.418,10.0,0.9846321557204941,-0.01859645972131679,0.17364817766693033,0.9845061702650785,0.024370291400438192,0.17364817766693033,PSC PEG
673,672,M,+,1.418,10.0,1.418,12.5,0.9845061702650785,0.024370291400438192,0.17364817766693033,0.9759970309685594,0.024159657673107408,0.21643961393810288,PSC PEG
672,671,P,+,1.418,12.5,3.543,12.5,0.9759970309685594,0.024159657673107408,0.21643961393810288,0.9744300134576285,0.06033276382937357,0.21643961393810288,PSC PEG
671,028,M,+,3.543,12.5,3.543,21.0,0.9744300134576285,0.06033276382937357,0.21643961393810288,0.9317960750849341,0.057693042864880015,0.35836794954530027,PSC PEG
028,027,P,+,3.543,21.0,14.168,21.0,0.9317960750849341,0.057693042864880015,0.35836794954530027,0.9051829677018525,0.2285086600572597,0.35836794954530027,PSC AND
027,026,M,+,14.168,21.0,14.168,23.75,0.9051829677018525,0.2285086600572597,0.35836794954530027,0.8874697214352926,0.22403704457833362,0.40274668985873724,PSC AND
025,024,M,+,12.168,23.75,12.168,33.0,0.8947478789581232,0.1929283206472544,0.40274668985873724,0.819828800285205,0.1767740358786373,0.5446390350150271,PSC AND
024,023,P,+,12.168,33.0,22.543,33.0,0.819828800285205,0.1767740358786373,0.5446390350150271,0.7745894872917027,0.32152674494523364,0.5446390350150271,PSC AND
681,682,P,+,22.543,28.0,26.417999999999996,28.0,0.8154833964586499,0.33850152412601925,0.4694715627858908,0.7907431679250293,0.3928379998361441,0.4694715627858908,PSC TRI
119,118,P,+,26.417999999999996,9.916666666666666,31.418,9.916666666666666,0.8821915319726198,0.43826917632675017,0.17221564968862135,0.8406368512663962,0.513489488008513,0.17221564968862135,PSC ARI
075,074,M,+,358.918,-7.0,358.918,-4.0,0.9923691745454409,-0.018742586534365984,-0.12186934340514748,0.9973861784416943,-0.018837341220505698,-0.0697564737441253,PSC AQR
073,072,M,+,342.668,-4.0,342.668,0.0,0.952269220758787,-0.2971823776172431,-0.0697564737441253,0.9545945651417171,-0.2979080666949048,0.0,PSC AQR
510,255,M,+,321.418,-37.0,321.418,-28.0,0.6243065009073864,-0.4980562928357347,-0.6018150231520483,0.6902146414072098,-0.5506361780000387,-0.4694715627858908,PSA MIC
255,256,M,+,321.418,-28.0,321.418,-25.5,0.6902146414072098,-0.5506361780000387,-0.4694715627858908,0.7055657475205325,-0.562882910959918,-0.43051109680829514,PSA CAP
256,078,P,+,321.418,-25.5,329.418,-25.5,0.7055657475205325,-0.562882910959918,-0.43051109680829514,0.7770373903630798,-0.4592092001502728,-0.43051109680829514,PSA CAP
078,077,P,+,329.418,-25.5,346.418,-25.5,0.7770373903630798,-0.4592092001502728,-0.43051109680829514,0.8773443286376188,-0.21196019563192686,-0.43051109680829514,PSA AQR
238,555,P,+,111.918,-11.0,122.66800000000002,-11.0,-0.36642106129134727,0.9106742189858656,-0.1908089953765448,-0.5298531482150338,0.8263459134103655,-0.1908089953765448,PUP MON
555,554,P,+,122.66800000000002,-11.0,126.918,-11.0,-0.5298531482150338,0.8263459134103655,-0.1908089953765448,-0.5896353981549676,0.7848069982651956,-0.1908089953765448,PUP HYA
266,356,M,+,91.418,-50.75,91.418,-43.0,-0.015657079445725475,0.6325115719531397,-0.7743926440821856,-0.01809825600045555,0.7311297354107577,-0.6819983600624985,PUP PIC
356,355,P,+,91.418,-43.0,100.168,-43.0,-0.01809825600045555,0.7311297354107577,-0.6819983600624985,-0.12910955073226482,0.7198673216515494,-0.6819983600624985,PUP COL
355,240,M,+,100.168,-43.0,100.168,-33.0,-0.12910955073226482,0.7198673216515494,-0.6819983600624985,-0.1480547374000859,0.8254987076133383,-0.5446390350150271,PUP COL
240,239,P,+,100.168,-33.0,111.918,-33.0,-0.1480547374000859,0.8254987076133383,-0.5446390350150271,-0.3130583227137816,0.7780506462419615,-0.5446390350150271,PUP CMA
239,238,M,+,111.918,-33.0,111.918,-11.0,-0.3130583227137816,0.7780506462419615,-0.5446390350150271,-0.36642106129134727,0.9106742189858656,-0.1908089953765448,PUP CMA
553,552,P,+,126.918,-17.0,130.168,-17.0,-0.5744249395777012,0.7645618189974406,-0.29237170472273677,-0.6168462158182767,0.7307664006426354,-0.29237170472273677,PYX HYA
551,550,P,+,130.168,-19.0,137.668,-19.0,-0.6098887950807912,0.7225240718746067,-0.3255681544571567,-0.6989794277814347,0.6367363161793891,-0.3255681544571567,PYX HYA
549,038,P,+,137.668,-24.0,141.918,-24.0,-0.6753431373155304,0.6152048033462074,-0.4067366430758002,-0.7190779678305249,0.5634644437408199,-0.4067366430758002,PYX HYA
685,553,M,+,126.918,-36.75,126.918,-17.0,-0.48129026868423935,0.6405992113808867,-0.598324600570659,-0.5744249395777012,0.7645618189974406,-0.29237170472273677,PYX PUP
541,540,M,+,49.418,-67.5,49.418,-57.5,0.24894921658091929,0.290638774031396,-0.9238795325112867,0.3495325515936258,0.4080660050850839,-0.8433914458128856,RET HOR
540,539,P,+,49.418,-57.5,53.918,-57.5,0.3495325515936258,0.4080660050850839,-0.8433914458128856,0.31643856963140454,0.434232081702033,-0.8433914458128856,RET HOR
539,538,M,+,53.918,-57.5,53.918,-53.166666666666664,0.31643856963140454,0.434232081702033,-0.8433914458128856,0.35306474729655263,0.4844922677180784,-0.8003827376560636,RET HOR
538,418,P,+,53.918,-53.166666666666664,58.918,-53.166666666666664,0.35306474729655263,0.4844922677180784,-0.8003827376560636,0.3094949458914612,0.5134202486558417,-0.8003827376560636,RET HOR
418,419,P,+,58.918,-53.166666666666664,61.418,-53.166666666666664,0.3094949458914612,0.5134202486558417,-0.8003827376560636,0.28680529857411136,0.5264315662761871,-0.8003827376560636,RET DOR
420,421,P,+,61.418,-56.5,66.418,-56.5,0.2640554890900813,0.4846742560078481,-0.8338858220671682,0.22080853346052906,0.5058438764148218,-0.8338858220671682,RET DOR
422,423,P,+,66.418,-59.0,70.168,-59.0,0.2060467137075886,0.4720264509297732,-0.8571673007021123,0.17473354490690146,0.4844919059089867,-0.8571673007021123,RET DOR
091,531,M,+,284.418,18.5,284.418,21.083333333333332,0.23612705597779574,-0.9184561875554572,0.31730465640509214,0.23232605024720893,-0.903671531821133,0.3597254077106289,SGE HER
531,686,P,+,284.418,21.083333333333332,290.168,21.083333333333332,0.23232605024720893,-0.903671531821133,0.3597254077106289,0.32169420507272734,-0.8758484283653467,0.3597254077106289,SGE VUL
687,688,P,+,290.168,19.166666666666668,298.918,19.166666666666668,0.3256623203366623,-0.8866520656789386,0.3283171752135611,0.4567526174337441,-0.8267919199697173,0.3283171752135611,SGE VUL
688,689,M,+,298.918,19.166666666666668,298.918,21.25,0.4567526174337441,-0.8267919199697173,0.3283171752135611,0.4506792971047884,-0.815798283625429,0.36243803828370164,SGE VUL
689,690,P,+,298.918,21.25,305.168,21.25,0.4506792971047884,-0.815798283625429,0.36243803828370164,0.5368140214404921,-0.7618854079124687,0.36243803828370164,SGE VUL
095,094,M,+,298.918,15.75,298.918,16.166666666666668,0.46540234664921865,-0.8424492494568718,0.27144044986507426,0.4644355206151414,-0.8406991468357141,0.2784323826365118,SGE AQL
093,092,M,+,286.418,16.166666666666668,286.418,18.5,0.27146594556201586,-0.9212934650259252,0.2784323826365118,0.26803687244421737,-0.9096559734503856,0.31730465640509214,SGE AQL
102,101,P,+,284.418,-12.033333333333333,301.418,-12.033333333333333,0.24352288528853547,-0.9472235186197622,-0.20848071880714492,0.5098234482795961,-0.8346351547053109,-0.20848071880714492,SGR AQL
253,254,P,+,301.418,-28.0,306.418,-28.0,0.4602609407688749,-0.7534960637839615,-0.4694715627858908,0.5241810180291999,-0.710514399624135,-0.4694715627858908,SGR CAP
364,363,M,+,288.918,-45.5,288.918,-37.0,0.22724503336572183,-0.6630486344092492,-0.7132504491541816,0.25892931135535274,-0.755496055336851,-0.6018150231520483,SGR CRA
362,693,M,+,268.918,-37.0,268.918,-30.0,-0.015080905942485625,-0.7984931084138757,-0.6018150231520483,-0.016353452224410675,-0.8658709861176456,-0.49999999999999994,SGR SCO
647,646,M,+,265.418,-30.0,265.418,-16.0,-0.06918310886760215,-0.863257607813226,-0.49999999999999994,-0.07679113368931818,-0.9581895271108541,-0.27563735581699916,SGR OPH
646,692,P,+,265.418,-16.0,275.168,-16.0,-0.07679113368931818,-0.9581895271108541,-0.27563735581699916,0.08658695392010832,-0.9573540345603867,-0.27563735581699916,SGR SER2
692,691,P,+,275.168,-16.0,284.418,-16.0,0.08658695392010832,-0.9573540345603867,-0.27563735581699916,0.23934855261707544,-0.9309867445019419,-0.27563735581699916,SGR SCT
691,102,M,+,284.418,-16.0,284.418,-12.033333333333333,0.23934855261707544,-0.9309867445019419,-0.27563735581699916,0.24352288528853547,-0.9472235186197622,-0.20848071880714492,SGR SCT
605,655,P,+,240.168,-8.0,245.418,-8.0,-0.4926173028817422,-0.859045424218462,-0.13917310096006544,-0.4119466907967996,-0.9005169470424894,-0.13917310096006544,SCO OPH
654,653,P,+,245.418,-18.25,247.043,-18.25,-0.3950702084018961,-0.863624895855771,-0.31316380648374953,-0.370420825135119,-0.874480898942239,-0.31316380648374953,SCO OPH
650,649,P,+,245.418,-24.583333333333332,252.668,-24.583333333333332,-0.378288147785985,-0.826939251017379,-0.416016288589119,-0.27090483399252097,-0.8680674043805697,-0.416016288589119,SCO OPH
648,647,P,+,252.668,-30.0,265.418,-30.0,-0.25799595375009643,-0.8267031437272864,-0.49999999999999994,-0.06918310886760215,-0.863257607813226,-0.49999999999999994,SCO OPH
647,693,P,+,265.418,-30.0,268.918,-30.0,-0.06918310886760215,-0.863257607813226,-0.49999999999999994,-0.016353452224410675,-0.8658709861176456,-0.49999999999999994,SCO SGR
106,628,M,+,247.7305,-45.5,247.7305,-42.0,-0.26561909326089583,-0.6486295507272374,-0.7132504491541816,-0.2816248332828237,-0.6877148281898889,-0.6691306063588582,SCO NOR
613,614,M,+,241.418,-42.0,241.418,-29.5,-0.3555323806489423,-0.652580231039772,-0.6691306063588582,-0.4163920974489681,-0.7642883347514053,-0.49242356010346716,SCO LUP
602,603,M,+,236.418,-29.5,236.418,-20.0,-0.4814197172945929,-0.7250890243652992,-0.49242356010346716,-0.5197720402737567,-0.7828532734230248,-0.3420201433256687,SCO LIB
603,604,P,+,236.418,-20.0,240.168,-20.0,-0.5197720402737567,-0.7828532734230248,-0.3420201433256687,-0.4674581146271768,-0.815171842391955,-0.3420201433256687,SCO LIB
604,605,M,+,240.168,-20.0,240.168,-8.0,-0.4674581146271768,-0.815171842391955,-0.3420201433256687,-0.4926173028817422,-0.859045424218462,-0.13917310096006544,SCO LIB
077,076,P,+,346.418,-25.5,358.918,-25.5,0.8773443286376188,-0.21196019563192686,-0.43051109680829514,0.9024243478310449,-0.0170438248827001,-0.43051109680829514,SCL AQR
076,340,P,+,358.918,-25.5,26.417999999999996,-25.5,0.9024243478310449,-0.0170438248827001,-0.43051109680829514,0.8083301351537359,0.40157513385076754,-0.43051109680829514,SCL CET
516,517,M,+,351.418,-40.0,351.418,-37.0,0.7574672810908544,-0.11431275917540362,-0.6427876096865393,0.7896934359514366,-0.11917615165675509,-0.6018150231520483,SCL GRU
518,077,M,+,346.418,-37.0,346.418,-25.5,0.7763015279972225,-0.18754896837273483,-0.6018150231520483,0.8773443286376188,-0.21196019563192686,-0.43051109680829514,SCL PSA
692,694,M,+,275.168,-16.0,275.168,-4.0,0.08658695392010832,-0.9573540345603867,-0.27563735581699916,0.08985693783199127,-0.9935088148045003,-0.0697564737441253,SCT SER2
694,104,P,+,275.168,-4.0,280.168,-4.0,0.08985693783199127,-0.9935088148045003,-0.0697564737441253,0.17610500373562096,-0.9818966656578797,-0.0697564737441253,SCT SER2
104,103,P,+,280.168,-4.0,284.418,-4.0,0.17610500373562096,-0.9818966656578797,-0.0697564737441253,0.24838762699209563,-0.9661457556331863,-0.0697564737441253,SCT AQL
598,151,M,+,227.668,0.0,227.668,8.0,-0.6734254964539369,-0.7392550985456703,0.0,-0.6668717658147734,-0.7320607187441802,0.13917310096006544,SER1 VIR
151,170,M,+,227.668,8.0,227.668,26.0,-0.6668717658147734,-0.7320607187441802,0.13917310096006544,-0.6052708268388594,-0.6644380812691525,0.4383711467890774,SER1 BOO
170,169,P,+,227.668,26.0,229.168,26.0,-0.6052708268388594,-0.6644380812691525,0.4383711467890774,-0.587670454336313,-0.6800545380798372,0.4383711467890774,SER1 BOO
169,369,P,+,229.168,26.0,241.91800000000003,26.0,-0.587670454336313,-0.6800545380798372,0.4383711467890774,-0.423093572397719,-0.7929833331530779,0.4383711467890774,SER1 CRB
522,521,P,+,240.168,16.0,242.66799999999998,16.0,-0.47818783515702956,-0.8338827509824427,0.27563735581699916,-0.4413592515633338,-0.8539473397919024,0.27563735581699916,SER1 HER
520,519,P,+,242.66799999999998,4.0,245.418,4.0,-0.4580273243691336,-0.8861969332501877,0.0697564737441253,-0.41498178355342935,-0.9071516707197314,0.0697564737441253,SER1 HER
607,598,M,+,227.668,-3.25,227.668,0.0,-0.672342406400558,-0.7380661328050493,-0.05669278756337751,-0.6734254964539369,-0.7392550985456703,0.0,SER1 LIB
635,634,M,+,275.168,0.0,275.168,3.0,0.09007635931606321,-0.995934862072999,0.0,0.08995291279618603,-0.9945699679578196,0.052335956242943835,SER2 OPH
634,633,P,+,275.168,3.0,277.793,3.0,0.08995291279618603,-0.9945699679578196,0.052335956242943835,0.1354087011495243,-0.9894066056668186,0.052335956242943835,SER2 OPH
633,632,M,+,277.793,3.0,277.793,4.5,0.1354087011495243,-0.9894066056668186,0.052335956242943835,0.13517653605891555,-0.9877102178253911,0.07845909572784494,SER2 OPH
631,630,M,+,275.168,4.5,275.168,6.25,0.08979868396175694,-0.9928647272696847,0.07845909572784494,0.08954097590212373,-0.9900153621002363,0.10886687485196457,SER2 OPH
630,088,P,+,275.168,6.25,281.3513333333333,6.25,0.08954097590212373,-0.9900153621002363,0.10886687485196457,0.1956547740965543,-0.9746113137724152,0.10886687485196457,SER2 OPH
088,087,P,+,281.3513333333333,6.25,284.418,6.25,0.1956547740965543,-0.9746113137724152,0.10886687485196457,0.247514227164846,-0.9627485190385678,0.10886687485196457,SER2 AQL
645,644,M,+,258.918,-16.0,258.918,-10.0,-0.18476764306690432,-0.9433371434188914,-0.27563735581699916,-0.18929351722525678,-0.9664441394770034,-0.17364817766693033,SER2 OPH
644,643,P,+,258.918,-10.0,265.168,-10.0,-0.18929351722525678,-0.9664441394770034,-0.17364817766693033,-0.0829546673983045,-0.9813077160349809,-0.17364817766693033,SER2 OPH
642,641,P,+,265.168,-11.666666666666666,266.418,-11.666666666666666,-0.0824941470045504,-0.9758600151405572,-0.20221757233203794,-0.061186241591381446,-0.9774273872160827,-0.20221757233203794,SER2 OPH
641,640,M,+,266.418,-11.666666666666666,266.418,-10.0,-0.061186241591381446,-0.9774273872160827,-0.20221757233203794,-0.06152781142503815,-0.9828838379046626,-0.17364817766693033,SER2 OPH
640,639,P,+,266.418,-10.0,270.918,-10.0,-0.06152781142503815,-0.9828838379046626,-0.17364817766693033,0.015778035411230264,-0.984681351499822,-0.17364817766693033,SER2 OPH
639,638,M,+,270.918,-10.0,270.918,-4.0,0.015778035411230264,-0.984681351499822,-0.17364817766693033,0.015982409624444416,-0.9974360114580691,-0.0697564737441253,SER2 OPH
637,636,M,+,268.918,-4.0,268.918,0.0,-0.018837341220505635,-0.9973861784416943,-0.0697564737441253,-0.018883340087886374,-0.9998216938370187,0.0,SER2 OPH
636,635,P,+,268.918,0.0,275.168,0.0,-0.018883340087886374,-0.9998216938370187,0.0,0.09007635931606321,-0.995934862072999,0.0,SER2 OPH
544,543,M,+,145.168,0.0,145.168,7.0,-0.8208303344935248,0.5711720948849376,0.0,-0.8147119896520071,0.5669146647029568,0.12186934340514748,SEX HYA
543,577,P,+,145.168,7.0,162.668,7.0,-0.8147119896520071,0.5669146647029568,0.12186934340514748,-0.9474791620091328,0.2956875051409335,0.12186934340514748,SEX LEO
545,544,M,+,145.168,-11.0,145.168,0.0,-0.8057493693372827,0.5606780547658031,-0.1908089953765448,-0.8208303344935248,0.5711720948849376,0.0,SEX HYA
336,335,M,+,50.668,-1.75,50.668,0.0,0.6335173515498461,0.7731255813231134,-0.03053851320982266,0.6338129677258036,0.7734863424409052,0.0,TAU CET
335,129,M,+,50.668,0.0,50.668,9.916666666666666,0.6338129677258036,0.7734863424409052,0.0,0.6243433407809816,0.7619298936416453,0.17221564968862135,TAU CET
129,128,M,+,50.668,9.916666666666666,50.668,19.0,0.6243433407809816,0.7619298936416453,0.17221564968862135,0.5992819344404776,0.7313457047502501,0.3255681544571567,TAU ARI
128,127,P,+,50.668,19.0,51.918,19.0,0.5992819344404776,0.7313457047502501,0.3255681544571567,0.5831850990989343,0.7442449307804031,0.3255681544571567,TAU ARI
127,126,M,+,51.918,19.0,51.918,30.666666666666668,0.5831850990989343,0.7442449307804031,0.3255681544571567,0.5305302074443824,0.6770481929775335,0.5100425897656753,TAU ARI
126,130,P,+,51.918,30.666666666666668,68.918,30.666666666666668,0.5305302074443824,0.6770481929775335,0.5100425897656753,0.30939882620082876,0.8025764281180158,0.5100425897656753,TAU PER
150,149,P,+,68.918,30.0,72.668,30.0,0.31151253715314864,0.808059366133707,0.49999999999999994,0.2579959537500961,0.8267031437272865,0.49999999999999994,TAU AUR
148,147,P,+,72.668,28.5,89.668,28.5,0.26180670701152414,0.8389140395006485,0.4771587602596084,0.005092271213499457,0.8788023590554372,0.4771587602596084,TAU AUR
666,665,P,+,86.918,18.0,87.918,18.0,0.051133658951389785,0.9496809180507506,0.3090169943749474,0.034551653679905786,0.9504286824456938,0.3090169943749474,TAU ORI
663,662,M,+,85.418,12.5,85.418,15.5,0.07799216126042838,0.9731757890023016,0.21643961393810288,0.07698036369503874,0.9605507138909615,0.26723837607825685,TAU ORI
661,660,M,+,81.418,15.5,81.418,16.0,0.14379747405153295,0.9528409819101269,0.26723837607825685,0.14344399693696402,0.9504987468802688,0.27563735581699916,TAU ORI
109,108,M,+,271.418,-57.0,271.418,-45.5,0.013477769595915205,-0.5444722474000114,-0.838670567945424,0.017344870573985177,-0.7006946212481796,-0.7132504491541816,TEL ARA
108,364,P,+,271.418,-45.5,288.918,-45.5,0.017344870573985177,-0.7006946212481796,-0.7132504491541816,0.22724503336572183,-0.6630486344092492,-0.7132504491541816,TEL CRA
364,568,P,+,288.918,-45.5,306.418,-45.5,0.22724503336572183,-0.6630486344092492,-0.7132504491541816,0.4161100100144849,-0.5640268223649505,-0.7132504491541816,TEL SGR
120,682,M,+,26.417999999999996,25.0,26.417999999999996,28.0,0.811663904440801,0.4032313369161477,0.42261826174069944,0.7907431679250293,0.3928379998361441,0.4694715627858908,TRI PSC
681,023,M,+,22.543,28.0,22.543,33.0,0.8154833964586499,0.33850152412601925,0.4694715627858908,0.7745894872917027,0.32152674494523364,0.5446390350150271,TRI PSC
023,022,M,+,22.543,33.0,22.543,35.0,0.7745894872917027,0.32152674494523364,0.5446390350150271,0.7565623335920504,0.31404379798458915,0.573576436351046,TRI AND
022,021,P,+,22.543,35.0,31.418,35.0,0.7565623335920504,0.31404379798458915,0.573576436351046,0.6990537671820328,0.42700574030268346,0.573576436351046,TRI AND
021,020,M,+,31.418,35.0,31.418,36.75,0.6990537671820328,0.42700574030268346,0.573576436351046,0.6837796476682492,0.41767579028074686,0.598324600570659,TRI AND
020,019,P,+,31.418,36.75,39.168,36.75,0.6837796476682492,0.41767579028074686,0.598324600570659,0.6212099653295147,0.5060690183436094,0.598324600570659,TRI AND
019,679,P,+,39.168,36.75,39.918,36.75,0.6212099653295147,0.5060690183436094,0.598324600570659,0.6145325059834288,0.5141570493941403,0.598324600570659,TRI PER
678,677,P,+,39.918,34.0,42.168,34.0,0.6358416383762094,0.5319856272635698,0.5591929034707469,0.6144657698035417,0.5565385111990876,0.5591929034707469,TRI PER
058,346,M,+,222.668,-70.0,222.668,-67.5,-0.25148509807288777,-0.23180384787095548,-0.9396926207859083,-0.28138453947013803,-0.2593633558425411,-0.9238795325112867,TRA CIR
346,347,P,+,222.668,-67.5,225.168,-67.5,-0.28138453947013803,-0.2593633558425411,-0.9238795325112867,-0.2698034530514022,-0.27139032062375784,-0.9238795325112867,TRA CIR
347,348,M,+,225.168,-67.5,225.168,-63.583333333333336,-0.2698034530514022,-0.27139032062375784,-0.9238795325112867,-0.313665001644808,-0.31550984393301323,-0.8955823832147036,TRA CIR
348,349,P,+,225.168,-63.583333333333336,228.918,-63.583333333333336,-0.313665001644808,-0.31550984393301323,-0.8955823832147036,-0.29235808970278976,-0.33534898577572486,-0.8955823832147036,TRA CIR
349,350,M,+,228.918,-63.583333333333336,228.918,-61.0,-0.29235808970278976,-0.33534898577572486,-0.8955823832147036,-0.31858705424062056,-0.3654348871600541,-0.8746197071393957,TRA CIR
350,351,P,+,228.918,-61.0,231.418,-61.0,-0.31858705424062056,-0.3654348871600541,-0.8746197071393957,-0.3023437840582528,-0.3789836462497217,-0.8746197071393957,TRA CIR
351,352,M,+,231.418,-61.0,231.418,-60.0,-0.3023437840582528,-0.3789836462497217,-0.8746197071393957,-0.3118170220143617,-0.3908582157024401,-0.8660254037844386,TRA CIR
352,105,P,+,231.418,-60.0,247.7305,-60.0,-0.3118170220143617,-0.3908582157024401,-0.8660254037844386,-0.1894817965676534,-0.4627057907239702,-0.8660254037844386,TRA NOR
117,116,P,+,247.7305,-61.0,250.16799999999998,-61.0,-0.18372519567511544,-0.44864843737333815,-0.8746197071393957,-0.16447813798116848,-0.45605625750519563,-0.8746197071393957,TRA ARA
115,114,P,+,250.16799999999998,-63.583333333333336,252.668,-63.583333333333336,-0.1509368117065039,-0.4185095862072304,-0.8955823832147036,-0.1325380215497388,-0.4246950290728075,-0.8955823832147036,TRA ARA
113,112,P,+,252.668,-65.0,253.91799999999998,-65.0,-0.125901389305133,-0.40342909578731145,-0.9063077870366499,-0.1170706688396796,-0.4060796149207202,-0.9063077870366499,TRA ARA
111,056,P,+,253.91799999999998,-67.5,256.418,-67.5,-0.10600820985897991,-0.3677075860642812,-0.9238795325112867,-0.0898681338989794,-0.3719816230894228,-0.9238795325112867,TRA ARA
565,566,M,+,351.418,-75.0,351.418,-67.5,0.2559211285315578,-0.03862219671270064,-0.9659258262890683,0.37839864466855655,-0.057105823868724336,-0.9238795325112867,TUC IND
567,514,M,+,331.418,-67.5,331.418,-57.0,0.33604707204612017,-0.18308187997711842,-0.9238795325112867,0.47826568270197345,-0.2605640328435894,-0.838670567945424,TUC IND
514,515,P,+,331.418,-57.0,351.418,-57.0,0.47826568270197345,-0.2605640328435894,-0.838670567945424,0.5385408806688579,-0.08127360155986046,-0.838670567945424,TUC GRU
680,484,P,+,351.418,-58.5,21.418,-58.5,0.5166483103484817,-0.0779696963203369,-0.8526401643540922,0.4864154097442603,0.1908004174354711,-0.8526401643540922,TUC PHE
562,561,M,+,12.668,-76.0,12.668,-75.0,0.23603283373334139,0.05305379317584492,-0.9702957262759965,0.2525186589179048,0.056759360515103684,-0.9659258262890683,TUC HYI
618,617,M,+,138.918,42.0,138.918,47.0,-0.5601601826793814,0.488349056899293,0.6691306063588582,-0.5140698190480351,0.44816736189938894,0.7313537016191705,UMA LYN
616,615,M,+,127.66799999999999,47.0,127.66799999999999,60.0,-0.4167589966717944,0.5398459982449222,0.7313537016191705,-0.30554252112395297,0.3957824753386876,0.8660254037844386,UMA LYN
211,210,M,+,120.918,60.0,120.918,73.5,-0.2569053978759519,0.4289517648200074,0.8660254037844386,-0.14593015026807377,0.24365776669342076,0.958819734868193,UMA CAM
210,209,P,+,120.918,73.5,138.918,73.5,-0.14593015026807377,0.24365776669342076,0.958819734868193,-0.2140822110560956,0.18663741033517747,0.958819734868193,UMA CAM
209,459,P,+,138.918,73.5,171.418,73.5,-0.2140822110560956,0.18663741033517747,0.958819734868193,-0.2808353129813761,0.04238210719089598,0.958819734868193,UMA DRA
458,457,P,+,171.418,66.5,181.418,66.5,-0.3942843992791744,0.0595032138107795,0.917060074385124,-0.3986269579454596,-0.009867541127330341,0.917060074385124,UMA DRA
456,455,P,+,181.418,64.0,203.918,64.0,-0.43823690213644695,-0.01084803867162664,0.898794046299167,-0.40072673960172783,-0.17772828279522623,0.898794046299167,UMA DRA
454,453,P,+,203.918,63.0,217.668,63.0,-0.4150048060948717,-0.18406081813335864,0.8910065241883678,-0.3593629675343312,-0.2774268037134888,0.8910065241883678,UMA DRA
232,231,M,+,203.918,48.5,203.918,53.0,-0.6057186323989336,-0.2686452431408228,0.7489557207890021,-0.5501351396812952,-0.2439931355168467,0.7986355100472928,UMA CVN
585,596,M,+,166.418,29.0,166.418,34.0,-0.8501608136965882,0.2053928503413822,0.48480962024633706,-0.8058533914970498,0.19468848995423071,0.5591929034707469,UMA LMI
595,594,M,+,163.168,34.0,163.168,40.0,-0.7935198805590349,0.2400614418550616,0.5591929034707469,-0.7332255076609641,0.22182074688537734,0.6427876096865393,UMA LMI
593,592,M,+,153.918,40.0,153.918,42.0,-0.6880348759721405,0.3367968204711356,0.6427876096865393,-0.6674672238922084,0.32672884271740593,0.6691306063588582,UMA LMI
203,202,P,+,196.418,77.0,205.168,77.0,-0.21577872617061908,-0.06358080042435336,0.9743700647852352,-0.20359526106758447,-0.09566580643698457,0.9743700647852352,UMI CAM
202,201,M,+,205.168,77.0,205.168,80.0,-0.20359526106758447,-0.09566580643698457,0.9743700647852352,-0.15716283779655552,-0.07384803330339551,0.984807753012208,UMI CAM
201,200,P,+,205.168,80.0,218.918,80.0,-0.15716283779655552,-0.07384803330339551,0.984807753012208,-0.13510624047078165,-0.10908709086274672,0.984807753012208,UMI CAM
200,199,M,+,218.918,80.0,218.918,86.5,-0.13510624047078165,-0.10908709086274672,0.984807753012208,-0.04749856159508177,-0.038351151556859545,0.9981347984218669,UMI CAM
198,321,M,+,121.418,86.5,121.418,88.0,-0.03182324575788101,0.052098034596062215,0.9981347984218669,-0.018192331362094607,0.029782779415286828,0.9993908270190958,UMI CEP
440,439,M,+,211.418,66.0,211.418,70.0,-0.34710379419232923,-0.21202276499909162,0.9135454576426009,-0.29187556975637347,-0.1782874931673655,0.9396926207859083,UMI DRA
438,203,M,+,196.418,70.0,196.418,77.0,-0.3280743496258174,-0.09666953790159533,0.9396926207859083,-0.21577872617061908,-0.06358080042435336,0.9743700647852352,UMI DRA
259,260,M,+,133.918,-56.5,133.918,-54.5,-0.3828390365856457,0.39757855553530264,-0.8338858220671682,-0.4027919237575981,0.41829964012305215,-0.8141155183563192,VEL CAR
261,262,M,+,128.16799999999998,-54.5,128.16799999999998,-53.0,-0.3588566534275735,0.4565499151923961,-0.8141155183563192,-0.3719032649427123,0.47314826811101324,-0.7986355100472928,VEL CAR
263,264,M,+,123.91799999999999,-53.0,123.91799999999999,-50.75,-0.335816296014948,0.4994083874168528,-0.7986355100472928,-0.3530532667561934,0.5250423065088962,-0.7743926440821856,VEL CAR
265,683,M,+,121.418,-50.75,121.418,-43.0,-0.32981521452563933,0.539942549776185,-0.7743926440821856,-0.38123841716596757,0.6241277963276834,-0.6819983600624985,VEL PUP
683,684,P,+,121.418,-43.0,126.918,-43.0,-0.38123841716596757,0.6241277963276834,-0.6819983600624985,-0.4393032694263405,0.5847143527769698,-0.6819983600624985,VEL PUP
684,685,M,+,126.918,-43.0,126.918,-36.75,-0.4393032694263405,0.5847143527769698,-0.6819983600624985,-0.48129026868423935,0.6405992113808867,-0.598324600570659,VEL PUP
685,039,P,+,126.918,-36.75,141.918,-36.75,-0.48129026868423935,0.6405992113808867,-0.598324600570659,-0.6306899766467406,0.49420423481521797,-0.598324600570659,VEL PYX
040,041,P,+,141.918,-39.75,166.418,-39.75,-0.6051775722437787,0.47421289396135125,-0.6394390019805848,-0.7473410354511618,0.18055231783851164,-0.6394390019805848,VEL ANT
588,587,M,+,174.168,0.0,174.168,11.0,-0.9948241131823303,0.10161192760197976,0.0,-0.976546392248991,0.09974503029661934,0.1908089953765448,VIR LEO
587,586,P,+,174.168,11.0,179.418,11.0,-0.976546392248991,0.09974503029661934,0.1908089953765448,-0.9815765411325745,0.009971017079768846,0.1908089953765448,VIR LEO
586,357,M,+,179.418,11.0,179.418,14.0,-0.9815765411325745,0.009971017079768846,0.1908089953765448,-0.9702456685527298,0.009855916199411665,0.24192189559966773,VIR LEO
357,361,P,+,179.418,14.0,193.918,14.0,-0.9702456685527298,0.009855916199411665,0.24192189559966773,-0.941808778934374,-0.23338813241381173,0.24192189559966773,VIR COM
361,360,M,+,193.918,14.0,193.918,15.0,-0.941808778934374,-0.23338813241381173,0.24192189559966773,-0.9375671749993038,-0.23233702730310635,0.25881904510252074,VIR COM
360,153,P,+,193.918,15.0,203.918,15.0,-0.9375671749993038,-0.23233702730310635,0.25881904510252074,-0.8829785215133316,-0.39161413717886945,0.25881904510252074,VIR COM
152,151,P,+,203.918,8.0,227.668,8.0,-0.9052304136007443,-0.4014831830368302,0.13917310096006544,-0.6668717658147734,-0.7320607187441802,0.13917310096006544,VIR BOO
375,370,M,+,193.918,-22.0,193.918,-11.0,-0.8999626302268446,-0.22301830499872724,-0.374606593415912,-0.9528075554448662,-0.23611372169057035,-0.1908089953765448,VIR CRV
371,381,M,+,178.918,-11.0,178.918,-6.0,-0.9814521532711052,0.018536399944555772,-0.1908089953765448,-0.9943445659851092,0.018779895175087952,-0.10452846326765347,VIR CRT
382,588,M,+,174.168,-6.0,174.168,0.0,-0.9893743626001528,0.10105528683074468,-0.10452846326765347,-0.9948241131823303,0.10161192760197976,0.0,VIR LEO
427,273,P,+,100.168,-64.0,103.918,-64.0,-0.07738786539347699,0.43148624616204395,-0.898794046299167,-0.10544272275203438,0.4255009924263497,-0.898794046299167,VOL PIC
273,274,P,+,103.918,-64.0,136.918,-64.0,-0.10544272275203438,0.4255009924263497,-0.898794046299167,-0.3201761580891841,0.2994269362105232,-0.898794046299167,VOL CAR
622,426,M,+,100.168,-75.0,100.168,-70.0,-0.04569062898042263,0.2547541256410856,-0.9659258262890683,-0.06037853770125013,0.3366484971384393,-0.9396926207859083,VOL MEN
426,427,M,+,100.168,-70.0,100.168,-64.0,-0.06037853770125013,0.3366484971384393,-0.9396926207859083,-0.07738786539347699,0.43148624616204395,-0.898794046299167,VOL DOR
531,530,M,+,284.418,21.083333333333332,284.418,25.5,0.23232605024720893,-0.903671531821133,0.3597254077106289,0.22473846855172383,-0.8741583473707407,0.43051109680829514,VUL HER
530,619,P,+,284.418,25.5,290.293,25.5,0.22473846855172383,-0.8741583473707407,0.43051109680829514,0.3130355888809128,-0.8465630015650926,0.43051109680829514,VUL LYR
619,383,M,+,290.293,25.5,290.293,27.5,0.3130355888809128,-0.8465630015650926,0.43051109680829514,0.30763404115069165,-0.831955236115993,0.4617486132350339,VUL LYR
383,408,P,+,290.293,27.5,296.418,27.5,0.30763404115069165,-0.831955236115993,0.4617486132350339,0.3946458027145879,-0.7943820923052594,0.4617486132350339,VUL CYG
408,407,M,+,296.418,27.5,296.418,29.0,0.3946458027145879,-0.7943820923052594,0.4617486132350339,0.38913278562480946,-0.7832849464074223,0.48480962024633706,VUL CYG
407,406,P,+,296.418,29.0,315.168,29.0,0.38913278562480946,-0.7832849464074223,0.48480962024633706,0.6202602534357095,-0.6166334811899786,0.48480962024633706,VUL CYG
405,404,P,+,315.168,28.0,322.668,28.0,0.6261661991453878,-0.6225048937825244,0.4694715627858908,0.7020624539324454,-0.5354481884493836,0.4694715627858908,VUL CYG
412,411,M,+,309.918,19.5,309.918,20.5,0.6048841952697447,-0.7229717083270678,0.3338068592337709,0.6010537503166862,-0.718393471115678,0.35020738125946743,VUL DEL
410,690,M,+,305.168,20.5,305.168,21.25,0.5395005570809531,-0.7656983342157191,0.35020738125946743,0.5368140214404921,-0.7618854079124687,0.36243803828370164,VUL SGE
687,686,M,+,290.168,19.166666666666668,290.168,21.083333333333332,0.3256623203366623,-0.8866520656789386,0.3283171752135611,0.32169420507272734,-0.8758484283653467,0.3597254077106289,VUL SGE
