vertex1_key,vertex2_key,edge_type,edge_dir,ra1_deg,dec1_deg,ra2_deg,dec2_deg,x1,y1,z1,x2,y2,z2,constellation
673,672,M,+,1.418,10.0,1.418,12.5,0.9845061702650784,0.0243702914004381,0.1736481776669303,0.9759970309685594,0.0241596576731074,0.2164396139381028,PSC PEG
672,671,P,+,1.418,12.5,3.543,12.5,0.9759970309685594,0.0241596576731074,0.2164396139381028,0.9744300134576284,0.0603327638293735,0.2164396139381028,PSC PEG
32,31,P,+,1.418,28.0,2.418,28.0,0.8826772032729278,0.0218496351835897,0.4694715627858908,0.882161438545796,0.037251148682764,0.4694715627858908,PEG AND
560,561,P,+,1.418,-75.0,12.668,-75.0,0.258739785614166,0.0064047988349391,-0.9659258262890684,0.2525186589179048,0.0567593605151036,-0.9659258262890684,HYI TUC
559,558,P,+,1.418,-82.5,53.918,-82.5,0.130486220512374,0.0032300327958048,-0.9914448613738104,0.0768724207572579,0.1054879982859898,-0.9914448613738104,OCT HYI
559,560,M,+,1.418,-82.5,1.418,-75.0,0.130486220512374,0.0032300327958048,-0.9914448613738104,0.258739785614166,0.0064047988349391,-0.9659258262890684,HYI OCT
32,33,M,+,1.418,28.0,1.418,31.33333333333333,0.8826772032729278,0.0218496351835897,0.4694715627858908,0.853894868856974,0.02113716237429,0.5200161279292155,AND PEG
30,29,P,+,2.418,22.0,3.543,22.0,0.9263583133996464,0.0391174560099221,0.374606593415912,0.9254117289165792,0.0572977499815937,0.374606593415912,PEG AND
30,31,M,+,2.418,22.0,2.418,28.0,0.9263583133996464,0.0391174560099221,0.374606593415912,0.882161438545796,0.037251148682764,0.4694715627858908,AND PEG
28,29,M,+,3.543,21.0,3.543,22.0,0.931796075084934,0.05769304286488,0.3583679495453002,0.9254117289165792,0.0572977499815937,0.374606593415912,AND PEG
671,28,M,+,3.543,12.5,3.543,21.0,0.9744300134576284,0.0603327638293735,0.2164396139381028,0.931796075084934,0.05769304286488,0.3583679495453002,PSC PEG
28,27,P,+,3.543,21.0,14.168,21.0,0.931796075084934,0.05769304286488,0.3583679495453002,0.9051829677018524,0.2285086600572597,0.3583679495453002,PSC AND
8,7,M,+,3.918,46.0,3.918,48.0,0.6930348579624719,0.0474651166403901,0.7193398003386512,0.6675667557706715,0.0457208372188655,0.7431448254773942,CAS AND
8,9,P,+,3.918,46.0,14.418,46.0,0.6930348579624719,0.0474651166403901,0.7193398003386512,0.6727800947309811,0.172965880399926,0.7193398003386512,AND CAS
285,192,P,+,6.418,77.0,52.668,77.0,0.2235412525962176,0.0251452826218055,0.9743700647852352,0.1364176486944069,0.1788664361335179,0.9743700647852352,CAS CEP
284,285,M,+,6.418,66.0,6.418,77.0,0.4041875639798476,0.0454654808025547,0.9135454576426008,0.2235412525962176,0.0251452826218055,0.9743700647852352,CAS CEP
341,332,M,+,6.418,-7.0,6.418,0.0,0.9863257171415328,0.1109479285216213,-0.1218693434051474,0.9937328511228394,0.1117811280998395,0.0,CET PSC
332,333,M,+,6.418,0.0,6.418,2.0,0.9937328511228394,0.1117811280998395,0.0,0.9931274959196984,0.111713034056826,0.0348994967025009,CET PSC
333,334,P,+,6.418,2.0,31.418,2.0,0.9931274959196984,0.111713034056826,0.0348994967025009,0.8528672148053562,0.5209602086916685,0.0348994967025009,CET PSC
25,24,M,+,12.168,23.75,12.168,33.0,0.8947478789581232,0.1929283206472544,0.4027466898587372,0.819828800285205,0.1767740358786373,0.5446390350150271,PSC AND
25,26,P,+,12.168,23.75,14.168,23.75,0.8947478789581232,0.1929283206472544,0.4027466898587372,0.8874697214352926,0.2240370445783336,0.4027466898587372,AND PSC
24,23,P,+,12.168,33.0,22.543,33.0,0.819828800285205,0.1767740358786373,0.5446390350150271,0.7745894872917027,0.3215267449452336,0.5446390350150271,PSC AND
562,561,M,+,12.668,-76.0,12.668,-75.0,0.2360328337333413,0.0530537931758449,-0.9702957262759964,0.2525186589179048,0.0567593605151036,-0.9659258262890684,TUC HYI
562,563,P,+,12.668,-76.0,21.418,-76.0,0.2360328337333413,0.0530537931758449,-0.9702957262759964,0.225215045400542,0.0883424410788397,-0.9702957262759964,HYI TUC
27,26,M,+,14.168,21.0,14.168,23.75,0.9051829677018524,0.2285086600572597,0.3583679495453002,0.8874697214352926,0.2240370445783336,0.4027466898587372,PSC AND
9,10,M,+,14.418,46.0,14.418,48.0,0.6727800947309811,0.172965880399926,0.7193398003386512,0.6480563279415397,0.1666096161123386,0.7431448254773942,AND CAS
10,11,P,+,14.418,48.0,18.168,48.0,0.6480563279415397,0.1666096161123386,0.7431448254773942,0.6357719993441283,0.2086378038998278,0.7431448254773942,AND CAS
11,12,M,+,18.168,48.0,18.168,50.0,0.6357719993441283,0.2086378038998278,0.7431448254773942,0.610742297363804,0.2004239441217481,0.766044443118978,AND CAS
12,13,P,+,18.168,50.0,21.918,50.0,0.610742297363804,0.2004239441217481,0.766044443118978,0.5963262981055069,0.2399392784733609,0.766044443118978,AND CAS
485,486,P,+,21.418,-53.5,25.168000000000003,-53.5,0.5537450034913844,0.2172110005201357,-0.8038568606172173,0.5383531137954425,0.2529625911184954,-0.8038568606172173,ERI PHE
484,485,M,+,21.418,-58.5,21.418,-53.5,0.4864154097442603,0.1908004174354711,-0.8526401643540922,0.5537450034913844,0.2172110005201357,-0.8038568606172173,ERI PHE
484,483,P,+,21.418,-58.5,33.918,-58.5,0.4864154097442603,0.1908004174354711,-0.8526401643540922,0.4335886536459654,0.2915572491976588,-0.8526401643540922,HYI ERI
563,484,M,+,21.418,-76.0,21.418,-58.5,0.225215045400542,0.0883424410788397,-0.9702957262759964,0.4864154097442603,0.1908004174354711,-0.8526401643540922,HYI TUC
292,291,P,+,21.918,54.0,26.918,54.0,0.545299564426128,0.2194080396184273,0.8090169943749475,0.5241018642952953,0.2660991143441146,0.8090169943749475,PER CAS
13,292,M,+,21.918,50.0,21.918,54.0,0.5963262981055069,0.2399392784733609,0.766044443118978,0.545299564426128,0.2194080396184273,0.8090169943749475,PER CAS
13,14,P,+,21.918,50.0,26.418,50.0,0.5963262981055069,0.2399392784733609,0.766044443118978,0.5756626043236769,0.2859868478616049,0.766044443118978,AND PER
23,22,M,+,22.543,33.0,22.543,35.0,0.7745894872917027,0.3215267449452336,0.5446390350150271,0.7565623335920504,0.3140437979845891,0.573576436351046,TRI AND
681,23,M,+,22.543,28.0,22.543,33.0,0.8154833964586499,0.3385015241260192,0.4694715627858908,0.7745894872917027,0.3215267449452336,0.5446390350150271,TRI PSC
22,21,P,+,22.543,35.0,31.418,35.0,0.7565623335920504,0.3140437979845891,0.573576436351046,0.6990537671820328,0.4270057403026834,0.573576436351046,TRI AND
681,682,P,+,22.543,28.0,26.418,28.0,0.8154833964586499,0.3385015241260192,0.4694715627858908,0.7907431679250293,0.3928379998361441,0.4694715627858908,PSC TRI
486,487,M,+,25.168000000000003,-53.5,25.168000000000003,-51.5,0.5383531137954425,0.2529625911184954,-0.8038568606172173,0.5634160299195113,0.2647392114096507,-0.7826081568524139,ERI PHE
487,488,P,+,25.168000000000003,-51.5,28.918000000000003,-51.5,0.5634160299195113,0.2647392114096507,-0.7826081568524139,0.5448949400947409,0.301021555851431,-0.7826081568524139,ERI PHE
120,121,P,+,26.418,25.0,30.168,25.0,0.811663904440801,0.4032313369161477,0.4226182617406994,0.7835534784789683,0.4554533469047939,0.4226182617406994,ARI TRI
499,340,M,+,26.418,-40.0,26.418,-25.5,0.6860479768248811,0.3408258533737613,-0.6427876096865393,0.8083301351537359,0.4015751338507675,-0.4305110968082951,FOR SCL
15,16,P,+,26.418,47.0,32.043,47.0,0.6107786556270268,0.3034323597745947,0.7313537016191705,0.5780960172688383,0.3618380272246744,0.7313537016191705,AND PER
120,682,M,+,26.418,25.0,26.418,28.0,0.811663904440801,0.4032313369161477,0.4226182617406994,0.7907431679250293,0.3928379998361441,0.4694715627858908,TRI PSC
340,339,M,+,26.418,-25.5,26.418,-24.383333333333333,0.8083301351537359,0.4015751338507675,-0.4305110968082951,0.8156903984774662,0.405231682828546,-0.4128395052119128,FOR CET
339,338,P,+,26.418,-24.383333333333333,41.168,-24.383333333333333,0.8156903984774662,0.405231682828546,-0.4128395052119128,0.6856373113359775,0.5995540177835145,-0.4128395052119128,FOR CET
15,14,M,+,26.418,47.0,26.418,50.0,0.6107786556270268,0.3034323597745947,0.7313537016191705,0.5756626043236769,0.2859868478616049,0.766044443118978,PER AND
119,120,M,+,26.418,9.916666666666666,26.418,25.0,0.8821915319726198,0.4382691763267501,0.1722156496886213,0.811663904440801,0.4032313369161477,0.4226182617406994,ARI PSC
499,491,P,+,26.418,-40.0,36.418,-40.0,0.6860479768248811,0.3408258533737613,-0.6427876096865393,0.6164415781753524,0.4547789237972072,-0.6427876096865393,PHE FOR
119,118,P,+,26.418,9.916666666666666,31.418,9.916666666666666,0.8821915319726198,0.4382691763267501,0.1722156496886213,0.8406368512663962,0.513489488008513,0.1722156496886213,PSC ARI
290,289,P,+,26.918,57.5,30.043,57.5,0.4790860698212663,0.2432435134445791,0.8433914458128856,0.465113359833667,0.2689989435553384,0.8433914458128856,PER CAS
291,290,M,+,26.918,54.0,26.918,57.5,0.5241018642952953,0.2660991143441146,0.8090169943749475,0.4790860698212663,0.2432435134445791,0.8433914458128856,PER CAS
489,490,P,+,28.918000000000003,-48.16666666666666,36.418,-48.16666666666666,0.5838038316074304,0.3225163692508138,-0.7450881006738437,0.5367124752905834,0.3959588881458517,-0.7450881006738437,ERI PHE
488,489,M,+,28.918000000000003,-51.5,28.918000000000003,-48.16666666666666,0.5448949400947409,0.301021555851431,-0.7826081568524139,0.5838038316074304,0.3225163692508138,-0.7450881006738437,ERI PHE
288,287,P,+,30.043,58.5,37.918,58.5,0.4523008376853961,0.2615888039639992,0.8526401643540922,0.4121944478792074,0.3210926459260348,0.8526401643540922,PER CAS
289,288,M,+,30.043,57.5,30.043,58.5,0.465113359833667,0.2689989435553384,0.8433914458128856,0.4523008376853961,0.2615888039639992,0.8526401643540922,PER CAS
121,122,M,+,30.168,25.0,30.168,27.25,0.7835534784789683,0.4554533469047939,0.4226182617406994,0.7686047539282685,0.4467641548897311,0.4578739151169567,ARI TRI
122,123,P,+,30.168,27.25,37.668,27.25,0.7686047539282685,0.4467641548897311,0.4578739151169567,0.7037148097514978,0.5432650774639237,0.4578739151169567,ARI TRI
21,20,M,+,31.418,35.0,31.418,36.75,0.6990537671820328,0.4270057403026834,0.573576436351046,0.6837796476682492,0.4176757902807468,0.598324600570659,TRI AND
334,118,M,+,31.418,2.0,31.418,9.916666666666666,0.8528672148053562,0.5209602086916685,0.0348994967025009,0.8406368512663962,0.513489488008513,0.1722156496886213,CET PSC
118,129,P,+,31.418,9.916666666666666,50.668,9.916666666666666,0.8406368512663962,0.513489488008513,0.1722156496886213,0.6243433407809816,0.7619298936416453,0.1722156496886213,CET ARI
20,19,P,+,31.418,36.75,39.168,36.75,0.6837796476682492,0.4176757902807468,0.598324600570659,0.6212099653295147,0.5060690183436094,0.598324600570659,TRI AND
16,17,M,+,32.043,47.0,32.043,50.5,0.5780960172688383,0.3618380272246744,0.7313537016191705,0.5391718035514467,0.3374748413834841,0.77162458338772,AND PER
17,18,P,+,32.043,50.5,39.168,50.5,0.5391718035514467,0.3374748413834841,0.77162458338772,0.4931497646650981,0.4017447098873686,0.77162458338772,AND PER
482,481,P,+,33.918,-54.0,37.668,-54.0,0.4877659641285292,0.3279876019764964,-0.8090169943749475,0.4652702042397799,0.3591867757298419,-0.8090169943749475,HOR ERI
542,483,M,+,33.918,-67.5,33.918,-58.5,0.3175648803973285,0.2135395891748335,-0.9238795325112868,0.4335886536459654,0.2915572491976588,-0.8526401643540922,HOR HYI
483,482,M,+,33.918,-58.5,33.918,-54.0,0.4335886536459654,0.2915572491976588,-0.8526401643540922,0.4877659641285292,0.3279876019764964,-0.8090169943749475,HOR ERI
542,541,P,+,33.918,-67.5,49.418,-67.5,0.3175648803973285,0.2135395891748335,-0.9238795325112868,0.2489492165809192,0.290638774031396,-0.9238795325112868,HYI HOR
491,492,P,+,36.418,-40.0,46.418,-40.0,0.6164415781753524,0.4547789237972072,-0.6427876096865393,0.5281049141074553,0.5549137667503145,-0.6427876096865393,ERI FOR
490,491,M,+,36.418,-48.16666666666666,36.418,-40.0,0.5367124752905834,0.3959588881458517,-0.7450881006738437,0.6164415781753524,0.4547789237972072,-0.6427876096865393,ERI PHE
123,124,M,+,37.668,27.25,37.668,30.666666666666668,0.7037148097514978,0.5432650774639237,0.4578739151169567,0.680863917828981,0.5256242783811396,0.5100425897656753,ARI TRI
480,479,P,+,37.668,-51.0,41.418,-51.0,0.4981479643016309,0.3845682777521585,-0.7771459614569709,0.4719294225038898,0.4163253232344454,-0.7771459614569709,HOR ERI
481,480,M,+,37.668,-54.0,37.668,-51.0,0.4652702042397799,0.3591867757298419,-0.8090169943749475,0.4981479643016309,0.3845682777521585,-0.7771459614569709,HOR ERI
124,125,P,+,37.668,30.666666666666668,42.168,30.666666666666668,0.680863917828981,0.5256242783811396,0.5100425897656753,0.6375250360227741,0.5774239214557046,0.5100425897656753,ARI TRI
286,287,M,+,37.918,57.0,37.918,58.5,0.4296608670179392,0.3346986970627353,0.838670567945424,0.4121944478792074,0.3210926459260348,0.8526401643540922,CAS PER
286,189,P,+,37.918,57.0,47.918,57.0,0.4296608670179392,0.3346986970627353,0.838670567945424,0.3650135341927739,0.4042236983629245,0.838670567945424,PER CAS
19,18,M,+,39.168,36.75,39.168,50.5,0.6212099653295147,0.5060690183436094,0.598324600570659,0.4931497646650981,0.4017447098873686,0.77162458338772,PER AND
19,679,P,+,39.168,36.75,39.918,36.75,0.6212099653295147,0.5060690183436094,0.598324600570659,0.6145325059834288,0.5141570493941403,0.598324600570659,TRI PER
678,677,P,+,39.918,34.0,42.168,34.0,0.6358416383762094,0.5319856272635698,0.5591929034707469,0.6144657698035417,0.5565385111990876,0.5591929034707469,TRI PER
678,679,M,+,39.918,34.0,39.918,36.75,0.6358416383762094,0.5319856272635698,0.5591929034707469,0.6145325059834288,0.5141570493941403,0.598324600570659,PER TRI
337,336,P,+,41.168,-1.75,50.668,-1.75,0.7524315683846383,0.6579621068945892,-0.0305385132098226,0.6335173515498461,0.7731255813231134,-0.0305385132098226,ERI CET
338,497,P,+,41.168,-24.383333333333333,57.668,-24.383333333333333,0.6856373113359775,0.5995540177835145,-0.4128395052119128,0.4871200440414959,0.7695957416913076,-0.4128395052119128,FOR ERI
338,337,M,+,41.168,-24.383333333333333,41.168,-1.75,0.6856373113359775,0.5995540177835145,-0.4128395052119128,0.7524315683846383,0.6579621068945892,-0.0305385132098226,ERI CET
478,477,P,+,41.418,-49.0,46.418,-49.0,0.4919808146744663,0.4340142019706448,-0.754709580222772,0.4522818490057773,0.4752416002202275,-0.754709580222772,HOR ERI
479,478,M,+,41.418,-51.0,41.418,-49.0,0.4719294225038898,0.4163253232344454,-0.7771459614569709,0.4919808146744663,0.4340142019706448,-0.754709580222772,HOR ERI
125,677,M,+,42.168,30.666666666666668,42.168,34.0,0.6375250360227741,0.5774239214557046,0.5100425897656753,0.6144657698035417,0.5565385111990876,0.5591929034707469,PER TRI
125,126,P,+,42.168,30.666666666666668,51.918,30.666666666666668,0.6375250360227741,0.5774239214557046,0.5100425897656753,0.5305302074443824,0.6770481929775335,0.5100425897656753,ARI PER
476,475,P,+,46.418,-46.0,52.668,-46.0,0.4788919263895712,0.5032025183637648,-0.7193398003386512,0.4212634691591483,0.5523471202068032,-0.7193398003386512,HOR ERI
492,493,M,+,46.418,-40.0,46.418,-39.583333333333336,0.5281049141074553,0.5549137667503145,-0.6427876096865393,0.5313134728455124,0.5582852055830396,-0.6371998295667883,ERI FOR
493,494,P,+,46.418,-39.583333333333336,53.918,-39.583333333333336,0.5313134728455124,0.5582852055830396,-0.6371998295667883,0.453897170373814,0.6228593227420623,-0.6371998295667883,ERI FOR
477,476,M,+,46.418,-49.0,46.418,-46.0,0.4522818490057773,0.4752416002202275,-0.754709580222772,0.4788919263895712,0.5032025183637648,-0.7193398003386512,HOR ERI
189,188,P,+,47.918,57.0,48.918,57.0,0.3650135341927739,0.4042236983629245,0.838670567945424,0.3579032645881219,0.410532497689604,0.838670567945424,PER CAM
189,190,M,+,47.918,57.0,47.918,68.0,0.3650135341927739,0.4042236983629245,0.838670567945424,0.25105889920447,0.2780279283829487,0.9271838545667874,CAM CAS
190,191,P,+,47.918,68.0,52.668,68.0,0.25105889920447,0.2780279283829487,0.9271838545667874,0.227173643654514,0.2978627795804743,0.9271838545667874,CAM CAS
187,188,M,+,48.918,55.0,48.918,57.0,0.3769191443562184,0.4323446390958742,0.8191520442889918,0.3579032645881219,0.410532497689604,0.838670567945424,CAM PER
187,186,P,+,48.918,55.0,51.418,55.0,0.3769191443562184,0.4323446390958742,0.8191520442889918,0.3577017925611863,0.4483741249622681,0.8191520442889918,PER CAM
540,539,P,+,49.418,-57.5,53.918,-57.5,0.3495325515936258,0.4080660050850839,-0.8433914458128856,0.3164385696314045,0.434232081702033,-0.8433914458128856,RET HOR
541,540,M,+,49.418,-67.5,49.418,-57.5,0.2489492165809192,0.290638774031396,-0.9238795325112868,0.3495325515936258,0.4080660050850839,-0.8433914458128856,RET HOR
541,424,P,+,49.418,-67.5,70.168,-67.5,0.2489492165809192,0.290638774031396,-0.9238795325112868,0.1298304649145994,0.3599870272479069,-0.9238795325112868,HYI RET
336,335,M,+,50.668,-1.75,50.668,0.0,0.6335173515498461,0.7731255813231134,-0.0305385132098226,0.6338129677258036,0.7734863424409052,0.0,TAU CET
335,129,M,+,50.668,0.0,50.668,9.916666666666666,0.6338129677258036,0.7734863424409052,0.0,0.6243433407809816,0.7619298936416453,0.1722156496886213,TAU CET
129,128,M,+,50.668,9.916666666666666,50.668,19.0,0.6243433407809816,0.7619298936416453,0.1722156496886213,0.5992819344404776,0.7313457047502501,0.3255681544571567,TAU ARI
336,498,P,+,50.668,-1.75,55.168,-1.75,0.6335173515498461,0.7731255813231134,-0.0305385132098226,0.5709056949860695,0.8204474917040129,-0.0305385132098226,ERI TAU
128,127,P,+,50.668,19.0,51.918,19.0,0.5992819344404776,0.7313457047502501,0.3255681544571567,0.5831850990989343,0.7442449307804031,0.3255681544571567,TAU ARI
185,133,P,+,51.418,52.5,71.79300000000002,52.5,0.3796443518214128,0.4758788118616324,0.7933533402912352,0.1902081033521006,0.5782831096166793,0.7933533402912352,PER CAM
185,186,M,+,51.418,52.5,51.418,55.0,0.3796443518214128,0.4758788118616324,0.7933533402912352,0.3577017925611863,0.4483741249622681,0.8191520442889918,CAM PER
126,130,P,+,51.918,30.666666666666668,68.918,30.666666666666668,0.5305302074443824,0.6770481929775335,0.5100425897656753,0.3093988262008287,0.8025764281180158,0.5100425897656753,TAU PER
127,126,M,+,51.918,19.0,51.918,30.666666666666668,0.5831850990989343,0.7442449307804031,0.3255681544571567,0.5305302074443824,0.6770481929775335,0.5100425897656753,TAU ARI
191,192,M,+,52.668,68.0,52.668,77.0,0.227173643654514,0.2978627795804743,0.9271838545667874,0.1364176486944069,0.1788664361335179,0.9743700647852352,CAM CAS
192,193,P,+,52.668,77.0,54.043,77.0,0.1364176486944069,0.1788664361335179,0.9743700647852352,0.1320862936259662,0.1820884067879432,0.9743700647852352,CAM CEP
475,474,M,+,52.668,-46.0,52.668,-44.0,0.4212634691591483,0.5523471202068032,-0.7193398003386512,0.4362310924068768,0.5719721867090685,-0.6946583704589973,HOR ERI
474,473,P,+,52.668,-44.0,59.418,-44.0,0.4362310924068768,0.5719721867090685,-0.6946583704589973,0.3659792155682068,0.6192810041680034,-0.6946583704589973,HOR ERI
621,558,M,+,53.918,-85.0,53.918,-82.5,0.0513297202190202,0.0704370876465876,-0.9961946980917455,0.0768724207572579,0.1054879982859898,-0.9914448613738104,MEN OCT
558,557,M,+,53.918,-82.5,53.918,-75.0,0.0768724207572579,0.1054879982859898,-0.9914448613738104,0.1524295330822974,0.2091710676745076,-0.9659258262890684,MEN HYI
557,556,P,+,53.918,-75.0,70.168,-75.0,0.1524295330822974,0.2091710676745076,-0.9659258262890684,0.0878078174086073,0.243468859014284,-0.9659258262890684,MEN HYI
538,418,P,+,53.918,-53.16666666666666,58.918,-53.16666666666666,0.3530647472965526,0.4844922677180784,-0.8003827376560636,0.3094949458914612,0.5134202486558417,-0.8003827376560636,RET HOR
621,620,P,+,53.918,-85.0,116.418,-85.0,0.0513297202190202,0.0704370876465876,-0.9961946980917455,-0.0387770326711723,0.0780542454394045,-0.9961946980917455,OCT MEN
539,538,M,+,53.918,-57.5,53.918,-53.16666666666666,0.3164385696314045,0.434232081702033,-0.8433914458128856,0.3530647472965526,0.4844922677180784,-0.8003827376560636,RET HOR
494,495,M,+,53.918,-39.583333333333336,53.918,-36.0,0.453897170373814,0.6228593227420623,-0.6371998295667883,0.4764644837452723,0.6538272653513502,-0.5877852522924731,ERI FOR
495,496,P,+,53.918,-36.0,57.668,-36.0,0.4764644837452723,0.6538272653513502,-0.5877852522924731,0.432681987581529,0.6835896391915045,-0.5877852522924731,ERI FOR
193,194,M,+,54.043,77.0,54.043,80.0,0.1320862936259662,0.1820884067879432,0.9743700647852352,0.1019623768816252,0.14056088825735,0.984807753012208,CAM CEP
194,195,P,+,54.043,80.0,76.418,80.0,0.1019623768816252,0.14056088825735,0.984807753012208,0.0407789738516755,0.1687920759356024,0.984807753012208,CAM CEP
498,463,M,+,55.168,-1.75,55.168,0.0,0.5709056949860695,0.8204474917040129,-0.0305385132098226,0.5711720948849377,0.8208303344935247,0.0,ERI TAU
463,464,P,+,55.168,0.0,70.668,0.0,0.5711720948849377,0.8208303344935247,0.0,0.331041459028269,0.9436162103336476,0.0,ERI TAU
496,497,M,+,57.668,-36.0,57.668,-24.383333333333333,0.432681987581529,0.6835896391915045,-0.5877852522924731,0.4871200440414959,0.7695957416913076,-0.4128395052119128,ERI FOR
418,419,P,+,58.918,-53.16666666666666,61.418,-53.16666666666666,0.3094949458914612,0.5134202486558417,-0.8003827376560636,0.2868052985741113,0.5264315662761871,-0.8003827376560636,RET DOR
437,436,P,+,58.918,-51.0,62.66799999999999,-51.0,0.3248956506216925,0.5389684320980473,-0.7771459614569709,0.2889498020787916,0.5590636515368779,-0.7771459614569709,DOR HOR
418,437,M,+,58.918,-53.16666666666666,58.918,-51.0,0.3094949458914612,0.5134202486558417,-0.8003827376560636,0.3248956506216925,0.5389684320980473,-0.7771459614569709,DOR HOR
473,472,M,+,59.418,-44.0,59.418,-40.0,0.3659792155682068,0.6192810041680034,-0.6946583704589973,0.3897411824718736,0.6594891200913711,-0.6427876096865393,HOR ERI
472,171,P,+,59.418,-40.0,65.418,-40.0,0.3897411824718736,0.6594891200913711,-0.6427876096865393,0.3186707552301117,0.6966154165639283,-0.6427876096865393,HOR ERI
420,419,M,+,61.418,-56.5,61.418,-53.16666666666666,0.2640554890900813,0.4846742560078481,-0.8338858220671682,0.2868052985741113,0.5264315662761871,-0.8003827376560636,DOR RET
420,421,P,+,61.418,-56.5,66.418,-56.5,0.2640554890900813,0.4846742560078481,-0.8338858220671682,0.220808533460529,0.5058438764148218,-0.8338858220671682,RET DOR
435,172,P,+,62.66799999999999,-49.0,65.418,-49.0,0.3012267348632581,0.5828172129609658,-0.754709580222772,0.2729173589364025,0.5965983277810507,-0.754709580222772,DOR HOR
436,435,M,+,62.66799999999999,-51.0,62.66799999999999,-49.0,0.2889498020787916,0.5590636515368779,-0.7771459614569709,0.3012267348632581,0.5828172129609658,-0.754709580222772,DOR HOR
184,183,P,+,65.418,-37.0,70.168,-37.0,0.3322284802486693,0.7262526521949225,-0.6018150231520483,0.2709477620338368,0.751269584208861,-0.6018150231520483,CAE ERI
172,173,P,+,65.418,-49.0,68.918,-49.0,0.2729173589364025,0.5965983277810507,-0.754709580222772,0.2359868564478434,0.6121467578153398,-0.754709580222772,DOR CAE
172,171,M,+,65.418,-49.0,65.418,-40.0,0.2729173589364025,0.5965983277810507,-0.754709580222772,0.3186707552301117,0.6966154165639283,-0.6427876096865393,CAE HOR
171,184,M,+,65.418,-40.0,65.418,-37.0,0.3186707552301117,0.6966154165639283,-0.6427876096865393,0.3322284802486693,0.7262526521949225,-0.6018150231520483,CAE ERI
422,421,M,+,66.418,-59.0,66.418,-56.5,0.2060467137075886,0.4720264509297732,-0.8571673007021123,0.220808533460529,0.5058438764148218,-0.8338858220671682,DOR RET
422,423,P,+,66.418,-59.0,70.168,-59.0,0.2060467137075886,0.4720264509297732,-0.8571673007021123,0.1747335449069014,0.4844919059089867,-0.8571673007021123,RET DOR
173,174,M,+,68.918,-49.0,68.918,-46.5,0.2359868564478434,0.6121467578153398,-0.754709580222772,0.247603683908462,0.6422806532922243,-0.7253743710122876,PIC CAE
131,132,P,+,68.918,36.0,71.79300000000002,36.0,0.2910064016788175,0.7548667242430418,0.5877852522924731,0.252778150432838,0.7685126569232463,0.5877852522924731,AUR PER
174,175,P,+,68.918,-46.5,73.918,-46.5,0.247603683908462,0.6422806532922243,-0.7253743710122876,0.1906830297474593,0.6614166644747149,-0.7253743710122876,PIC CAE
434,173,M,+,68.918,-54.0,68.918,-49.0,0.2114285267414715,0.5484427781386653,-0.8090169943749475,0.2359868564478434,0.6121467578153398,-0.754709580222772,PIC DOR
130,131,M,+,68.918,30.666666666666668,68.918,36.0,0.3093988262008287,0.8025764281180158,0.5100425897656753,0.2910064016788175,0.7548667242430418,0.5877852522924731,AUR PER
434,433,P,+,68.918,-54.0,76.418,-54.0,0.2114285267414715,0.5484427781386653,-0.8090169943749475,0.1380335789046406,0.571347734665416,-0.8090169943749475,DOR PIC
150,149,P,+,68.918,30.0,72.668,30.0,0.3115125371531486,0.808059366133707,0.4999999999999999,0.2579959537500961,0.8267031437272865,0.4999999999999999,TAU AUR
150,130,M,+,68.918,30.0,68.918,30.666666666666668,0.3115125371531486,0.808059366133707,0.4999999999999999,0.3093988262008287,0.8025764281180158,0.5100425897656753,AUR TAU
424,423,M,+,70.168,-67.5,70.168,-59.0,0.1298304649145994,0.3599870272479069,-0.9238795325112868,0.1747335449069014,0.4844919059089867,-0.8571673007021123,DOR RET
425,424,M,+,70.168,-70.0,70.168,-67.5,0.1160349010765805,0.3217354195183664,-0.9396926207859084,0.1298304649145994,0.3599870272479069,-0.9238795325112868,DOR HYI
556,425,M,+,70.168,-75.0,70.168,-70.0,0.0878078174086073,0.243468859014284,-0.9659258262890684,0.1160349010765805,0.3217354195183664,-0.9396926207859084,MEN HYI
182,181,P,+,70.168,-30.0,71.918,-30.0,0.2938106834317302,0.8146626800715617,-0.4999999999999999,0.268795060419791,0.8232552553697553,-0.4999999999999999,CAE ERI
183,182,M,+,70.168,-37.0,70.168,-30.0,0.2709477620338368,0.751269584208861,-0.6018150231520483,0.2938106834317302,0.8146626800715617,-0.4999999999999999,CAE ERI
425,426,P,+,70.168,-70.0,100.168,-70.0,0.1160349010765805,0.3217354195183664,-0.9396926207859084,-0.0603785377012501,0.3366484971384393,-0.9396926207859084,MEN DOR
657,658,P,+,70.668,15.5,75.918,15.5,0.3190016311942546,0.9092973164188164,0.2672383760782568,0.2344612199489841,0.9346719139308136,0.2672383760782568,ORI TAU
464,657,M,+,70.668,0.0,70.668,15.5,0.331041459028269,0.9436162103336476,0.0,0.3190016311942546,0.9092973164188164,0.2672383760782568,ORI TAU
464,465,P,+,70.668,0.0,71.418,0.0,0.331041459028269,0.9436162103336476,0.0,0.3186615433355378,0.94786856725973,0.0,ERI ORI
466,467,P,+,71.418,-4.0,77.668,-4.0,0.3178852998318456,0.9455596070695927,-0.0697564737441253,0.2130557777176303,0.9745466997286076,-0.0697564737441253,ERI ORI
466,465,M,+,71.418,-4.0,71.418,0.0,0.3178852998318456,0.9455596070695927,-0.0697564737441253,0.3186615433355378,0.94786856725973,0.0,ORI ERI
132,133,M,+,71.79300000000002,36.0,71.79300000000002,52.5,0.252778150432838,0.7685126569232463,0.5877852522924731,0.1902081033521006,0.5782831096166793,0.7933533402912352,AUR PER
133,134,P,+,71.79300000000002,52.5,76.418,52.5,0.1902081033521006,0.5782831096166793,0.7933533402912352,0.1429595560920354,0.5917373089223864,0.7933533402912352,AUR CAM
180,179,P,+,71.918,-27.25,73.918,-27.25,0.2759311854082383,0.8451115067106081,-0.4578739151169567,0.2462691293438062,0.8542265471101408,-0.4578739151169567,CAE ERI
181,180,M,+,71.918,-30.0,71.918,-27.25,0.268795060419791,0.8232552553697553,-0.4999999999999999,0.2759311854082383,0.8451115067106081,-0.4578739151169567,CAE ERI
148,147,P,+,72.668,28.5,89.668,28.5,0.2618067070115241,0.8389140395006485,0.4771587602596084,0.0050922712134994,0.8788023590554372,0.4771587602596084,TAU AUR
148,149,M,+,72.668,28.5,72.668,30.0,0.2618067070115241,0.8389140395006485,0.4771587602596084,0.2579959537500961,0.8267031437272865,0.4999999999999999,AUR TAU
179,178,P,+,73.918,-27.25,76.418,-27.25,0.2462691293438062,0.8542265471101408,-0.4578739151169567,0.2087738970452914,0.8641556212673687,-0.4578739151169567,CAE LEP
175,176,M,+,73.918,-46.5,73.918,-43.0,0.1906830297474593,0.6614166644747149,-0.7253743710122876,0.2025943381014242,0.7027330723975559,-0.6819983600624985,PIC CAE
176,177,P,+,73.918,-43.0,76.418,-43.0,0.2025943381014242,0.7027330723975559,-0.6819983600624985,0.1717487270834398,0.7109012671372029,-0.6819983600624985,PIC CAE
179,471,M,+,73.918,-27.25,73.918,-14.5,0.2462691293438062,0.8542265471101408,-0.4578739151169567,0.2681892905616178,0.930260371077772,-0.2503800040544414,LEP ERI
471,470,P,+,73.918,-14.5,75.168,-14.5,0.2681892905616178,0.930260371077772,-0.2503800040544414,0.2478319457257359,0.935889512841924,-0.2503800040544414,LEP ERI
470,469,M,+,75.168,-14.5,75.168,-11.0,0.2478319457257359,0.935889512841924,-0.2503800040544414,0.251282515914718,0.9489199252197013,-0.1908089953765448,LEP ERI
469,468,P,+,75.168,-11.0,77.668,-11.0,0.251282515914718,0.9489199252197013,-0.1908089953765448,0.2096520448423701,0.958977553114152,-0.1908089953765448,LEP ERI
659,660,P,+,75.918,16.0,81.418,16.0,0.2338848768939165,0.9323743413664548,0.2756373558169991,0.143443996936964,0.9504987468802688,0.2756373558169991,ORI TAU
658,659,M,+,75.918,15.5,75.918,16.0,0.2344612199489841,0.9346719139308136,0.2672383760782568,0.2338848768939165,0.9323743413664548,0.2756373558169991,ORI TAU
196,197,P,+,76.418,85.0,121.418,85.0,0.0204673714534866,0.0847184171221403,0.9961946980917455,-0.0454323500906315,0.0743775843862803,0.9961946980917455,CAM CEP
195,196,M,+,76.418,80.0,76.418,85.0,0.0407789738516755,0.1687920759356024,0.984807753012208,0.0204673714534866,0.0847184171221403,0.9961946980917455,CAM CEP
432,431,P,+,76.418,-57.5,83.918,-57.5,0.1261776943108301,0.5222739306035226,-0.8433914458128856,0.0569277991869906,0.5342752987078628,-0.8433914458128856,DOR PIC
178,242,P,+,76.418,-27.25,93.168,-27.25,0.2087738970452914,0.8641556212673687,-0.4578739151169567,-0.0491305204421671,0.8876585322163877,-0.4578739151169567,COL LEP
177,356,P,+,76.418,-43.0,91.418,-43.0,0.1717487270834398,0.7109012671372029,-0.6819983600624985,-0.0180982560004555,0.7311297354107577,-0.6819983600624985,PIC COL
432,433,M,+,76.418,-57.5,76.418,-54.0,0.1261776943108301,0.5222739306035226,-0.8433914458128856,0.1380335789046406,0.571347734665416,-0.8090169943749475,PIC DOR
135,136,P,+,76.418,56.0,92.918,56.0,0.1313190446053198,0.5435549758911145,0.8290375725550417,-0.0284666623116301,0.5584678615899751,0.8290375725550417,AUR CAM
134,135,M,+,76.418,52.5,76.418,56.0,0.1429595560920354,0.5917373089223864,0.7933533402912352,0.1313190446053198,0.5435549758911145,0.8290375725550417,AUR CAM
177,178,M,+,76.418,-43.0,76.418,-27.25,0.1717487270834398,0.7109012671372029,-0.6819983600624985,0.2087738970452914,0.8641556212673687,-0.4578739151169567,COL CAE
468,597,P,+,77.668,-11.0,88.918,-11.0,0.2096520448423701,0.958977553114152,-0.1908089953765448,0.0185363999445559,0.9814521532711052,-0.1908089953765448,LEP ORI
468,467,M,+,77.668,-11.0,77.668,-4.0,0.2096520448423701,0.958977553114152,-0.1908089953765448,0.2130557777176303,0.9745466997286076,-0.0697564737441253,ORI ERI
661,662,P,+,81.418,15.5,85.418,15.5,0.1437974740515329,0.9528409819101268,0.2672383760782568,0.0769803636950387,0.9605507138909616,0.2672383760782568,ORI TAU
661,660,M,+,81.418,15.5,81.418,16.0,0.1437974740515329,0.9528409819101268,0.2672383760782568,0.143443996936964,0.9504987468802688,0.2756373558169991,TAU ORI
430,431,M,+,83.918,-61.0,83.918,-57.5,0.0513663964696017,0.482080762110588,-0.8746197071393957,0.0569277991869906,0.5342752987078628,-0.8433914458128856,PIC DOR
430,429,P,+,83.918,-61.0,91.418,-61.0,0.0513663964696017,0.482080762110588,-0.8746197071393957,-0.011997216393759,0.4846611545009553,-0.8746197071393957,DOR PIC
663,664,P,+,85.418,12.5,87.918,12.5,0.0779921612604283,0.9731757890023016,0.2164396139381028,0.0354685982894985,0.9756515115827492,0.2164396139381028,ORI TAU
663,662,M,+,85.418,12.5,85.418,15.5,0.0779921612604283,0.9731757890023016,0.2164396139381028,0.0769803636950387,0.9605507138909616,0.2672383760782568,TAU ORI
666,665,P,+,86.918,18.0,87.918,18.0,0.0511336589513897,0.9496809180507506,0.3090169943749474,0.0345516536799057,0.9504286824456938,0.3090169943749474,TAU ORI
666,667,M,+,86.918,18.0,86.918,22.83333333333333,0.0511336589513897,0.9496809180507506,0.3090169943749474,0.0495519448708952,0.9203045012078674,0.3880518390834528,ORI TAU
667,505,P,+,86.918,22.83333333333333,89.668,22.83333333333333,0.0495519448708952,0.9203045012078674,0.3880518390834528,0.0053403925437624,0.921622075685814,0.3880518390834528,ORI TAU
664,665,M,+,87.918,12.5,87.918,18.0,0.0354685982894985,0.9756515115827492,0.2164396139381028,0.0345516536799057,0.9504286824456938,0.3090169943749474,ORI TAU
597,626,M,+,88.918,-11.0,88.918,-4.0,0.0185363999445559,0.9814521532711052,-0.1908089953765448,0.0188373412205052,0.9973861784416944,-0.0697564737441253,MON ORI
597,237,P,+,88.918,-11.0,93.168,-11.0,0.0185363999445559,0.9814521532711052,-0.1908089953765448,-0.0542485090021587,0.9801270461294476,-0.1908089953765448,LEP MON
626,627,P,+,88.918,-4.0,95.043,-4.0,0.0188373412205052,0.9973861784416944,-0.0697564737441253,-0.087689225712097,0.9937024877018262,-0.0697564737441253,MON ORI
504,503,P,+,89.668,21.5,94.668,21.5,0.0053912680234658,0.930401948105594,0.3665012267242973,-0.0757191202200428,0.927331367765961,0.3665012267242973,ORI GEM
146,145,P,+,89.668,28.0,99.418,28.0,0.0051162051186338,0.8829327699097805,0.4694715627858908,-0.1444819195622127,0.8710461679239464,0.4694715627858908,GEM AUR
504,505,M,+,89.668,21.5,89.668,22.83333333333333,0.0053912680234658,0.930401948105594,0.3665012267242973,0.0053403925437624,0.921622075685814,0.3880518390834528,GEM ORI
505,146,M,+,89.668,22.83333333333333,89.668,28.0,0.0053403925437624,0.921622075685814,0.3880518390834528,0.0051162051186338,0.8829327699097805,0.4694715627858908,GEM TAU
146,147,M,+,89.668,28.0,89.668,28.5,0.0051162051186338,0.8829327699097805,0.4694715627858908,0.0050922712134994,0.8788023590554372,0.4771587602596084,AUR TAU
266,265,P,+,91.418,-50.75,121.418,-50.75,-0.0156570794457254,0.6325115719531397,-0.7743926440821856,-0.3298152145256393,0.539942549776185,-0.7743926440821856,CAR PUP
428,427,P,+,91.418,-64.0,100.168,-64.0,-0.0108480386716265,0.4382369021364469,-0.898794046299167,-0.0773878653934769,0.4314862461620439,-0.898794046299167,DOR PIC
267,266,M,+,91.418,-52.5,91.418,-50.75,-0.0150645579027095,0.6085750048629466,-0.7933533402912352,-0.0156570794457254,0.6325115719531397,-0.7743926440821856,CAR PIC
266,356,M,+,91.418,-50.75,91.418,-43.0,-0.0156570794457254,0.6325115719531397,-0.7743926440821856,-0.0180982560004555,0.7311297354107577,-0.6819983600624985,PUP PIC
356,355,P,+,91.418,-43.0,100.168,-43.0,-0.0180982560004555,0.7311297354107577,-0.6819983600624985,-0.1291095507322648,0.7198673216515494,-0.6819983600624985,PUP COL
267,268,P,+,91.418,-52.5,93.918,-52.5,-0.0150645579027095,0.6085750048629466,-0.7933533402912352,-0.041595888659597,0.6073386695208515,-0.7933533402912352,PIC CAR
428,429,M,+,91.418,-64.0,91.418,-61.0,-0.0108480386716265,0.4382369021364469,-0.898794046299167,-0.011997216393759,0.4846611545009553,-0.8746197071393957,PIC DOR
137,138,P,+,92.918,54.0,98.918,54.0,-0.0299222042785481,0.5870231379627545,0.8090169943749475,-0.0911189138265007,0.5806796417609326,0.8090169943749475,AUR LYN
136,214,M,+,92.918,56.0,92.918,62.0,-0.0284666623116301,0.5584678615899751,0.8290375725550417,-0.0238992454299598,0.468862852369971,0.8829475928589269,LYN CAM
137,136,M,+,92.918,54.0,92.918,56.0,-0.0299222042785481,0.5870231379627545,0.8090169943749475,-0.0284666623116301,0.5584678615899751,0.8290375725550417,LYN AUR
214,213,P,+,92.918,62.0,106.418,62.0,-0.0238992454299598,0.468862852369971,0.8829475928589269,-0.1326927665463201,0.4503289663911377,0.8829475928589269,LYN CAM
241,242,M,+,93.168,-33.0,93.168,-27.25,-0.0463481743600864,0.8373888990614738,-0.5446390350150271,-0.0491305204421671,0.8876585322163877,-0.4578739151169567,CMA COL
237,238,P,+,93.168,-11.0,111.918,-11.0,-0.0542485090021587,0.9801270461294476,-0.1908089953765448,-0.3664210612913472,0.9106742189858656,-0.1908089953765448,CMA MON
242,237,M,+,93.168,-27.25,93.168,-11.0,-0.0491305204421671,0.8876585322163877,-0.4578739151169567,-0.0542485090021587,0.9801270461294476,-0.1908089953765448,CMA LEP
241,240,P,+,93.168,-33.0,100.168,-33.0,-0.0463481743600864,0.8373888990614738,-0.5446390350150271,-0.1480547374000859,0.8254987076133383,-0.5446390350150271,COL CMA
269,268,M,+,93.918,-55.0,93.918,-52.5,-0.0391917431810298,0.5722359090476565,-0.8191520442889918,-0.041595888659597,0.6073386695208515,-0.7933533402912352,CAR PIC
269,270,P,+,93.918,-55.0,98.918,-55.0,-0.0391917431810298,0.5722359090476565,-0.8191520442889918,-0.0889162524458452,0.5666425931644675,-0.8191520442889918,PIC CAR
502,503,M,+,94.668,17.5,94.668,21.5,-0.0776152675257662,0.950553466350736,0.3007057995042731,-0.0757191202200428,0.927331367765961,0.3665012267242973,GEM ORI
502,501,P,+,94.668,17.5,96.043,17.5,-0.0776152675257662,0.950553466350736,0.3007057995042731,-0.1004023746629237,0.948417305465554,0.3007057995042731,ORI GEM
624,625,P,+,95.043,10.0,96.043,10.0,-0.0865679044011441,0.9809955699800832,0.1736481776669303,-0.1036754530904698,0.979335341351184,0.1736481776669303,MON ORI
623,624,M,+,95.043,0.0,95.043,10.0,-0.0879033538641028,0.9961290078998012,0.0,-0.0865679044011441,0.9809955699800832,0.1736481776669303,MON ORI
627,623,M,+,95.043,-4.0,95.043,0.0,-0.087689225712097,0.9937024877018262,-0.0697564737441253,-0.0879033538641028,0.9961290078998012,0.0,MON ORI
500,501,M,+,96.043,12.0,96.043,17.5,-0.1029743067977006,0.972712198422963,0.2079116908177593,-0.1004023746629237,0.948417305465554,0.3007057995042731,GEM ORI
500,509,P,+,96.043,12.0,105.418,12.0,-0.1029743067977006,0.972712198422963,0.2079116908177593,-0.2600493272168137,0.9429459561583492,0.2079116908177593,MON GEM
625,500,M,+,96.043,10.0,96.043,12.0,-0.1036754530904698,0.979335341351184,0.1736481776669303,-0.1029743067977006,0.972712198422963,0.2079116908177593,MON ORI
271,272,P,+,98.918,-58.0,103.918,-58.0,-0.0821484846452763,0.5235131832876284,-0.8480480961564261,-0.1274630651875195,0.5143613453774141,-0.8480480961564261,PIC CAR
139,140,P,+,98.918,50.0,103.418,50.0,-0.0996454208188037,0.635017087389291,0.766044443118978,-0.1491611136896909,0.6252414520242447,0.766044443118978,AUR LYN
271,270,M,+,98.918,-58.0,98.918,-55.0,-0.0821484846452763,0.5235131832876284,-0.8480480961564261,-0.0889162524458452,0.5666425931644675,-0.8191520442889918,CAR PIC
139,138,M,+,98.918,50.0,98.918,54.0,-0.0996454208188037,0.635017087389291,0.766044443118978,-0.0911189138265007,0.5806796417609326,0.8090169943749475,LYN AUR
144,143,P,+,99.418,35.5,111.918,35.5,-0.1332185214488719,0.8031418945438937,0.5807029557109398,-0.3038924321575517,0.7552704594421432,0.5807029557109398,GEM AUR
145,144,M,+,99.418,28.0,99.418,35.5,-0.1444819195622127,0.8710461679239464,0.4694715627858908,-0.1332185214488719,0.8031418945438937,0.5807029557109398,GEM AUR
426,427,M,+,100.168,-70.0,100.168,-64.0,-0.0603785377012501,0.3366484971384393,-0.9396926207859084,-0.0773878653934769,0.4314862461620439,-0.898794046299167,VOL DOR
240,239,P,+,100.168,-33.0,111.918,-33.0,-0.1480547374000859,0.8254987076133383,-0.5446390350150271,-0.3130583227137816,0.7780506462419615,-0.5446390350150271,PUP CMA
355,240,M,+,100.168,-43.0,100.168,-33.0,-0.1291095507322648,0.7198673216515494,-0.6819983600624985,-0.1480547374000859,0.8254987076133383,-0.5446390350150271,PUP COL
622,343,P,+,100.168,-75.0,116.418,-75.0,-0.0456906289804226,0.2547541256410856,-0.9659258262890684,-0.1151528774979287,0.2317910975678912,-0.9659258262890684,MEN VOL
622,426,M,+,100.168,-75.0,100.168,-70.0,-0.0456906289804226,0.2547541256410856,-0.9659258262890684,-0.0603785377012501,0.3366484971384393,-0.9396926207859084,VOL MEN
427,273,P,+,100.168,-64.0,103.918,-64.0,-0.0773878653934769,0.4314862461620439,-0.898794046299167,-0.1054427227520343,0.4255009924263497,-0.898794046299167,VOL PIC
141,142,P,+,103.418,44.5,111.918,44.5,-0.1655122621100173,0.6937808690861018,0.7009092642998509,-0.2662415945203288,0.6616960152259607,0.7009092642998509,AUR LYN
141,140,M,+,103.418,44.5,103.418,50.0,-0.1655122621100173,0.6937808690861018,0.7009092642998509,-0.1491611136896909,0.6252414520242447,0.766044443118978,LYN AUR
273,272,M,+,103.918,-64.0,103.918,-58.0,-0.1054427227520343,0.4255009924263497,-0.898794046299167,-0.1274630651875195,0.5143613453774141,-0.8480480961564261,CAR PIC
273,274,P,+,103.918,-64.0,136.918,-64.0,-0.1054427227520343,0.4255009924263497,-0.898794046299167,-0.3201761580891841,0.2994269362105232,-0.898794046299167,VOL CAR
508,249,P,+,105.418,10.0,106.418,10.0,-0.261819988534043,0.949366422408644,0.1736481776669303,-0.2783488407434211,0.9446524404508504,0.1736481776669303,MON GEM
508,509,M,+,105.418,10.0,105.418,12.0,-0.261819988534043,0.949366422408644,0.1736481776669303,-0.2600493272168137,0.9429459561583492,0.2079116908177593,GEM MON
248,249,M,+,106.418,5.5,106.418,10.0,-0.281341588800914,0.9548091443502252,0.0958457525202239,-0.2783488407434211,0.9446524404508504,0.1736481776669303,CMI MON
249,250,M,+,106.418,10.0,106.418,12.5,-0.2783488407434211,0.9446524404508504,0.1736481776669303,-0.2759430568789354,0.9364877590650256,0.2164396139381028,CMI GEM
250,251,P,+,106.418,12.5,113.918,12.5,-0.2759430568789354,0.9364877590650256,0.2164396139381028,-0.3958185070258484,0.8924581799805262,0.2164396139381028,CMI GEM
212,211,P,+,106.418,60.0,120.918,60.0,-0.1413214101392085,0.4796126135083039,0.8660254037844386,-0.2569053978759519,0.4289517648200074,0.8660254037844386,LYN CAM
212,213,M,+,106.418,60.0,106.418,62.0,-0.1413214101392085,0.4796126135083039,0.8660254037844386,-0.1326927665463201,0.4503289663911377,0.8829475928589269,CAM LYN
248,247,P,+,106.418,5.5,106.668,5.5,-0.281341588800914,0.9548091443502252,0.0958457525202239,-0.2855050382364654,0.9535724748887346,0.0958457525202239,MON CMI
246,247,M,+,106.668,1.5,106.668,5.5,-0.286727238117529,0.9576545610494324,0.0261769483078731,-0.2855050382364654,0.9535724748887346,0.0958457525202239,CMI MON
246,245,P,+,106.668,1.5,109.418,1.5,-0.286727238117529,0.9576545610494324,0.0261769483078731,-0.3323435127640609,0.9427950768332064,0.0261769483078731,MON CMI
244,243,P,+,109.418,0.0,122.66800000000002,0.0,-0.3324574376246251,0.943118259905972,0.0,-0.5397702479612345,0.8418123777991551,0.0,MON CMI
244,245,M,+,109.418,0.0,109.418,1.5,-0.3324574376246251,0.943118259905972,0.0,-0.3323435127640609,0.9427950768332064,0.0261769483078731,CMI MON
143,506,P,+,111.918,35.5,117.668,35.5,-0.3038924321575517,0.7552704594421432,0.5807029557109398,-0.3780324862558357,0.72102393619339,0.5807029557109398,GEM LYN
239,238,M,+,111.918,-33.0,111.918,-11.0,-0.3130583227137816,0.7780506462419615,-0.5446390350150271,-0.3664210612913472,0.9106742189858656,-0.1908089953765448,PUP CMA
238,555,P,+,111.918,-11.0,122.66800000000002,-11.0,-0.3664210612913472,0.9106742189858656,-0.1908089953765448,-0.5298531482150338,0.8263459134103655,-0.1908089953765448,PUP MON
143,142,M,+,111.918,35.5,111.918,44.5,-0.3038924321575517,0.7552704594421432,0.5807029557109398,-0.2662415945203288,0.6616960152259607,0.7009092642998509,LYN AUR
251,252,M,+,113.918,12.5,113.918,13.5,-0.3958185070258484,0.8924581799805262,0.2164396139381028,-0.3942267584439382,0.88886923955156,0.2334453638559054,CMI GEM
252,220,P,+,113.918,13.5,118.543,13.5,-0.3942267584439382,0.88886923955156,0.2334453638559054,-0.4646160165719415,0.8541868760634321,0.2334453638559054,CMI GEM
620,342,M,+,116.418,-85.0,116.418,-82.5,-0.0387770326711723,0.0780542454394045,-0.9961946980917455,-0.0580732635692748,0.1168956069058175,-0.9914448613738104,OCT MEN
343,275,P,+,116.418,-75.0,136.918,-75.0,-0.1151528774979287,0.2317910975678912,-0.9659258262890684,-0.1890354511427463,0.1767848871341637,-0.9659258262890684,CHA VOL
342,51,P,+,116.418,-82.5,206.418,-82.5,-0.0580732635692748,0.1168956069058175,-0.9914448613738104,-0.1168956069058175,-0.0580732635692748,-0.9914448613738104,OCT CHA
342,343,M,+,116.418,-82.5,116.418,-75.0,-0.0580732635692748,0.1168956069058175,-0.9914448613738104,-0.1151528774979287,0.2317910975678912,-0.9659258262890684,CHA MEN
507,225,P,+,117.668,33.5,121.418,33.5,-0.3872127768869917,0.7385335670503418,0.5519369853120581,-0.4346861309352751,0.7116273827061166,0.5519369853120581,GEM LYN
507,506,M,+,117.668,33.5,117.668,35.5,-0.3872127768869917,0.7385335670503418,0.5519369853120581,-0.3780324862558357,0.72102393619339,0.5807029557109398,LYN GEM
219,220,M,+,118.543,10.0,118.543,13.5,-0.4705590389988269,0.8651129990986465,0.1736481776669303,-0.4646160165719415,0.8541868760634321,0.2334453638559054,CNC CMI
220,221,M,+,118.543,13.5,118.543,20.0,-0.4646160165719415,0.8541868760634321,0.2334453638559054,-0.4490022090492466,0.8254812159149267,0.3420201433256687,CNC GEM
221,222,P,+,118.543,20.0,119.668,20.0,-0.4490022090492466,0.8254812159149267,0.3420201433256687,-0.4651229039251777,0.8165065252670667,0.3420201433256687,CNC GEM
219,218,P,+,118.543,10.0,120.29300000000002,10.0,-0.4705590389988269,0.8651129990986465,0.1736481776669303,-0.4967588307021339,0.8503393290401207,0.1736481776669303,CMI CNC
222,223,M,+,119.668,20.0,119.668,28.0,-0.4651229039251777,0.8165065252670667,0.3420201433256687,-0.4370356213511814,0.7672003111349475,0.4694715627858908,CNC GEM
223,224,P,+,119.668,28.0,121.418,28.0,-0.4370356213511814,0.7672003111349475,0.4694715627858908,-0.4602609407688749,0.7534960637839614,0.4694715627858908,CNC GEM
217,216,P,+,120.29300000000002,7.0,122.66800000000002,7.0,-0.5006622502708241,0.8570211049278499,0.1218693434051474,-0.5357468823844055,0.835537635988582,0.1218693434051474,CMI CNC
217,218,M,+,120.29300000000002,7.0,120.29300000000002,10.0,-0.5006622502708241,0.8570211049278499,0.1218693434051474,-0.4967588307021339,0.8503393290401207,0.1736481776669303,CNC CMI
211,210,M,+,120.918,60.0,120.918,73.5,-0.2569053978759519,0.4289517648200074,0.8660254037844386,-0.1459301502680737,0.2436577666934207,0.958819734868193,UMA CAM
210,209,P,+,120.918,73.5,138.918,73.5,-0.1459301502680737,0.2436577666934207,0.958819734868193,-0.2140822110560956,0.1866374103351774,0.958819734868193,UMA CAM
211,615,P,+,120.918,60.0,127.668,60.0,-0.2569053978759519,0.4289517648200074,0.8660254037844386,-0.3055425211239529,0.3957824753386876,0.8660254037844386,LYN UMA
683,684,P,+,121.418,-43.0,126.918,-43.0,-0.3812384171659675,0.6241277963276834,-0.6819983600624985,-0.4393032694263405,0.5847143527769698,-0.6819983600624985,VEL PUP
224,225,M,+,121.418,28.0,121.418,33.5,-0.4602609407688749,0.7534960637839614,0.4694715627858908,-0.4346861309352751,0.7116273827061166,0.5519369853120581,CNC GEM
265,683,M,+,121.418,-50.75,121.418,-43.0,-0.3298152145256393,0.539942549776185,-0.7743926440821856,-0.3812384171659675,0.6241277963276834,-0.6819983600624985,VEL PUP
198,199,P,+,121.418,86.5,218.918,86.5,-0.031823245757881,0.0520980345960622,0.9981347984218668,-0.0474985615950817,-0.0383511515568595,0.9981347984218668,CAM UMI
225,226,P,+,121.418,33.5,140.168,33.5,-0.4346861309352751,0.7116273827061166,0.5519369853120581,-0.6403625196484091,0.5341361321556312,0.5519369853120581,CNC LYN
197,198,M,+,121.418,85.0,121.418,86.5,-0.0454323500906315,0.0743775843862803,0.9961946980917455,-0.031823245757881,0.0520980345960622,0.9981347984218668,CAM CEP
198,321,M,+,121.418,86.5,121.418,88.0,-0.031823245757881,0.0520980345960622,0.9981347984218668,-0.0181923313620946,0.0297827794152868,0.9993908270190958,UMI CEP
265,264,P,+,121.418,-50.75,123.918,-50.75,-0.3298152145256393,0.539942549776185,-0.7743926440821856,-0.3530532667561934,0.5250423065088962,-0.7743926440821856,CAR VEL
216,215,P,+,122.66800000000002,7.0,140.168,7.0,-0.5357468823844055,0.835537635988582,0.1218693434051474,-0.7622018958863808,0.6357642118310882,0.1218693434051474,HYA CNC
243,216,M,+,122.66800000000002,0.0,122.66800000000002,7.0,-0.5397702479612345,0.8418123777991551,0.0,-0.5357468823844055,0.835537635988582,0.1218693434051474,HYA CMI
555,243,M,+,122.66800000000002,-11.0,122.66800000000002,0.0,-0.5298531482150338,0.8263459134103655,-0.1908089953765448,-0.5397702479612345,0.8418123777991551,0.0,HYA MON
555,554,P,+,122.66800000000002,-11.0,126.918,-11.0,-0.5298531482150338,0.8263459134103655,-0.1908089953765448,-0.5896353981549676,0.7848069982651956,-0.1908089953765448,PUP HYA
263,262,P,+,123.918,-53.0,128.16799999999998,-53.0,-0.335816296014948,0.4994083874168528,-0.7986355100472928,-0.3719032649427123,0.4731482681110132,-0.7986355100472928,CAR VEL
263,264,M,+,123.918,-53.0,123.918,-50.75,-0.335816296014948,0.4994083874168528,-0.7986355100472928,-0.3530532667561934,0.5250423065088962,-0.7743926440821856,VEL CAR
553,552,P,+,126.918,-17.0,130.168,-17.0,-0.5744249395777012,0.7645618189974406,-0.2923717047227367,-0.6168462158182767,0.7307664006426354,-0.2923717047227367,PYX HYA
684,685,M,+,126.918,-43.0,126.918,-36.75,-0.4393032694263405,0.5847143527769698,-0.6819983600624985,-0.4812902686842393,0.6405992113808867,-0.598324600570659,VEL PUP
685,39,P,+,126.918,-36.75,141.918,-36.75,-0.4812902686842393,0.6405992113808867,-0.598324600570659,-0.6306899766467406,0.4942042348152179,-0.598324600570659,VEL PYX
553,554,M,+,126.918,-17.0,126.918,-11.0,-0.5744249395777012,0.7645618189974406,-0.2923717047227367,-0.5896353981549676,0.7848069982651956,-0.1908089953765448,HYA PUP
685,553,M,+,126.918,-36.75,126.918,-17.0,-0.4812902686842393,0.6405992113808867,-0.598324600570659,-0.5744249395777012,0.7645618189974406,-0.2923717047227367,PYX PUP
616,617,P,+,127.668,47.0,138.918,47.0,-0.4167589966717944,0.5398459982449222,0.7313537016191705,-0.5140698190480351,0.4481673618993889,0.7313537016191705,LYN UMA
616,615,M,+,127.668,47.0,127.668,60.0,-0.4167589966717944,0.5398459982449222,0.7313537016191705,-0.3055425211239529,0.3957824753386876,0.8660254037844386,UMA LYN
261,260,P,+,128.16799999999998,-54.5,133.918,-54.5,-0.3588566534275735,0.4565499151923961,-0.8141155183563192,-0.4027919237575981,0.4182996401230521,-0.8141155183563192,CAR VEL
261,262,M,+,128.16799999999998,-54.5,128.16799999999998,-53.0,-0.3588566534275735,0.4565499151923961,-0.8141155183563192,-0.3719032649427123,0.4731482681110132,-0.7986355100472928,VEL CAR
551,552,M,+,130.168,-19.0,130.168,-17.0,-0.6098887950807912,0.7225240718746067,-0.3255681544571567,-0.6168462158182767,0.7307664006426354,-0.2923717047227367,HYA PYX
551,550,P,+,130.168,-19.0,137.668,-19.0,-0.6098887950807912,0.7225240718746067,-0.3255681544571567,-0.6989794277814347,0.6367363161793891,-0.3255681544571567,PYX HYA
259,260,M,+,133.918,-56.5,133.918,-54.5,-0.3828390365856457,0.3975785555353026,-0.8338858220671682,-0.4027919237575981,0.4182996401230521,-0.8141155183563192,VEL CAR
259,258,P,+,133.918,-56.5,166.418,-56.5,-0.3828390365856457,0.3975785555353026,-0.8338858220671682,-0.536501970755794,0.1296150883597749,-0.8338858220671682,CAR VEL
275,274,M,+,136.918,-75.0,136.918,-64.0,-0.1890354511427463,0.1767848871341637,-0.9659258262890684,-0.3201761580891841,0.2994269362105232,-0.898794046299167,CAR VOL
275,276,P,+,136.918,-75.0,170.168,-75.0,-0.1890354511427463,0.1767848871341637,-0.9659258262890684,-0.2550176874522184,0.0441958956725996,-0.9659258262890684,CHA CAR
549,38,P,+,137.668,-24.0,141.918,-24.0,-0.6753431373155304,0.6152048033462074,-0.4067366430758002,-0.7190779678305249,0.5634644437408199,-0.4067366430758002,PYX HYA
549,550,M,+,137.668,-24.0,137.668,-19.0,-0.6753431373155304,0.6152048033462074,-0.4067366430758002,-0.6989794277814347,0.6367363161793891,-0.3255681544571567,HYA PYX
618,617,M,+,138.918,42.0,138.918,47.0,-0.5601601826793814,0.488349056899293,0.6691306063588582,-0.5140698190480351,0.4481673618993889,0.7313537016191705,UMA LYN
208,207,P,+,138.918,82.0,161.418,82.0,-0.104904491002498,0.091455999247438,0.9902680687415704,-0.131917807808111,0.044349115142727,0.9902680687415704,DRA CAM
209,208,M,+,138.918,73.5,138.918,82.0,-0.2140822110560956,0.1866374103351774,0.958819734868193,-0.104904491002498,0.091455999247438,0.9902680687415704,DRA CAM
618,591,P,+,138.918,42.0,145.168,42.0,-0.5601601826793814,0.488349056899293,0.6691306063588582,-0.6099958156737416,0.4244635867708246,0.6691306063588582,LYN UMA
209,459,P,+,138.918,73.5,171.418,73.5,-0.2140822110560956,0.1866374103351774,0.958819734868193,-0.2808353129813761,0.0423821071908959,0.958819734868193,UMA DRA
589,590,P,+,140.168,39.75,145.168,39.75,-0.5904135551521614,0.4924729400065137,0.6394390019805848,-0.6310886981934721,0.4391409998605712,0.6394390019805848,LMI LYN
215,543,P,+,140.168,7.0,145.168,7.0,-0.7622018958863808,0.6357642118310882,0.1218693434051474,-0.8147119896520071,0.5669146647029568,0.1218693434051474,HYA LEO
226,578,P,+,140.168,33.5,149.668,33.5,-0.6403625196484091,0.5341361321556312,0.5519369853120581,-0.7197382227092977,0.4211204756550059,0.5519369853120581,LEO LMI
226,589,M,+,140.168,33.5,140.168,39.75,-0.6403625196484091,0.5341361321556312,0.5519369853120581,-0.5904135551521614,0.4924729400065137,0.6394390019805848,LMI LYN
215,226,M,+,140.168,7.0,140.168,33.5,-0.7622018958863808,0.6357642118310882,0.1218693434051474,-0.6403625196484091,0.5341361321556312,0.5519369853120581,LEO CNC
40,41,P,+,141.918,-39.75,166.418,-39.75,-0.6051775722437787,0.4742128939613512,-0.6394390019805848,-0.7473410354511618,0.1805523178385116,-0.6394390019805848,VEL ANT
40,39,M,+,141.918,-39.75,141.918,-36.75,-0.6051775722437787,0.4742128939613512,-0.6394390019805848,-0.6306899766467406,0.4942042348152179,-0.598324600570659,ANT VEL
39,38,M,+,141.918,-36.75,141.918,-24.0,-0.6306899766467406,0.4942042348152179,-0.598324600570659,-0.7190779678305249,0.5634644437408199,-0.4067366430758002,ANT PYX
38,50,P,+,141.918,-24.0,147.668,-24.0,-0.7190779678305249,0.5634644437408199,-0.4067366430758002,-0.7719123505649337,0.4885863549309866,-0.4067366430758002,ANT HYA
591,592,P,+,145.168,42.0,153.918,42.0,-0.6099958156737416,0.4244635867708246,0.6691306063588582,-0.6674672238922084,0.3267288427174059,0.6691306063588582,LMI UMA
545,377,P,+,145.168,-11.0,162.668,-11.0,-0.8057493693372827,0.5606780547658031,-0.1908089953765448,-0.9370559743145116,0.2924346564360577,-0.1908089953765448,HYA SEX
590,591,M,+,145.168,39.75,145.168,42.0,-0.6310886981934721,0.4391409998605712,0.6394390019805848,-0.6099958156737416,0.4244635867708246,0.6691306063588582,LMI LYN
545,544,M,+,145.168,-11.0,145.168,0.0,-0.8057493693372827,0.5606780547658031,-0.1908089953765448,-0.8208303344935248,0.5711720948849376,0.0,SEX HYA
543,577,P,+,145.168,7.0,162.668,7.0,-0.8147119896520071,0.5669146647029568,0.1218693434051474,-0.9474791620091328,0.2956875051409335,0.1218693434051474,SEX LEO
544,543,M,+,145.168,0.0,145.168,7.0,-0.8208303344935248,0.5711720948849376,0.0,-0.8147119896520071,0.5669146647029568,0.1218693434051474,SEX HYA
49,50,M,+,147.668,-26.5,147.668,-24.0,-0.7561866581310374,0.4786326876015029,-0.4461978131098087,-0.7719123505649337,0.4885863549309866,-0.4067366430758002,HYA ANT
49,48,P,+,147.668,-26.5,155.168,-26.5,-0.7561866581310374,0.4786326876015029,-0.4461978131098087,-0.8121914786281249,0.3758357535145962,-0.4461978131098087,ANT HYA
579,580,P,+,149.668,28.5,158.918,28.5,-0.7585190322409525,0.4438112157615695,0.4771587602596084,-0.8199948822538715,0.3161137620936061,0.4771587602596084,LEO LMI
579,578,M,+,149.668,28.5,149.668,33.5,-0.7585190322409525,0.4438112157615695,0.4771587602596084,-0.7197382227092977,0.4211204756550059,0.5519369853120581,LMI LEO
593,592,M,+,153.918,40.0,153.918,42.0,-0.6880348759721405,0.3367968204711356,0.6427876096865393,-0.6674672238922084,0.3267288427174059,0.6691306063588582,UMA LMI
593,594,P,+,153.918,40.0,163.168,40.0,-0.6880348759721405,0.3367968204711356,0.6427876096865393,-0.7332255076609641,0.2218207468853773,0.6427876096865393,LMI UMA
47,46,P,+,155.168,-29.166666666666668,160.168,-29.166666666666668,-0.7924718320631445,0.3667106291802343,-0.4873517311272423,-0.8214171747480212,0.2962467133931765,-0.4873517311272423,ANT HYA
47,48,M,+,155.168,-29.166666666666668,155.168,-26.5,-0.7924718320631445,0.3667106291802343,-0.4873517311272423,-0.8121914786281249,0.3758357535145962,-0.4461978131098087,HYA ANT
581,582,P,+,158.918,23.5,162.668,23.5,-0.8556781119536588,0.3298698967087948,0.3987490689252462,-0.8754205629164985,0.2731995938031574,0.3987490689252462,LEO LMI
581,580,M,+,158.918,23.5,158.918,28.5,-0.8556781119536588,0.3298698967087948,0.3987490689252462,-0.8199948822538715,0.3161137620936061,0.4771587602596084,LMI LEO
45,46,M,+,160.168,-31.166666666666668,160.168,-29.166666666666668,-0.8049171991142445,0.2902959447669017,-0.5175292909797199,-0.8214171747480212,0.2962467133931765,-0.4873517311272423,HYA ANT
45,44,P,+,160.168,-31.166666666666668,163.918,-31.166666666666668,-0.8049171991142445,0.2902959447669017,-0.5175292909797199,-0.8221800727949489,0.2370302952723999,-0.5175292909797199,ANT HYA
206,205,P,+,161.418,80.0,173.918,80.0,-0.1645956493724163,0.0553349962927476,0.984807753012208,-0.1726707605064713,0.0183983171285487,0.984807753012208,DRA CAM
206,207,M,+,161.418,80.0,161.418,82.0,-0.1645956493724163,0.0553349962927476,0.984807753012208,-0.131917807808111,0.044349115142727,0.9902680687415704,CAM DRA
576,577,M,+,162.668,0.0,162.668,7.0,-0.9545945651417174,0.2979080666949042,0.0,-0.9474791620091328,0.2956875051409335,0.1218693434051474,LEO SEX
582,583,M,+,162.668,23.5,162.668,25.5,-0.8754205629164985,0.2731995938031574,0.3987490689252462,-0.8616030070172686,0.2688874370879374,0.4305110968082951,LEO LMI
376,382,P,+,162.668,-6.0,174.168,-6.0,-0.9493651962329934,0.2962760951349141,-0.1045284632676534,-0.9893743626001528,0.1010552868307446,-0.1045284632676534,CRT LEO
583,584,P,+,162.668,25.5,166.418,25.5,-0.8616030070172686,0.2688874370879374,0.4305110968082951,-0.8773443286376188,0.2119601956319267,0.4305110968082951,LEO LMI
377,376,M,+,162.668,-11.0,162.668,-6.0,-0.9370559743145116,0.2924346564360577,-0.1908089953765448,-0.9493651962329934,0.2962760951349141,-0.1045284632676534,CRT SEX
378,379,P,+,162.668,-19.0,163.918,-19.0,-0.902586893507646,0.2816776108809121,-0.3255681544571567,-0.9085168669671392,0.2619207499217557,-0.3255681544571567,HYA CRT
376,576,M,+,162.668,-6.0,162.668,0.0,-0.9493651962329934,0.2962760951349141,-0.1045284632676534,-0.9545945651417174,0.2979080666949042,0.0,LEO SEX
378,377,M,+,162.668,-19.0,162.668,-11.0,-0.902586893507646,0.2816776108809121,-0.3255681544571567,-0.9370559743145116,0.2924346564360577,-0.1908089953765448,CRT HYA
595,594,M,+,163.168,34.0,163.168,40.0,-0.7935198805590349,0.2400614418550616,0.5591929034707469,-0.7332255076609641,0.2218207468853773,0.6427876096865393,UMA LMI
595,596,P,+,163.168,34.0,166.418,34.0,-0.7935198805590349,0.2400614418550616,0.5591929034707469,-0.8058533914970498,0.1946884899542307,0.5591929034707469,LMI UMA
43,44,M,+,163.918,-35.0,163.918,-31.166666666666668,-0.7870955347180169,0.2269156030108849,-0.573576436351046,-0.8221800727949489,0.2370302952723999,-0.5175292909797199,HYA ANT
380,372,P,+,163.918,-24.5,178.918,-24.5,-0.8743510537105841,0.2520709213107396,-0.414693242656239,-0.9097990191738716,0.0171831081447666,-0.414693242656239,HYA CRT
43,42,P,+,163.918,-35.0,166.418,-35.0,-0.7870955347180169,0.2269156030108849,-0.573576436351046,-0.7962443137620268,0.192367004614808,-0.573576436351046,ANT HYA
380,379,M,+,163.918,-24.5,163.918,-19.0,-0.8743510537105841,0.2520709213107396,-0.414693242656239,-0.9085168669671392,0.2619207499217557,-0.3255681544571567,CRT HYA
584,585,M,+,166.418,25.5,166.418,29.0,-0.8773443286376188,0.2119601956319267,0.4305110968082951,-0.8501608136965882,0.2053928503413822,0.484809620246337,LEO LMI
41,42,M,+,166.418,-39.75,166.418,-35.0,-0.7473410354511618,0.1805523178385116,-0.6394390019805848,-0.7962443137620268,0.192367004614808,-0.573576436351046,CEN ANT
258,41,M,+,166.418,-56.5,166.418,-39.75,-0.536501970755794,0.1296150883597749,-0.8338858220671682,-0.7473410354511618,0.1805523178385116,-0.6394390019805848,CEN VEL
42,307,P,+,166.418,-35.0,185.168,-35.0,-0.7962443137620268,0.192367004614808,-0.573576436351046,-0.8158220782457722,-0.073786233875863,-0.573576436351046,CEN HYA
585,596,M,+,166.418,29.0,166.418,34.0,-0.8501608136965882,0.2053928503413822,0.484809620246337,-0.8058533914970498,0.1946884899542307,0.5591929034707469,UMA LMI
258,257,P,+,166.418,-56.5,170.168,-56.5,-0.536501970755794,0.1296150883597749,-0.8338858220671682,-0.5438305112279361,0.0942486647805938,-0.8338858220671682,CAR CEN
585,358,P,+,166.418,29.0,179.418,29.0,-0.8501608136965882,0.2053928503413822,0.484809620246337,-0.8745745853583985,0.0088840734906709,0.484809620246337,LEO UMA
276,60,P,+,170.168,-75.0,206.418,-75.0,-0.2550176874522184,0.0441958956725996,-0.9659258262890684,-0.2317910975678912,-0.1151528774979287,-0.9659258262890684,CHA MUS
277,257,M,+,170.168,-64.0,170.168,-56.5,-0.4319326503026292,0.0748561817067735,-0.898794046299167,-0.5438305112279361,0.0942486647805938,-0.8338858220671682,CEN CAR
277,293,P,+,170.168,-64.0,178.918,-64.0,-0.4319326503026292,0.0748561817067735,-0.898794046299167,-0.4382929825119318,0.0082779114495346,-0.898794046299167,MUS CEN
276,277,M,+,170.168,-75.0,170.168,-64.0,-0.2550176874522184,0.0441958956725996,-0.9659258262890684,-0.4319326503026292,0.0748561817067735,-0.898794046299167,MUS CAR
458,457,P,+,171.418,66.5,181.418,66.5,-0.3942843992791744,0.0595032138107795,0.917060074385124,-0.3986269579454596,-0.0098675411273303,0.917060074385124,UMA DRA
458,459,M,+,171.418,66.5,171.418,73.5,-0.3942843992791744,0.0595032138107795,0.917060074385124,-0.2808353129813761,0.0423821071908959,0.958819734868193,DRA UMA
204,205,M,+,173.918,77.0,173.918,80.0,-0.2236848675993038,0.0238339433895943,0.9743700647852352,-0.1726707605064713,0.0183983171285487,0.984807753012208,CAM DRA
204,203,P,+,173.918,77.0,196.418,77.0,-0.2236848675993038,0.0238339433895943,0.9743700647852352,-0.215778726170619,-0.0635808004243533,0.9743700647852352,DRA CAM
588,587,M,+,174.168,0.0,174.168,11.0,-0.9948241131823304,0.1016119276019797,0.0,-0.976546392248991,0.0997450302966193,0.1908089953765448,VIR LEO
382,381,P,+,174.168,-6.0,178.918,-6.0,-0.9893743626001528,0.1010552868307446,-0.1045284632676534,-0.9943445659851092,0.0187798951750879,-0.1045284632676534,CRT VIR
587,586,P,+,174.168,11.0,179.418,11.0,-0.976546392248991,0.0997450302966193,0.1908089953765448,-0.9815765411325744,0.0099710170797688,0.1908089953765448,VIR LEO
382,588,M,+,174.168,-6.0,174.168,0.0,-0.9893743626001528,0.1010552868307446,-0.1045284632676534,-0.9948241131823304,0.1016119276019797,0.0,VIR LEO
372,373,P,+,178.918,-24.5,190.168,-24.5,-0.9097990191738716,0.0171831081447666,-0.414693242656239,-0.8956697442322303,-0.1606400440806241,-0.414693242656239,HYA CRV
371,381,M,+,178.918,-11.0,178.918,-6.0,-0.9814521532711052,0.0185363999445557,-0.1908089953765448,-0.9943445659851092,0.0187798951750879,-0.1045284632676534,VIR CRT
371,370,P,+,178.918,-11.0,193.918,-11.0,-0.9814521532711052,0.0185363999445557,-0.1908089953765448,-0.9528075554448662,-0.2361137216905703,-0.1908089953765448,CRV VIR
372,371,M,+,178.918,-24.5,178.918,-11.0,-0.9097990191738716,0.0171831081447666,-0.414693242656239,-0.9814521532711052,0.0185363999445557,-0.1908089953765448,CRV CRT
293,294,M,+,178.918,-64.0,178.918,-55.0,-0.4382929825119318,0.0082779114495346,-0.898794046299167,-0.5734741641375039,0.0108310389140144,-0.8191520442889918,CRU CEN
293,296,P,+,178.918,-64.0,193.918,-64.0,-0.4382929825119318,0.0082779114495346,-0.898794046299167,-0.4255009924263497,-0.1054427227520343,-0.898794046299167,MUS CRU
294,295,P,+,178.918,-55.0,193.918,-55.0,-0.5734741641375039,0.0108310389140144,-0.8191520442889918,-0.5567367849991447,-0.1379640553404464,-0.8191520442889918,CRU CEN
358,359,P,+,179.418,29.0,181.418,29.0,-0.8745745853583985,0.0088840734906709,0.484809620246337,-0.8743518678447051,-0.0216435513046666,0.484809620246337,COM UMA
357,358,M,+,179.418,14.0,179.418,29.0,-0.9702456685527298,0.0098559161994116,0.2419218955996677,-0.8745745853583985,0.0088840734906709,0.484809620246337,COM LEO
586,357,M,+,179.418,11.0,179.418,14.0,-0.9815765411325744,0.0099710170797688,0.1908089953765448,-0.9702456685527298,0.0098559161994116,0.2419218955996677,VIR LEO
357,361,P,+,179.418,14.0,193.918,14.0,-0.9702456685527298,0.0098559161994116,0.2419218955996677,-0.941808778934374,-0.2333881324138117,0.2419218955996677,VIR COM
456,455,P,+,181.418,64.0,203.918,64.0,-0.4382369021364469,-0.0108480386716266,0.898794046299167,-0.4007267396017278,-0.1777282827952262,0.898794046299167,UMA DRA
227,228,M,+,181.418,34.0,181.418,45.0,-0.8287836921120416,-0.020515564751883,0.5591929034707469,-0.7068902402373807,-0.0174982358293117,0.7071067811865476,CVN UMA
228,229,P,+,181.418,45.0,182.668,45.0,-0.7068902402373807,-0.0174982358293117,0.7071067811865476,-0.7063402974998035,-0.0329148010458667,0.7071067811865476,CVN UMA
359,227,M,+,181.418,29.0,181.418,34.0,-0.8743518678447051,-0.0216435513046666,0.484809620246337,-0.8287836921120416,-0.020515564751883,0.5591929034707469,COM UMA
227,236,P,+,181.418,34.0,186.418,34.0,-0.8287836921120416,-0.020515564751883,0.5591929034707469,-0.8238418706630795,-0.0926707550973551,0.5591929034707469,COM CVN
456,457,M,+,181.418,64.0,181.418,66.5,-0.4382369021364469,-0.0108480386716266,0.898794046299167,-0.3986269579454596,-0.0098675411273303,0.917060074385124,DRA UMA
230,231,P,+,182.668,53.0,203.918,53.0,-0.601162672743374,-0.0280136215356665,0.7986355100472928,-0.5501351396812952,-0.2439931355168467,0.7986355100472928,CVN UMA
229,230,M,+,182.668,45.0,182.668,53.0,-0.7063402974998035,-0.0329148010458667,0.7071067811865476,-0.601162672743374,-0.0280136215356665,0.7986355100472928,CVN UMA
307,306,M,+,185.168,-35.0,185.168,-33.0,-0.8158220782457722,-0.073786233875863,-0.573576436351046,-0.8352612564114096,-0.0755443914260588,-0.5446390350150271,CEN HYA
306,305,P,+,185.168,-33.0,190.168,-33.0,-0.8352612564114096,-0.0755443914260588,-0.5446390350150271,-0.8254987076133383,-0.1480547374000858,-0.5446390350150271,CEN HYA
235,234,P,+,186.418,32.0,200.168,32.0,-0.842733252482821,-0.0947957728712865,0.5299192642332049,-0.7960506439034641,-0.2923849273396608,0.5299192642332049,COM CVN
235,236,M,+,186.418,32.0,186.418,34.0,-0.842733252482821,-0.0947957728712865,0.5299192642332049,-0.8238418706630795,-0.0926707550973551,0.5591929034707469,CVN COM
304,303,P,+,190.168,-29.5,225.168,-29.5,-0.8566862003067804,-0.1536482725544224,-0.4924235601034671,-0.6136272236722079,-0.6172363144075089,-0.4924235601034671,CEN HYA
305,304,M,+,190.168,-33.0,190.168,-29.5,-0.8254987076133383,-0.1480547374000858,-0.5446390350150271,-0.8566862003067804,-0.1536482725544224,-0.4924235601034671,CEN HYA
373,374,M,+,190.168,-24.5,190.168,-22.0,-0.8956697442322303,-0.1606400440806241,-0.414693242656239,-0.91262183617566,-0.1636804334815027,-0.374606593415912,HYA CRV
374,375,P,+,190.168,-22.0,193.918,-22.0,-0.91262183617566,-0.1636804334815027,-0.374606593415912,-0.8999626302268446,-0.2230183049987272,-0.374606593415912,HYA CRV
361,360,M,+,193.918,14.0,193.918,15.0,-0.941808778934374,-0.2333881324138117,0.2419218955996677,-0.9375671749993038,-0.2323370273031063,0.2588190451025207,VIR COM
296,295,M,+,193.918,-64.0,193.918,-55.0,-0.4255009924263497,-0.1054427227520343,-0.898794046299167,-0.5567367849991447,-0.1379640553404464,-0.8191520442889918,CEN CRU
296,297,P,+,193.918,-64.0,203.918,-64.0,-0.4255009924263497,-0.1054427227520343,-0.898794046299167,-0.4007267396017278,-0.1777282827952262,-0.898794046299167,MUS CEN
360,153,P,+,193.918,15.0,203.918,15.0,-0.9375671749993038,-0.2323370273031063,0.2588190451025207,-0.8829785215133316,-0.3916141371788694,0.2588190451025207,VIR COM
375,370,M,+,193.918,-22.0,193.918,-11.0,-0.8999626302268446,-0.2230183049987272,-0.374606593415912,-0.9528075554448662,-0.2361137216905703,-0.1908089953765448,VIR CRV
375,546,P,+,193.918,-22.0,215.168,-22.0,-0.8999626302268446,-0.2230183049987272,-0.374606593415912,-0.7579419364667696,-0.534035505480983,-0.374606593415912,HYA VIR
203,202,P,+,196.418,77.0,205.168,77.0,-0.215778726170619,-0.0635808004243533,0.9743700647852352,-0.2035952610675844,-0.0956658064369845,0.9743700647852352,UMI CAM
438,203,M,+,196.418,70.0,196.418,77.0,-0.3280743496258174,-0.0966695379015953,0.9396926207859084,-0.215778726170619,-0.0635808004243533,0.9743700647852352,UMI DRA
438,439,P,+,196.418,70.0,211.418,70.0,-0.3280743496258174,-0.0966695379015953,0.9396926207859084,-0.2918755697563734,-0.1782874931673655,0.9396926207859084,DRA UMI
233,234,M,+,200.168,28.5,200.168,32.0,-0.8249330805394554,-0.3029932839836519,0.4771587602596084,-0.7960506439034641,-0.2923849273396608,0.5299192642332049,CVN COM
233,154,P,+,200.168,28.5,203.918,28.5,-0.8249330805394554,-0.3029932839836519,0.4771587602596084,-0.803350126582757,-0.3562977569771972,0.4771587602596084,COM CVN
152,151,P,+,203.918,8.0,227.668,8.0,-0.9052304136007444,-0.4014831830368302,0.1391731009600654,-0.6668717658147734,-0.7320607187441802,0.1391731009600654,VIR BOO
232,231,M,+,203.918,48.5,203.918,53.0,-0.6057186323989336,-0.2686452431408228,0.7489557207890021,-0.5501351396812952,-0.2439931355168467,0.7986355100472928,UMA CVN
154,155,P,+,203.918,28.5,210.793,28.5,-0.803350126582757,-0.3562977569771972,0.4771587602596084,-0.7549236277771797,-0.4498998041022641,0.4771587602596084,BOO CVN
344,345,P,+,203.918,-65.0,206.418,-65.0,-0.386326607861774,-0.1713416097004618,-0.90630778703665,-0.3784850944887324,-0.1880298604120781,-0.90630778703665,MUS CIR
152,153,M,+,203.918,8.0,203.918,15.0,-0.9052304136007444,-0.4014831830368302,0.1391731009600654,-0.8829785215133316,-0.3916141371788694,0.2588190451025207,BOO VIR
153,154,M,+,203.918,15.0,203.918,28.5,-0.8829785215133316,-0.3916141371788694,0.2588190451025207,-0.803350126582757,-0.3562977569771972,0.4771587602596084,BOO COM
454,453,P,+,203.918,63.0,217.668,63.0,-0.4150048060948717,-0.1840608181333586,0.8910065241883678,-0.3593629675343312,-0.2774268037134888,0.8910065241883678,UMA DRA
297,298,P,+,203.918,-64.0,219.418,-64.0,-0.4007267396017278,-0.1777282827952262,-0.898794046299167,-0.3386566720178534,-0.2783539488402544,-0.898794046299167,CIR CEN
232,158,P,+,203.918,48.5,211.918,48.5,-0.6057186323989336,-0.2686452431408228,0.7489557207890021,-0.5624356287603982,-0.3503305464819216,0.7489557207890021,CVN UMA
344,297,M,+,203.918,-65.0,203.918,-64.0,-0.386326607861774,-0.1713416097004618,-0.90630778703665,-0.4007267396017278,-0.1777282827952262,-0.898794046299167,CIR MUS
454,455,M,+,203.918,63.0,203.918,64.0,-0.4150048060948717,-0.1840608181333586,0.8910065241883678,-0.4007267396017278,-0.1777282827952262,0.898794046299167,DRA UMA
201,200,P,+,205.168,80.0,218.918,80.0,-0.1571628377965555,-0.0738480333033955,0.984807753012208,-0.1351062404707816,-0.1090870908627467,0.984807753012208,UMI CAM
202,201,M,+,205.168,77.0,205.168,80.0,-0.2035952610675844,-0.0956658064369845,0.9743700647852352,-0.1571628377965555,-0.0738480333033955,0.984807753012208,UMI CAM
60,59,M,+,206.418,-75.0,206.418,-70.0,-0.2317910975678912,-0.1151528774979287,-0.9659258262890684,-0.3063036739834264,-0.1521704233573852,-0.9396926207859084,APS MUS
51,52,P,+,206.418,-82.5,271.418,-82.5,-0.1168956069058175,-0.0580732635692748,-0.9914448613738104,0.0032300327958047,-0.130486220512374,-0.9914448613738104,OCT APS
59,345,M,+,206.418,-70.0,206.418,-65.0,-0.3063036739834264,-0.1521704233573852,-0.9396926207859084,-0.3784850944887324,-0.1880298604120781,-0.90630778703665,CIR MUS
51,60,M,+,206.418,-82.5,206.418,-75.0,-0.1168956069058175,-0.0580732635692748,-0.9914448613738104,-0.2317910975678912,-0.1151528774979287,-0.9659258262890684,APS CHA
59,58,P,+,206.418,-70.0,222.668,-70.0,-0.3063036739834264,-0.1521704233573852,-0.9396926207859084,-0.2514850980728877,-0.2318038478709554,-0.9396926207859084,APS CIR
156,157,P,+,210.793,30.75,211.918,30.75,-0.7382493997419441,-0.439962730137978,0.511293086077052,-0.7294690022058663,-0.4543724848079845,0.511293086077052,BOO CVN
155,156,M,+,210.793,28.5,210.793,30.75,-0.7549236277771797,-0.4498998041022641,0.4771587602596084,-0.7382493997419441,-0.439962730137978,0.511293086077052,BOO CVN
440,441,P,+,211.418,66.0,236.418,66.0,-0.3471037941923292,-0.2120227649990916,0.9135454576426008,-0.2249781791931016,-0.3388502850928822,0.9135454576426008,DRA UMI
440,439,M,+,211.418,66.0,211.418,70.0,-0.3471037941923292,-0.2120227649990916,0.9135454576426008,-0.2918755697563734,-0.1782874931673655,0.9396926207859084,UMI DRA
158,159,M,+,211.918,48.5,211.918,55.5,-0.5624356287603982,-0.3503305464819216,0.7489557207890021,-0.4807688038664799,-0.299461821366504,0.8241261886220157,BOO UMA
159,160,P,+,211.918,55.5,217.668,55.5,-0.4807688038664799,-0.299461821366504,0.8241261886220157,-0.4483473249947629,-0.3461223792206888,0.8241261886220157,BOO UMA
157,158,M,+,211.918,30.75,211.918,48.5,-0.7294690022058663,-0.4543724848079845,0.511293086077052,-0.5624356287603982,-0.3503305464819216,0.7489557207890021,BOO CVN
300,299,P,+,213.918,-55.0,219.418,-55.0,-0.475974962602437,-0.3200589997371956,-0.8191520442889918,-0.4431073726117441,-0.3642056900630226,-0.8191520442889918,CEN LUP
300,301,M,+,213.918,-55.0,213.918,-42.0,-0.475974962602437,-0.3200589997371956,-0.8191520442889918,-0.6166890898884679,-0.4146791507254251,-0.6691306063588582,LUP CEN
301,302,P,+,213.918,-42.0,225.168,-42.0,-0.6166890898884679,-0.4146791507254251,-0.6691306063588582,-0.5239396928994762,-0.5270212802517839,-0.6691306063588582,LUP CEN
601,600,P,+,215.168,-8.0,221.418,-8.0,-0.809511181570223,-0.570370489140121,-0.1391731009600654,-0.742605268241248,-0.6551093523599734,-0.1391731009600654,LIB VIR
547,546,M,+,215.168,-24.5,215.168,-22.0,-0.7438630476154922,-0.5241157132613423,-0.414693242656239,-0.7579419364667696,-0.534035505480983,-0.374606593415912,LIB HYA
546,601,M,+,215.168,-22.0,215.168,-8.0,-0.7579419364667696,-0.534035505480983,-0.374606593415912,-0.809511181570223,-0.570370489140121,-0.1391731009600654,LIB VIR
547,548,P,+,215.168,-24.5,225.168,-24.5,-0.7438630476154922,-0.5241157132613423,-0.414693242656239,-0.6415503579765904,-0.6453236805474927,-0.414693242656239,HYA LIB
160,161,P,+,217.668,55.5,230.168,55.5,-0.4483473249947629,-0.3461223792206888,0.8241261886220157,-0.3628051090614265,-0.4349580187400576,0.8241261886220157,BOO DRA
160,453,M,+,217.668,55.5,217.668,63.0,-0.4483473249947629,-0.3461223792206888,0.8241261886220157,-0.3593629675343312,-0.2774268037134888,0.8910065241883678,DRA UMA
200,199,M,+,218.918,80.0,218.918,86.5,-0.1351062404707816,-0.1090870908627467,0.984807753012208,-0.0474985615950817,-0.0383511515568595,0.9981347984218668,UMI CAM
299,354,P,+,219.418,-55.0,227.168,-55.0,-0.4431073726117441,-0.3642056900630226,-0.8191520442889918,-0.3899465082856976,-0.4206324393255445,-0.8191520442889918,CIR LUP
298,299,M,+,219.418,-64.0,219.418,-55.0,-0.3386566720178534,-0.2783539488402544,-0.898794046299167,-0.4431073726117441,-0.3642056900630226,-0.8191520442889918,CIR CEN
599,598,P,+,221.418,0.0,227.668,0.0,-0.7499032753675966,-0.6615474870279159,0.0,-0.6734254964539369,-0.7392550985456703,0.0,LIB VIR
600,599,M,+,221.418,-8.0,221.418,0.0,-0.742605268241248,-0.6551093523599734,-0.1391731009600654,-0.7499032753675966,-0.6615474870279159,0.0,LIB VIR
58,57,P,+,222.668,-70.0,256.418,-70.0,-0.2514850980728877,-0.2318038478709554,-0.9396926207859084,-0.0803188992180244,-0.3324554900568133,-0.9396926207859084,APS TRA
346,347,P,+,222.668,-67.5,225.168,-67.5,-0.281384539470138,-0.2593633558425411,-0.9238795325112868,-0.2698034530514022,-0.2713903206237578,-0.9238795325112868,TRA CIR
58,346,M,+,222.668,-70.0,222.668,-67.5,-0.2514850980728877,-0.2318038478709554,-0.9396926207859084,-0.281384539470138,-0.2593633558425411,-0.9238795325112868,TRA CIR
303,602,P,+,225.168,-29.5,236.418,-29.5,-0.6136272236722079,-0.6172363144075089,-0.4924235601034671,-0.4814197172945929,-0.7250890243652992,-0.4924235601034671,LUP LIB
348,349,P,+,225.168,-63.583333333333336,228.918,-63.583333333333336,-0.313665001644808,-0.3155098439330132,-0.8955823832147036,-0.2923580897027897,-0.3353489857757248,-0.8955823832147036,TRA CIR
303,548,M,+,225.168,-29.5,225.168,-24.5,-0.6136272236722079,-0.6172363144075089,-0.4924235601034671,-0.6415503579765904,-0.6453236805474927,-0.414693242656239,LIB HYA
347,348,M,+,225.168,-67.5,225.168,-63.583333333333336,-0.2698034530514022,-0.2713903206237578,-0.9238795325112868,-0.313665001644808,-0.3155098439330132,-0.8955823832147036,TRA CIR
302,303,M,+,225.168,-42.0,225.168,-29.5,-0.5239396928994762,-0.5270212802517839,-0.6691306063588582,-0.6136272236722079,-0.6172363144075089,-0.4924235601034671,LUP CEN
608,609,P,+,227.168,-54.0,231.418,-54.0,-0.3996063858749552,-0.4310524784530101,-0.8090169943749475,-0.3665628939075984,-0.4594813898544891,-0.8090169943749475,NOR LUP
354,353,P,+,227.168,-55.0,231.418,-55.0,-0.3899465082856976,-0.4206324393255445,-0.8191520442889918,-0.3577017925611864,-0.448374124962268,-0.8191520442889918,CIR NOR
354,608,M,+,227.168,-55.0,227.168,-54.0,-0.3899465082856976,-0.4206324393255445,-0.8191520442889918,-0.3996063858749552,-0.4310524784530101,-0.8090169943749475,NOR LUP
151,170,M,+,227.668,8.0,227.668,26.0,-0.6668717658147734,-0.7320607187441802,0.1391731009600654,-0.6052708268388594,-0.6644380812691525,0.4383711467890774,SER1 BOO
607,598,M,+,227.668,-3.25,227.668,0.0,-0.672342406400558,-0.7380661328050493,-0.0566927875633775,-0.6734254964539369,-0.7392550985456703,0.0,SER1 LIB
170,169,P,+,227.668,26.0,229.168,26.0,-0.6052708268388594,-0.6644380812691525,0.4383711467890774,-0.587670454336313,-0.6800545380798372,0.4383711467890774,SER1 BOO
607,606,P,+,227.668,-3.25,240.168,-3.25,-0.672342406400558,-0.7380661328050493,-0.0566927875633775,-0.4966584579411591,-0.8660925493235717,-0.0566927875633775,LIB SER1
598,151,M,+,227.668,0.0,227.668,8.0,-0.6734254964539369,-0.7392550985456703,0.0,-0.6668717658147734,-0.7320607187441802,0.1391731009600654,SER1 VIR
349,350,M,+,228.918,-63.583333333333336,228.918,-61.0,-0.2923580897027897,-0.3353489857757248,-0.8955823832147036,-0.3185870542406205,-0.3654348871600541,-0.8746197071393957,TRA CIR
350,351,P,+,228.918,-61.0,231.418,-61.0,-0.3185870542406205,-0.3654348871600541,-0.8746197071393957,-0.3023437840582528,-0.3789836462497217,-0.8746197071393957,TRA CIR
169,369,P,+,229.168,26.0,241.91800000000003,26.0,-0.587670454336313,-0.6800545380798372,0.4383711467890774,-0.423093572397719,-0.7929833331530779,0.4383711467890774,SER1 CRB
169,168,M,+,229.168,26.0,229.168,33.0,-0.587670454336313,-0.6800545380798372,0.4383711467890774,-0.5483591215722518,-0.6345633107314105,0.5446390350150271,CRB BOO
168,167,P,+,229.168,33.0,232.918,33.0,-0.5483591215722518,-0.6345633107314105,0.5446390350150271,-0.5056826163836798,-0.6690690644658863,0.5446390350150271,CRB BOO
162,163,P,+,230.168,53.0,237.668,53.0,-0.3854858066092583,-0.4621493427392384,0.7986355100472928,-0.3218653281505352,-0.5085115855376835,0.7986355100472928,BOO DRA
162,161,M,+,230.168,53.0,230.168,55.5,-0.3854858066092583,-0.4621493427392384,0.7986355100472928,-0.3628051090614265,-0.4349580187400576,0.8241261886220157,DRA BOO
352,105,P,+,231.418,-60.0,247.7305,-60.0,-0.3118170220143617,-0.3908582157024401,-0.8660254037844386,-0.1894817965676534,-0.4627057907239702,-0.8660254037844386,TRA NOR
351,352,M,+,231.418,-61.0,231.418,-60.0,-0.3023437840582528,-0.3789836462497217,-0.8746197071393957,-0.3118170220143617,-0.3908582157024401,-0.8660254037844386,TRA CIR
352,353,M,+,231.418,-60.0,231.418,-55.0,-0.3118170220143617,-0.3908582157024401,-0.8660254037844386,-0.3577017925611864,-0.448374124962268,-0.8191520442889918,NOR CIR
609,610,M,+,231.418,-54.0,231.418,-48.0,-0.3665628939075984,-0.4594813898544891,-0.8090169943749475,-0.4172926260269665,-0.5230703897466302,-0.7431448254773942,NOR LUP
610,611,P,+,231.418,-48.0,236.418,-48.0,-0.4172926260269665,-0.5230703897466302,-0.7431448254773942,-0.3701161132731705,-0.5574493977588773,-0.7431448254773942,NOR LUP
166,165,P,+,232.918,40.0,237.668,40.0,-0.4618921577414792,-0.6111298744541831,0.6427876096865393,-0.4096992208187029,-0.6472794120733432,0.6427876096865393,CRB BOO
167,166,M,+,232.918,33.0,232.918,40.0,-0.5056826163836798,-0.6690690644658863,0.5446390350150271,-0.4618921577414792,-0.6111298744541831,0.6427876096865393,CRB BOO
442,443,P,+,236.418,70.0,249.41800000000003,70.0,-0.1891815512634612,-0.2849352893238417,0.9396926207859084,-0.1202363466075776,-0.320189005737195,0.9396926207859084,DRA UMI
602,603,M,+,236.418,-29.5,236.418,-20.0,-0.4814197172945929,-0.7250890243652992,-0.4924235601034671,-0.5197720402737567,-0.7828532734230248,-0.3420201433256687,SCO LIB
602,614,P,+,236.418,-29.5,241.418,-29.5,-0.4814197172945929,-0.7250890243652992,-0.4924235601034671,-0.4163920974489681,-0.7642883347514053,-0.4924235601034671,LUP SCO
441,442,M,+,236.418,66.0,236.418,70.0,-0.2249781791931016,-0.3388502850928822,0.9135454576426008,-0.1891815512634612,-0.2849352893238417,0.9396926207859084,DRA UMI
603,604,P,+,236.418,-20.0,240.168,-20.0,-0.5197720402737567,-0.7828532734230248,-0.3420201433256687,-0.4674581146271768,-0.815171842391955,-0.3420201433256687,SCO LIB
611,612,M,+,236.418,-48.0,236.418,-42.0,-0.3701161132731705,-0.5574493977588773,-0.7431448254773942,-0.4110555873411223,-0.6191102775350057,-0.6691306063588582,NOR LUP
612,613,P,+,236.418,-42.0,241.418,-42.0,-0.4110555873411223,-0.6191102775350057,-0.6691306063588582,-0.3555323806489423,-0.652580231039772,-0.6691306063588582,NOR LUP
165,164,M,+,237.668,40.0,237.668,51.5,-0.4096992208187029,-0.6472794120733432,0.6427876096865393,-0.3329359854635205,-0.5260019984862243,0.7826081568524139,HER BOO
165,365,P,+,237.668,40.0,246.418,40.0,-0.4096992208187029,-0.6472794120733432,0.6427876096865393,-0.3064646047502229,-0.7020708902018049,0.6427876096865393,CRB HER
164,163,M,+,237.668,51.5,237.668,53.0,-0.3329359854635205,-0.5260019984862243,0.7826081568524139,-0.3218653281505352,-0.5085115855376835,0.7986355100472928,DRA BOO
164,452,P,+,237.668,51.5,256.418,51.5,-0.3329359854635205,-0.5260019984862243,0.7826081568524139,-0.1461893146867457,-0.60510590568882,0.7826081568524139,HER DRA
523,524,P,+,240.168,22.0,241.91800000000003,22.0,-0.4612355221072823,-0.8043206408614342,0.374606593415912,-0.4364576411174574,-0.8180309454290285,0.374606593415912,HER SER1
605,606,M,+,240.168,-8.0,240.168,-3.25,-0.4926173028817422,-0.859045424218462,-0.1391731009600654,-0.4966584579411591,-0.8660925493235717,-0.0566927875633775,OPH LIB
605,655,P,+,240.168,-8.0,245.418,-8.0,-0.4926173028817422,-0.859045424218462,-0.1391731009600654,-0.4119466907967996,-0.9005169470424894,-0.1391731009600654,SCO OPH
606,656,P,+,240.168,-3.25,245.418,-3.25,-0.4966584579411591,-0.8660925493235717,-0.0566927875633775,-0.4153260695640191,-0.9079042811765992,-0.0566927875633775,OPH SER1
522,523,M,+,240.168,16.0,240.168,22.0,-0.4781878351570295,-0.8338827509824427,0.2756373558169991,-0.4612355221072823,-0.8043206408614342,0.374606593415912,HER SER1
522,521,P,+,240.168,16.0,242.668,16.0,-0.4781878351570295,-0.8338827509824427,0.2756373558169991,-0.4413592515633338,-0.8539473397919024,0.2756373558169991,SER1 HER
604,605,M,+,240.168,-20.0,240.168,-8.0,-0.4674581146271768,-0.815171842391955,-0.3420201433256687,-0.4926173028817422,-0.859045424218462,-0.1391731009600654,SCO LIB
613,628,P,+,241.418,-42.0,247.7305,-42.0,-0.3555323806489423,-0.652580231039772,-0.6691306063588582,-0.2816248332828237,-0.6877148281898889,-0.6691306063588582,NOR SCO
613,614,M,+,241.418,-42.0,241.418,-29.5,-0.3555323806489423,-0.652580231039772,-0.6691306063588582,-0.4163920974489681,-0.7642883347514053,-0.4924235601034671,SCO LUP
369,368,P,+,241.91800000000003,26.0,243.91800000000003,26.0,-0.423093572397719,-0.7929833331530779,0.4383711467890774,-0.3951611160045063,-0.807266021866957,0.4383711467890774,HER CRB
524,369,M,+,241.91800000000003,22.0,241.91800000000003,26.0,-0.4364576411174574,-0.8180309454290285,0.374606593415912,-0.423093572397719,-0.7929833331530779,0.4383711467890774,HER SER1
520,519,P,+,242.668,4.0,245.418,4.0,-0.4580273243691336,-0.8861969332501877,0.0697564737441253,-0.4149817835534293,-0.9071516707197314,0.0697564737441253,SER1 HER
520,521,M,+,242.668,4.0,242.668,16.0,-0.4580273243691336,-0.8861969332501877,0.0697564737441253,-0.4413592515633338,-0.8539473397919024,0.2756373558169991,HER SER1
368,367,M,+,243.91800000000003,26.0,243.91800000000003,27.0,-0.3951611160045063,-0.807266021866957,0.4383711467890774,-0.3917372772053017,-0.8002715362887857,0.4539904997395467,HER CRB
367,366,P,+,243.91800000000003,27.0,246.418,27.0,-0.3917372772053017,-0.8002715362887857,0.4539904997395467,-0.3564570759804435,-0.8165971951517522,0.4539904997395467,HER CRB
656,629,M,+,245.418,-3.25,245.418,0.0,-0.4153260695640191,-0.9079042811765992,-0.0566927875633775,-0.4159951267744098,-0.909366842643794,0.0,OPH SER1
654,655,M,+,245.418,-18.25,245.418,-8.0,-0.3950702084018961,-0.863624895855771,-0.3131638064837495,-0.4119466907967996,-0.9005169470424894,-0.1391731009600654,OPH SCO
519,537,P,+,245.418,4.0,252.668,4.0,-0.4149817835534293,-0.9071516707197314,0.0697564737441253,-0.297182377617243,-0.9522692207587872,0.0697564737441253,OPH HER
650,649,P,+,245.418,-24.58333333333333,252.668,-24.58333333333333,-0.378288147785985,-0.826939251017379,-0.416016288589119,-0.2709048339925209,-0.8680674043805697,-0.416016288589119,SCO OPH
654,653,P,+,245.418,-18.25,247.043,-18.25,-0.3950702084018961,-0.863624895855771,-0.3131638064837495,-0.370420825135119,-0.874480898942239,-0.3131638064837495,SCO OPH
629,519,M,+,245.418,0.0,245.418,4.0,-0.4159951267744098,-0.909366842643794,0.0,-0.4149817835534293,-0.9071516707197314,0.0697564737441253,OPH SER1
650,651,M,+,245.418,-24.58333333333333,245.418,-19.25,-0.378288147785985,-0.826939251017379,-0.416016288589119,-0.3927364317246247,-0.8585232516492586,-0.3296906452627873,OPH SCO
651,652,P,+,245.418,-19.25,247.043,-19.25,-0.3927364317246247,-0.8585232516492586,-0.3296906452627873,-0.3682326584141381,-0.8693151256612665,-0.3296906452627873,OPH SCO
366,365,M,+,246.418,27.0,246.418,40.0,-0.3564570759804435,-0.8165971951517522,0.4539904997395467,-0.3064646047502229,-0.7020708902018049,0.6427876096865393,HER CRB
652,653,M,+,247.043,-19.25,247.043,-18.25,-0.3682326584141381,-0.8693151256612665,-0.3296906452627873,-0.370420825135119,-0.874480898942239,-0.3131638064837495,OPH SCO
106,628,M,+,247.7305,-45.5,247.7305,-42.0,-0.2656190932608958,-0.6486295507272374,-0.7132504491541816,-0.2816248332828237,-0.6877148281898889,-0.6691306063588582,SCO NOR
117,116,P,+,247.7305,-61.0,250.168,-61.0,-0.1837251956751154,-0.4486484373733381,-0.8746197071393957,-0.1644781379811684,-0.4560562575051956,-0.8746197071393957,TRA ARA
117,105,M,+,247.7305,-61.0,247.7305,-60.0,-0.1837251956751154,-0.4486484373733381,-0.8746197071393957,-0.1894817965676534,-0.4627057907239702,-0.8660254037844386,ARA TRA
106,107,P,+,247.7305,-45.5,268.918,-45.5,-0.2656190932608958,-0.6486295507272374,-0.7132504491541816,-0.0132355080085243,-0.7007842878583356,-0.7132504491541816,ARA SCO
105,106,M,+,247.7305,-60.0,247.7305,-45.5,-0.1894817965676534,-0.4627057907239702,-0.8660254037844386,-0.2656190932608958,-0.6486295507272374,-0.7132504491541816,ARA NOR
444,445,P,+,249.41800000000003,75.0,263.918,75.0,-0.0909872035985823,-0.2422986316285975,0.9659258262890684,-0.0274223140990162,-0.2573622248839863,0.9659258262890684,DRA UMI
443,444,M,+,249.41800000000003,70.0,249.41800000000003,75.0,-0.1202363466075776,-0.320189005737195,0.9396926207859084,-0.0909872035985823,-0.2422986316285975,0.9659258262890684,DRA UMI
115,116,M,+,250.168,-63.583333333333336,250.168,-61.0,-0.1509368117065039,-0.4185095862072304,-0.8955823832147036,-0.1644781379811684,-0.4560562575051956,-0.8746197071393957,ARA TRA
115,114,P,+,250.168,-63.583333333333336,252.668,-63.583333333333336,-0.1509368117065039,-0.4185095862072304,-0.8955823832147036,-0.1325380215497388,-0.4246950290728075,-0.8955823832147036,TRA ARA
536,535,P,+,252.668,12.833333333333334,260.168,12.833333333333334,-0.2904664118448918,-0.930749076987286,0.2221157789921033,-0.1664942984938281,-0.9606998643133968,0.2221157789921033,OPH HER
537,536,M,+,252.668,4.0,252.668,12.833333333333334,-0.297182377617243,-0.9522692207587872,0.0697564737441253,-0.2904664118448918,-0.930749076987286,0.2221157789921033,OPH HER
648,649,M,+,252.668,-30.0,252.668,-24.58333333333333,-0.2579959537500964,-0.8267031437272864,-0.4999999999999999,-0.2709048339925209,-0.8680674043805697,-0.416016288589119,OPH SCO
648,647,P,+,252.668,-30.0,265.418,-30.0,-0.2579959537500964,-0.8267031437272864,-0.4999999999999999,-0.0691831088676021,-0.863257607813226,-0.4999999999999999,SCO OPH
113,112,P,+,252.668,-65.0,253.918,-65.0,-0.125901389305133,-0.4034290957873114,-0.90630778703665,-0.1170706688396796,-0.4060796149207202,-0.90630778703665,TRA ARA
113,114,M,+,252.668,-65.0,252.668,-63.583333333333336,-0.125901389305133,-0.4034290957873114,-0.90630778703665,-0.1325380215497388,-0.4246950290728075,-0.8955823832147036,ARA TRA
111,112,M,+,253.918,-67.5,253.918,-65.0,-0.1060082098589799,-0.3677075860642812,-0.9238795325112868,-0.1170706688396796,-0.4060796149207202,-0.90630778703665,ARA TRA
111,56,P,+,253.918,-67.5,256.418,-67.5,-0.1060082098589799,-0.3677075860642812,-0.9238795325112868,-0.0898681338989794,-0.3719816230894228,-0.9238795325112868,TRA ARA
451,450,P,+,256.418,50.5,274.918,50.5,-0.1493745426000347,-0.6182901813345882,0.77162458338772,0.0545309413137948,-0.6337364426566923,0.77162458338772,HER DRA
451,452,M,+,256.418,50.5,256.418,51.5,-0.1493745426000347,-0.6182901813345882,0.77162458338772,-0.1461893146867457,-0.60510590568882,0.7826081568524139,DRA HER
56,55,P,+,256.418,-67.5,263.918,-67.5,-0.0898681338989794,-0.3719816230894228,-0.9238795325112868,-0.0405459547176999,-0.3805294140572532,-0.9238795325112868,APS ARA
57,56,M,+,256.418,-70.0,256.418,-67.5,-0.0803188992180244,-0.3324554900568133,-0.9396926207859084,-0.0898681338989794,-0.3719816230894228,-0.9238795325112868,APS TRA
645,644,M,+,258.918,-16.0,258.918,-10.0,-0.1847676430669043,-0.9433371434188914,-0.2756373558169991,-0.1892935172252567,-0.9664441394770034,-0.1736481776669303,SER2 OPH
645,646,P,+,258.918,-16.0,265.418,-16.0,-0.1847676430669043,-0.9433371434188914,-0.2756373558169991,-0.0767911336893181,-0.958189527110854,-0.2756373558169991,OPH SER2
644,643,P,+,258.918,-10.0,265.168,-10.0,-0.1892935172252567,-0.9664441394770034,-0.1736481776669303,-0.0829546673983045,-0.9813077160349808,-0.1736481776669303,SER2 OPH
534,533,P,+,260.168,14.333333333333334,275.168,14.333333333333334,-0.1654443939218728,-0.9546417398674308,0.247562721391386,0.087272450623618,-0.9649332714439062,0.247562721391386,OPH HER
535,534,M,+,260.168,12.833333333333334,260.168,14.333333333333334,-0.1664942984938281,-0.9606998643133968,0.2221157789921033,-0.1654443939218728,-0.9546417398674308,0.247562721391386,OPH HER
110,109,P,+,263.918,-57.0,271.418,-57.0,-0.057705423813967,-0.5415734137903654,-0.838670567945424,0.0134777695959152,-0.5444722474000114,-0.838670567945424,PAV ARA
445,446,M,+,263.918,75.0,263.918,80.0,-0.0274223140990162,-0.2573622248839863,0.9659258262890684,-0.0183983171285487,-0.1726707605064713,0.984807753012208,DRA UMI
446,447,P,+,263.918,80.0,271.418,80.0,-0.0183983171285487,-0.1726707605064713,0.984807753012208,0.0042971399016246,-0.1735950004916953,0.984807753012208,DRA UMI
55,110,M,+,263.918,-67.5,263.918,-57.0,-0.0405459547176999,-0.3805294140572532,-0.9238795325112868,-0.057705423813967,-0.5415734137903654,-0.838670567945424,PAV ARA
55,54,P,+,263.918,-67.5,271.418,-67.5,-0.0405459547176999,-0.3805294140572532,-0.9238795325112868,0.0094699769902617,-0.3825662412478788,-0.9238795325112868,APS PAV
642,641,P,+,265.168,-11.666666666666666,266.418,-11.666666666666666,-0.0824941470045504,-0.9758600151405572,-0.2022175723320379,-0.0611862415913814,-0.9774273872160828,-0.2022175723320379,SER2 OPH
642,643,M,+,265.168,-11.666666666666666,265.168,-10.0,-0.0824941470045504,-0.9758600151405572,-0.2022175723320379,-0.0829546673983045,-0.9813077160349808,-0.1736481776669303,OPH SER2
647,693,P,+,265.418,-30.0,268.918,-30.0,-0.0691831088676021,-0.863257607813226,-0.4999999999999999,-0.0163534522244106,-0.8658709861176456,-0.4999999999999999,SCO SGR
647,646,M,+,265.418,-30.0,265.418,-16.0,-0.0691831088676021,-0.863257607813226,-0.4999999999999999,-0.0767911336893181,-0.958189527110854,-0.2756373558169991,SGR OPH
646,692,P,+,265.418,-16.0,275.168,-16.0,-0.0767911336893181,-0.958189527110854,-0.2756373558169991,0.0865869539201083,-0.9573540345603868,-0.2756373558169991,SGR SER2
641,640,M,+,266.418,-11.666666666666666,266.418,-10.0,-0.0611862415913814,-0.9774273872160828,-0.2022175723320379,-0.0615278114250381,-0.9828838379046626,-0.1736481776669303,SER2 OPH
640,639,P,+,266.418,-10.0,270.918,-10.0,-0.0615278114250381,-0.9828838379046626,-0.1736481776669303,0.0157780354112302,-0.984681351499822,-0.1736481776669303,SER2 OPH
107,362,M,+,268.918,-45.5,268.918,-37.0,-0.0132355080085243,-0.7007842878583356,-0.7132504491541816,-0.0150809059424856,-0.7984931084138757,-0.6018150231520483,CRA SCO
637,638,P,+,268.918,-4.0,270.918,-4.0,-0.0188373412205056,-0.9973861784416944,-0.0697564737441253,0.0159824096244444,-0.9974360114580691,-0.0697564737441253,OPH SER2
362,363,P,+,268.918,-37.0,288.918,-37.0,-0.0150809059424856,-0.7984931084138757,-0.6018150231520483,0.2589293113553527,-0.755496055336851,-0.6018150231520483,CRA SGR
636,635,P,+,268.918,0.0,275.168,0.0,-0.0188833400878863,-0.9998216938370188,0.0,0.0900763593160632,-0.995934862072999,0.0,SER2 OPH
637,636,M,+,268.918,-4.0,268.918,0.0,-0.0188373412205056,-0.9973861784416944,-0.0697564737441253,-0.0188833400878863,-0.9998216938370188,0.0,SER2 OPH
362,693,M,+,268.918,-37.0,268.918,-30.0,-0.0150809059424856,-0.7984931084138757,-0.6018150231520483,-0.0163534522244106,-0.8658709861176456,-0.4999999999999999,SGR SCO
107,108,P,+,268.918,-45.5,271.418,-45.5,-0.0132355080085243,-0.7007842878583356,-0.7132504491541816,0.0173448705739851,-0.7006946212481796,-0.7132504491541816,ARA CRA
639,638,M,+,270.918,-10.0,270.918,-4.0,0.0157780354112302,-0.984681351499822,-0.1736481776669303,0.0159824096244444,-0.9974360114580691,-0.0697564737441253,SER2 OPH
448,317,P,+,271.418,86.0,316.418,86.0,0.0017262106101537,-0.0697351118601255,0.9975640502598242,0.050530785711293,-0.0480895552549013,0.9975640502598242,DRA UMI
447,448,M,+,271.418,80.0,271.418,86.0,0.0042971399016246,-0.1735950004916953,0.984807753012208,0.0017262106101537,-0.0697351118601255,0.9975640502598242,DRA UMI
52,53,M,+,271.418,-82.5,271.418,-75.0,0.0032300327958047,-0.130486220512374,-0.9914448613738104,0.006404798834939,-0.258739785614166,-0.9659258262890684,OCT APS
53,54,M,+,271.418,-75.0,271.418,-67.5,0.006404798834939,-0.258739785614166,-0.9659258262890684,0.0094699769902617,-0.3825662412478788,-0.9238795325112868,PAV APS
53,564,P,+,271.418,-75.0,321.418,-75.0,0.006404798834939,-0.258739785614166,-0.9659258262890684,0.2023231003171613,-0.1614083677689373,-0.9659258262890684,OCT PAV
109,108,M,+,271.418,-57.0,271.418,-45.5,0.0134777695959152,-0.5444722474000114,-0.838670567945424,0.0173448705739851,-0.7006946212481796,-0.7132504491541816,TEL ARA
108,364,P,+,271.418,-45.5,288.918,-45.5,0.0173448705739851,-0.7006946212481796,-0.7132504491541816,0.2272450333657218,-0.6630486344092492,-0.7132504491541816,TEL CRA
109,569,P,+,271.418,-57.0,306.418,-57.0,0.0134777695959152,-0.5444722474000114,-0.838670567945424,0.3233367938726937,-0.4382750234615555,-0.838670567945424,PAV TEL
526,527,P,+,274.043,30.0,276.918,30.0,0.0610592228065175,-0.8638702282809984,0.4999999999999999,0.1043116486178179,-0.8597203498595535,0.4999999999999999,HER LYR
526,525,M,+,274.043,30.0,274.043,47.5,0.0610592228065175,-0.8638702282809984,0.4999999999999999,0.0476325669344611,-0.6739089457733922,0.7372773368101241,LYR HER
525,449,P,+,274.043,47.5,274.918,47.5,0.0476325669344611,-0.6739089457733922,0.7372773368101241,0.0579183012233564,-0.6731029631561366,0.7372773368101241,LYR HER
449,391,P,+,274.918,47.5,287.668,47.5,0.0579183012233564,-0.6731029631561366,0.7372773368101241,0.2050422677890305,-0.6437233855050649,0.7372773368101241,LYR DRA
449,450,M,+,274.918,47.5,274.918,50.5,0.0579183012233564,-0.6731029631561366,0.7372773368101241,0.0545309413137948,-0.6337364426566923,0.77162458338772,DRA HER
692,691,P,+,275.168,-16.0,284.418,-16.0,0.0865869539201083,-0.9573540345603868,-0.2756373558169991,0.2393485526170754,-0.930986744501942,-0.2756373558169991,SGR SCT
631,632,P,+,275.168,4.5,277.793,4.5,0.0897986839617569,-0.9928647272696848,0.0784590957278449,0.1351765360589155,-0.9877102178253911,0.0784590957278449,OPH SER2
692,694,M,+,275.168,-16.0,275.168,-4.0,0.0865869539201083,-0.9573540345603868,-0.2756373558169991,0.0898569378319912,-0.9935088148045004,-0.0697564737441253,SCT SER2
532,533,M,+,275.168,12.0,275.168,14.333333333333334,0.0881079747478434,-0.9741712958238576,0.2079116908177593,0.087272450623618,-0.9649332714439062,0.247562721391386,HER OPH
694,104,P,+,275.168,-4.0,280.168,-4.0,0.0898569378319912,-0.9935088148045004,-0.0697564737441253,0.1761050037356209,-0.9818966656578796,-0.0697564737441253,SCT SER2
532,89,P,+,275.168,12.0,281.3513333333333,12.0,0.0881079747478434,-0.9741712958238576,0.2079116908177593,0.1925235426765696,-0.959013771713714,0.2079116908177593,OPH HER
634,633,P,+,275.168,3.0,277.793,3.0,0.089952912796186,-0.9945699679578196,0.0523359562429438,0.1354087011495243,-0.9894066056668186,0.0523359562429438,SER2 OPH
635,634,M,+,275.168,0.0,275.168,3.0,0.0900763593160632,-0.995934862072999,0.0,0.089952912796186,-0.9945699679578196,0.0523359562429438,SER2 OPH
630,88,P,+,275.168,6.25,281.3513333333333,6.25,0.0895409759021237,-0.9900153621002364,0.1088668748519645,0.1956547740965543,-0.9746113137724152,0.1088668748519645,SER2 OPH
631,630,M,+,275.168,4.5,275.168,6.25,0.0897986839617569,-0.9928647272696848,0.0784590957278449,0.0895409759021237,-0.9900153621002364,0.1088668748519645,SER2 OPH
528,529,P,+,276.918,26.0,284.418,26.0,0.108258589560592,-0.8922504219383595,0.4383711467890774,0.2237944724017737,-0.8704865144189431,0.4383711467890774,HER LYR
528,527,M,+,276.918,26.0,276.918,30.0,0.108258589560592,-0.8922504219383595,0.4383711467890774,0.1043116486178179,-0.8597203498595535,0.4999999999999999,LYR HER
633,632,M,+,277.793,3.0,277.793,4.5,0.1354087011495243,-0.9894066056668186,0.0523359562429438,0.1351765360589155,-0.9877102178253911,0.0784590957278449,SER2 OPH
104,84,M,+,280.168,-4.0,280.168,0.0,0.1761050037356209,-0.9818966656578796,-0.0697564737441253,0.1765350342063278,-0.984294357241659,0.0,AQL SER2
85,86,P,+,280.168,2.0,284.418,2.0,0.1764274938333063,-0.9836947517139708,0.0348994967025009,0.2488424837445634,-0.9679149980312056,0.0348994967025009,AQL SER2
104,103,P,+,280.168,-4.0,284.418,-4.0,0.1761050037356209,-0.9818966656578796,-0.0697564737441253,0.2483876269920956,-0.9661457556331864,-0.0697564737441253,SCT AQL
84,85,M,+,280.168,0.0,280.168,2.0,0.1765350342063278,-0.984294357241659,0.0,0.1764274938333063,-0.9836947517139708,0.0348994967025009,AQL SER2
88,87,P,+,281.3513333333333,6.25,284.418,6.25,0.1956547740965543,-0.9746113137724152,0.1088668748519645,0.247514227164846,-0.9627485190385678,0.1088668748519645,SER2 AQL
89,90,P,+,281.3513333333333,12.0,284.418,12.0,0.1925235426765696,-0.959013771713714,0.2079116908177593,0.2435530443694325,-0.9473408274742948,0.2079116908177593,AQL HER
88,89,M,+,281.3513333333333,6.25,281.3513333333333,12.0,0.1956547740965543,-0.9746113137724152,0.1088668748519645,0.1925235426765696,-0.959013771713714,0.2079116908177593,AQL OPH
102,101,P,+,284.418,-12.033333333333331,301.418,-12.033333333333331,0.2435228852885354,-0.9472235186197622,-0.2084807188071449,0.5098234482795961,-0.8346351547053109,-0.2084807188071449,SGR AQL
530,619,P,+,284.418,25.5,290.293,25.5,0.2247384685517238,-0.8741583473707407,0.4305110968082951,0.3130355888809128,-0.8465630015650926,0.4305110968082951,VUL LYR
530,529,M,+,284.418,25.5,284.418,26.0,0.2247384685517238,-0.8741583473707407,0.4305110968082951,0.2237944724017737,-0.8704865144189431,0.4383711467890774,LYR HER
86,87,M,+,284.418,2.0,284.418,6.25,0.2488424837445634,-0.9679149980312056,0.0348994967025009,0.247514227164846,-0.9627485190385678,0.1088668748519645,AQL SER2
531,686,P,+,284.418,21.08333333333333,290.168,21.08333333333333,0.2323260502472089,-0.903671531821133,0.3597254077106289,0.3216942050727273,-0.8758484283653467,0.3597254077106289,SGE VUL
90,91,M,+,284.418,12.0,284.418,18.5,0.2435530443694325,-0.9473408274742948,0.2079116908177593,0.2361270559777957,-0.9184561875554572,0.3173046564050921,AQL HER
691,102,M,+,284.418,-16.0,284.418,-12.033333333333331,0.2393485526170754,-0.930986744501942,-0.2756373558169991,0.2435228852885354,-0.9472235186197622,-0.2084807188071449,SGR SCT
91,531,M,+,284.418,18.5,284.418,21.08333333333333,0.2361270559777957,-0.9184561875554572,0.3173046564050921,0.2323260502472089,-0.903671531821133,0.3597254077106289,SGE HER
91,92,P,+,284.418,18.5,286.418,18.5,0.2361270559777957,-0.9184561875554572,0.3173046564050921,0.2680368724442173,-0.9096559734503856,0.3173046564050921,AQL SGE
102,103,M,+,284.418,-12.033333333333331,284.418,-4.0,0.2435228852885354,-0.9472235186197622,-0.2084807188071449,0.2483876269920956,-0.9661457556331864,-0.0697564737441253,AQL SCT
531,530,M,+,284.418,21.08333333333333,284.418,25.5,0.2323260502472089,-0.903671531821133,0.3597254077106289,0.2247384685517238,-0.8741583473707407,0.4305110968082951,VUL HER
93,92,M,+,286.418,16.166666666666668,286.418,18.5,0.2714659455620158,-0.9212934650259252,0.2784323826365118,0.2680368724442173,-0.9096559734503856,0.3173046564050921,SGE AQL
93,94,P,+,286.418,16.166666666666668,298.918,16.166666666666668,0.2714659455620158,-0.9212934650259252,0.2784323826365118,0.4644355206151414,-0.8406991468357141,0.2784323826365118,AQL SGE
391,392,M,+,287.668,47.5,287.668,55.5,0.2050422677890305,-0.6437233855050649,0.7372773368101241,0.171904829288154,-0.5396894985959616,0.8241261886220157,CYG DRA
392,393,P,+,287.668,55.5,292.668,55.5,0.171904829288154,-0.5396894985959616,0.8241261886220157,0.2182877186164679,-0.5226533240385711,0.8241261886220157,CYG DRA
391,390,P,+,287.668,47.5,288.918,47.5,0.2050422677890305,-0.6437233855050649,0.7372773368101241,0.2190362249306744,-0.639097223272242,0.7372773368101241,LYR CYG
389,388,P,+,288.918,43.5,292.418,43.5,0.2351769787320271,-0.6861922229200413,0.6883545756937539,0.2766293593096009,-0.670555125019138,0.6883545756937539,LYR CYG
364,363,M,+,288.918,-45.5,288.918,-37.0,0.2272450333657218,-0.6630486344092492,-0.7132504491541816,0.2589293113553527,-0.755496055336851,-0.6018150231520483,SGR CRA
389,390,M,+,288.918,43.5,288.918,47.5,0.2351769787320271,-0.6861922229200413,0.6883545756937539,0.2190362249306744,-0.639097223272242,0.7372773368101241,CYG LYR
364,568,P,+,288.918,-45.5,306.418,-45.5,0.2272450333657218,-0.6630486344092492,-0.7132504491541816,0.4161100100144849,-0.5640268223649505,-0.7132504491541816,TEL SGR
687,688,P,+,290.168,19.166666666666668,298.918,19.166666666666668,0.3256623203366623,-0.8866520656789386,0.3283171752135611,0.4567526174337441,-0.8267919199697173,0.3283171752135611,SGE VUL
687,686,M,+,290.168,19.166666666666668,290.168,21.08333333333333,0.3256623203366623,-0.8866520656789386,0.3283171752135611,0.3216942050727273,-0.8758484283653467,0.3597254077106289,VUL SGE
383,384,M,+,290.293,27.5,290.293,30.0,0.3076340411506916,-0.831955236115993,0.4617486132350339,0.300355852194915,-0.812272344754065,0.4999999999999999,CYG LYR
384,385,P,+,290.293,30.0,291.793,30.0,0.300355852194915,-0.812272344754065,0.4999999999999999,0.3215157389264648,-0.8041315996915986,0.4999999999999999,CYG LYR
619,383,M,+,290.293,25.5,290.293,27.5,0.3130355888809128,-0.8465630015650926,0.4305110968082951,0.3076340411506916,-0.831955236115993,0.4617486132350339,VUL LYR
383,408,P,+,290.293,27.5,296.418,27.5,0.3076340411506916,-0.831955236115993,0.4617486132350339,0.3946458027145879,-0.7943820923052594,0.4617486132350339,VUL CYG
386,387,P,+,291.793,36.5,292.418,36.5,0.2984353939307581,-0.7464061682561054,0.5948227867513413,0.3065595052922004,-0.7431064002391378,0.5948227867513413,CYG LYR
385,386,M,+,291.793,30.0,291.793,36.5,0.3215157389264648,-0.8041315996915986,0.4999999999999999,0.2984353939307581,-0.7464061682561054,0.5948227867513413,CYG LYR
387,388,M,+,292.418,36.5,292.418,43.5,0.3065595052922004,-0.7431064002391378,0.5948227867513413,0.2766293593096009,-0.670555125019138,0.6883545756937539,CYG LYR
394,395,P,+,292.668,58.0,297.918,58.0,0.2042259772216008,-0.4889848431529789,0.8480480961564261,0.2481121391063884,-0.4682465088321678,0.8480480961564261,CYG DRA
393,394,M,+,292.668,55.5,292.668,58.0,0.2182877186164679,-0.5226533240385711,0.8241261886220157,0.2042259772216008,-0.4889848431529789,0.8480480961564261,CYG DRA
407,406,P,+,296.418,29.0,315.168,29.0,0.3891327856248094,-0.7832849464074223,0.484809620246337,0.6202602534357095,-0.6166334811899786,0.484809620246337,VUL CYG
408,407,M,+,296.418,27.5,296.418,29.0,0.3946458027145879,-0.7943820923052594,0.4617486132350339,0.3891327856248094,-0.7832849464074223,0.484809620246337,VUL CYG
396,308,P,+,297.918,59.5,301.418,59.5,0.2376332347436942,-0.4484703285860502,0.8616291604415257,0.264568459444129,-0.4331266790953794,0.8616291604415257,CYG DRA
395,396,M,+,297.918,58.0,297.918,59.5,0.2481121391063884,-0.4682465088321678,0.8480480961564261,0.2376332347436942,-0.4484703285860502,0.8616291604415257,CYG DRA
95,94,M,+,298.918,15.75,298.918,16.166666666666668,0.4654023466492186,-0.8424492494568718,0.2714404498650742,0.4644355206151414,-0.8406991468357141,0.2784323826365118,SGE AQL
689,690,P,+,298.918,21.25,305.168,21.25,0.4506792971047884,-0.815798283625429,0.3624380382837016,0.5368140214404921,-0.7618854079124687,0.3624380382837016,SGE VUL
688,689,M,+,298.918,19.166666666666668,298.918,21.25,0.4567526174337441,-0.8267919199697173,0.3283171752135611,0.4506792971047884,-0.815798283625429,0.3624380382837016,SGE VUL
95,96,P,+,298.918,15.75,303.543,15.75,0.4654023466492186,-0.8424492494568718,0.2714404498650742,0.5318168199113671,-0.802178877954541,0.2714404498650742,AQL SGE
309,310,P,+,301.418,61.5,307.668,61.5,0.2487322482890406,-0.407201118801957,0.8788171126619654,0.2915845811722012,-0.3777021505301742,0.8788171126619654,CEP DRA
253,101,M,+,301.418,-28.0,301.418,-12.033333333333331,0.4602609407688749,-0.7534960637839615,-0.4694715627858908,0.5098234482795961,-0.8346351547053109,-0.2084807188071449,CAP SGR
253,254,P,+,301.418,-28.0,306.418,-28.0,0.4602609407688749,-0.7534960637839615,-0.4694715627858908,0.5241810180291999,-0.710514399624135,-0.4694715627858908,SGR CAP
308,331,P,+,301.418,59.5,309.468,59.5,0.264568459444129,-0.4331266790953794,0.8616291604415257,0.3226153213561975,-0.3918093213580669,0.8616291604415257,CYG CEP
100,83,P,+,301.418,-9.0,309.418,-9.0,0.5148599628170683,-0.8428804641439877,-0.1564344650402308,0.6271556689847929,-0.7630229518224295,-0.1564344650402308,CAP AQL
101,100,M,+,301.418,-12.033333333333331,301.418,-9.0,0.5098234482795961,-0.8346351547053109,-0.2084807188071449,0.5148599628170683,-0.8428804641439877,-0.1564344650402308,CAP AQL
308,309,M,+,301.418,59.5,301.418,61.5,0.264568459444129,-0.4331266790953794,0.8616291604415257,0.2487322482890406,-0.407201118801957,0.8788171126619654,CEP DRA
96,409,P,+,303.543,15.75,305.168,15.75,0.5318168199113671,-0.802178877954541,0.2714404498650742,0.5543509695199499,-0.7867751170247681,0.2714404498650742,DEL SGE
97,98,P,+,303.543,8.5,305.918,8.5,0.5464932304104735,-0.8243163998714588,0.1478094111296106,0.5801832208466542,-0.8009618019790458,0.1478094111296106,AQL DEL
97,96,M,+,303.543,8.5,303.543,15.75,0.5464932304104735,-0.8243163998714588,0.1478094111296106,0.5318168199113671,-0.802178877954541,0.2714404498650742,DEL AQL
314,313,P,+,303.918,75.0,311.418,75.0,0.1444225380237725,-0.2147776259728946,0.9659258262890684,0.1712210888825374,-0.194089249649894,0.9659258262890684,DRA CEP
314,315,M,+,303.918,75.0,303.918,80.0,0.1444225380237725,-0.2147776259728946,0.9659258262890684,0.096896696809646,-0.144099686864425,0.984807753012208,CEP DRA
315,316,P,+,303.918,80.0,316.418,80.0,0.096896696809646,-0.144099686864425,0.984807753012208,0.1257887387919059,-0.1197116652636137,0.984807753012208,CEP DRA
410,690,M,+,305.168,20.5,305.168,21.25,0.5395005570809531,-0.7656983342157191,0.3502073812594674,0.5368140214404921,-0.7618854079124687,0.3624380382837016,VUL SGE
409,410,M,+,305.168,15.75,305.168,20.5,0.5543509695199499,-0.7867751170247681,0.2714404498650742,0.5395005570809531,-0.7656983342157191,0.3502073812594674,DEL SGE
410,411,P,+,305.168,20.5,309.918,20.5,0.5395005570809531,-0.7656983342157191,0.3502073812594674,0.6010537503166862,-0.718393471115678,0.3502073812594674,DEL VUL
99,98,M,+,305.918,2.0,305.918,8.5,0.5862694526795064,-0.8093640429280166,0.0348994967025009,0.5801832208466542,-0.8009618019790458,0.1478094111296106,DEL AQL
99,62,P,+,305.918,2.0,309.418,2.0,0.5862694526795064,-0.8093640429280166,0.0348994967025009,0.6345864347439397,-0.7720635219778795,0.0348994967025009,AQL DEL
568,511,P,+,306.418,-45.5,321.418,-45.5,0.4161100100144849,-0.5640268223649505,-0.7132504491541816,0.5479122888270997,-0.4371108789925128,-0.7132504491541816,IND MIC
568,254,M,+,306.418,-45.5,306.418,-28.0,0.4161100100144849,-0.5640268223649505,-0.7132504491541816,0.5241810180291999,-0.710514399624135,-0.4694715627858908,MIC SGR
570,571,P,+,306.418,-60.0,321.418,-60.0,0.2968358610797816,-0.4023536647987994,-0.8660254037844386,0.3908582157024404,-0.3118170220143613,-0.8660254037844386,PAV IND
570,569,M,+,306.418,-60.0,306.418,-57.0,0.2968358610797816,-0.4023536647987994,-0.8660254037844386,0.3233367938726937,-0.4382750234615555,-0.838670567945424,IND PAV
569,568,M,+,306.418,-57.0,306.418,-45.5,0.3233367938726937,-0.4382750234615555,-0.838670567945424,0.4161100100144849,-0.5640268223649505,-0.7132504491541816,IND TEL
254,255,P,+,306.418,-28.0,321.418,-28.0,0.5241810180291999,-0.710514399624135,-0.4694715627858908,0.6902146414072098,-0.5506361780000387,-0.4694715627858908,MIC CAP
311,312,P,+,307.668,67.0,311.418,67.0,0.2387699481604398,-0.3092890664507269,0.9205048534524404,0.2584871961556607,-0.2930105530421836,0.9205048534524404,CEP DRA
310,311,M,+,307.668,61.5,307.668,67.0,0.2915845811722012,-0.3777021505301742,0.8788171126619654,0.2387699481604398,-0.3092890664507269,0.9205048534524404,CEP DRA
82,81,P,+,309.418,-15.0,321.418,-15.0,0.6133370546937807,-0.7462106667904027,-0.2588190451025207,0.7550800899285011,-0.6023842292804371,-0.2588190451025207,CAP AQR
62,63,P,+,309.418,2.0,313.918,2.0,0.6345864347439397,-0.7720635219778795,0.0348994967025009,0.6932056223269792,-0.7198944299716297,0.0348994967025009,AQR DEL
61,62,M,+,309.418,0.0,309.418,2.0,0.6349732432873475,-0.7725341288960293,0.0,0.6345864347439397,-0.7720635219778795,0.0348994967025009,AQR AQL
83,61,M,+,309.418,-9.0,309.418,0.0,0.6271556689847929,-0.7630229518224295,-0.1564344650402308,0.6349732432873475,-0.7725341288960293,0.0,AQR AQL
82,83,M,+,309.418,-15.0,309.418,-9.0,0.6133370546937807,-0.7462106667904027,-0.2588190451025207,0.6271556689847929,-0.7630229518224295,-0.1564344650402308,AQR CAP
330,329,P,+,309.468,60.91666666666666,310.418,60.91666666666666,0.3089761300848491,-0.3752448189239135,0.8739136552935591,0.3151551692641513,-0.3700704559641777,0.8739136552935591,CYG CEP
331,330,M,+,309.468,59.5,309.468,60.91666666666666,0.3226153213561975,-0.3918093213580669,0.8616291604415257,0.3089761300848491,-0.3752448189239135,0.8739136552935591,CYG CEP
412,411,M,+,309.918,19.5,309.918,20.5,0.6048841952697447,-0.7229717083270678,0.3338068592337709,0.6010537503166862,-0.718393471115678,0.3502073812594674,VUL DEL
412,413,P,+,309.918,19.5,317.168,19.5,0.6048841952697447,-0.7229717083270678,0.3338068592337709,0.6912863999958638,-0.6408557512492526,0.3338068592337709,DEL VUL
328,329,M,+,310.418,54.833333333333336,310.418,60.91666666666666,0.3734268551211669,-0.4384958903470496,0.8174801147569666,0.3151551692641513,-0.3700704559641777,0.8739136552935591,CEP CYG
328,327,P,+,310.418,54.833333333333336,330.918,54.833333333333336,0.3734268551211669,-0.4384958903470496,0.8174801147569666,0.5033430473619664,-0.2799500645638539,0.8174801147569666,CYG CEP
312,313,M,+,311.418,67.0,311.418,75.0,0.2584871961556607,-0.2930105530421836,0.9205048534524404,0.1712210888825374,-0.194089249649894,0.9659258262890684,CEP DRA
63,64,P,+,313.918,2.0,321.418,2.0,0.6932056223269792,-0.7198944299716297,0.0348994967025009,0.7812402308761398,-0.6232541430191282,0.0348994967025009,AQR EQU
417,416,P,+,313.918,6.0,314.543,6.0,0.6898283942157877,-0.7163871766723429,0.1045284632676534,0.6976017697439785,-0.7088198439779828,0.1045284632676534,EQU DEL
63,417,M,+,313.918,2.0,313.918,6.0,0.6932056223269792,-0.7198944299716297,0.0348994967025009,0.6898283942157877,-0.7163871766723429,0.1045284632676534,EQU DEL
415,414,P,+,314.543,11.833333333333334,317.168,11.833333333333334,0.6865374367334208,-0.6975775863771425,0.2050654991648874,0.7177653032596016,-0.665402968500222,0.2050654991648874,EQU DEL
416,415,M,+,314.543,6.0,314.543,11.833333333333334,0.6976017697439785,-0.7088198439779828,0.1045284632676534,0.6865374367334208,-0.6975775863771425,0.2050654991648874,EQU DEL
405,404,P,+,315.168,28.0,322.668,28.0,0.6261661991453878,-0.6225048937825244,0.4694715627858908,0.7020624539324454,-0.5354481884493836,0.4694715627858908,VUL CYG
405,406,M,+,315.168,28.0,315.168,29.0,0.6261661991453878,-0.6225048937825244,0.4694715627858908,0.6202602534357095,-0.6166334811899786,0.484809620246337,CYG VUL
318,319,P,+,316.418,86.16666666666667,346.418,86.16666666666667,0.0484285471659941,-0.0460888795230663,0.9977627428420542,0.0649847918756569,-0.0156998669159388,0.9977627428420542,CEP UMI
316,317,M,+,316.418,80.0,316.418,86.0,0.1257887387919059,-0.1197116652636137,0.984807753012208,0.050530785711293,-0.0480895552549013,0.9975640502598242,CEP DRA
317,318,M,+,316.418,86.0,316.418,86.16666666666667,0.050530785711293,-0.0480895552549013,0.9975640502598242,0.0484285471659941,-0.0460888795230663,0.9977627428420542,CEP UMI
413,668,P,+,317.168,19.5,320.168,19.5,0.6912863999958638,-0.6408557512492526,0.3338068592337709,0.7238788145654538,-0.6037983459333082,0.3338068592337709,PEG VUL
414,413,M,+,317.168,11.833333333333334,317.168,19.5,0.7177653032596016,-0.665402968500222,0.2050654991648874,0.6912863999958638,-0.6408557512492526,0.3338068592337709,PEG DEL
414,460,P,+,317.168,11.833333333333334,318.168,11.833333333333334,0.7177653032596016,-0.665402968500222,0.2050654991648874,0.7292688671781822,-0.6527748926061007,0.2050654991648874,EQU PEG
461,462,P,+,318.168,12.5,321.418,12.5,0.727441690538634,-0.6511393709372975,0.2164396139381028,0.7631866306806282,-0.6088514270892986,0.2164396139381028,EQU PEG
460,461,M,+,318.168,11.833333333333334,318.168,12.5,0.7292688671781822,-0.6527748926061007,0.2050654991648874,0.727441690538634,-0.6511393709372975,0.2164396139381028,EQU PEG
668,669,M,+,320.168,19.5,320.168,23.5,0.7238788145654538,-0.6037983459333082,0.3338068592337709,0.7042341821407214,-0.5874124587849993,0.3987490689252462,PEG VUL
669,670,P,+,320.168,23.5,322.668,23.5,0.7042341821407214,-0.5874124587849993,0.3987490689252462,0.7291864788278092,-0.5561351086974731,0.3987490689252462,PEG VUL
564,571,M,+,321.418,-75.0,321.418,-60.0,0.2023231003171613,-0.1614083677689373,-0.9659258262890684,0.3908582157024404,-0.3118170220143613,-0.8660254037844386,IND PAV
512,513,P,+,321.418,-50.0,331.418,-50.0,0.5024776363954347,-0.4008642364803726,-0.766044443118978,0.5644532161941355,-0.3075198821127366,-0.766044443118978,IND GRU
510,255,M,+,321.418,-37.0,321.418,-28.0,0.6243065009073864,-0.4980562928357347,-0.6018150231520483,0.6902146414072098,-0.5506361780000387,-0.4694715627858908,PSA MIC
564,565,P,+,321.418,-75.0,351.418,-75.0,0.2023231003171613,-0.1614083677689373,-0.9659258262890684,0.2559211285315578,-0.0386221967127006,-0.9659258262890684,OCT IND
64,462,M,+,321.418,2.0,321.418,12.5,0.7812402308761398,-0.6232541430191282,0.0348994967025009,0.7631866306806282,-0.6088514270892986,0.2164396139381028,PEG EQU
64,65,P,+,321.418,2.0,323.418,2.0,0.7812402308761398,-0.6232541430191282,0.0348994967025009,0.8025155763450106,-0.5956095825736418,0.0348994967025009,AQR PEG
511,510,M,+,321.418,-45.5,321.418,-37.0,0.5479122888270997,-0.4371108789925128,-0.7132504491541816,0.6243065009073864,-0.4980562928357347,-0.6018150231520483,GRU MIC
80,79,P,+,321.418,-9.0,329.418,-9.0,0.7720922049502393,-0.6159560740853641,-0.1564344650402308,0.8503027735721417,-0.5025071655241345,-0.1564344650402308,CAP AQR
256,78,P,+,321.418,-25.5,329.418,-25.5,0.7055657475205325,-0.562882910959918,-0.4305110968082951,0.7770373903630798,-0.4592092001502728,-0.4305110968082951,PSA CAP
81,80,M,+,321.418,-15.0,321.418,-9.0,0.7550800899285011,-0.6023842292804371,-0.2588190451025207,0.7720922049502393,-0.6159560740853641,-0.1564344650402308,CAP AQR
510,518,P,+,321.418,-37.0,346.418,-37.0,0.6243065009073864,-0.4980562928357347,-0.6018150231520483,0.7763015279972225,-0.1875489683727348,-0.6018150231520483,GRU PSA
512,511,M,+,321.418,-50.0,321.418,-45.5,0.5024776363954347,-0.4008642364803726,-0.766044443118978,0.5479122888270997,-0.4371108789925128,-0.7132504491541816,GRU IND
255,256,M,+,321.418,-28.0,321.418,-25.5,0.6902146414072098,-0.5506361780000387,-0.4694715627858908,0.7055657475205325,-0.562882910959918,-0.4305110968082951,PSA CAP
404,403,P,+,322.668,28.0,327.418,28.0,0.7020624539324454,-0.5354481884493836,0.4694715627858908,0.7439907268891494,-0.4754726596118105,0.4694715627858908,PEG CYG
670,404,M,+,322.668,23.5,322.668,28.0,0.7291864788278092,-0.5561351086974731,0.3987490689252462,0.7020624539324454,-0.5354481884493836,0.4694715627858908,PEG VUL
65,66,M,+,323.418,2.0,323.418,2.75,0.8025155763450106,-0.5956095825736418,0.0348994967025009,0.8020799940221361,-0.595286302860262,0.0479781285213439,AQR PEG
66,67,P,+,323.418,2.75,326.418,2.75,0.8020799940221361,-0.595286302860262,0.0479781285213439,0.8321356491647959,-0.5524928602006303,0.0479781285213439,AQR PEG
68,67,M,+,326.418,1.75,326.418,2.75,0.8327064895203284,-0.5528718671823197,0.0305385132098226,0.8321356491647959,-0.5524928602006303,0.0479781285213439,PEG AQR
68,69,P,+,326.418,1.75,331.418,1.75,0.8327064895203284,-0.5528718671823197,0.0305385132098226,0.8777237481553005,-0.4781928702261714,0.0305385132098226,AQR PEG
403,402,M,+,327.418,28.0,327.418,36.0,0.7439907268891494,-0.4754726596118105,0.4694715627858908,0.6816952065770691,-0.4356605817804969,0.5877852522924731,PEG CYG
402,401,P,+,327.418,36.0,329.543,36.0,0.6816952065770691,-0.4356605817804969,0.5877852522924731,0.6973805945248255,-0.410083898205812,0.5877852522924731,PEG CYG
78,77,P,+,329.418,-25.5,346.418,-25.5,0.7770373903630798,-0.4592092001502728,-0.4305110968082951,0.8773443286376188,-0.2119601956319268,-0.4305110968082951,PSA AQR
78,79,M,+,329.418,-25.5,329.418,-9.0,0.7770373903630798,-0.4592092001502728,-0.4305110968082951,0.8503027735721417,-0.5025071655241345,-0.1564344650402308,AQR CAP
400,399,P,+,329.543,43.75,330.043,43.75,0.6226848296478019,-0.3661602062064583,0.6915130557822694,0.6258564297550546,-0.3607123826775628,0.6915130557822694,LAC CYG
401,400,M,+,329.543,36.0,329.543,43.75,0.6973805945248255,-0.410083898205812,0.5877852522924731,0.6226848296478019,-0.3661602062064583,0.6915130557822694,LAC CYG
401,575,P,+,329.543,36.0,331.418,36.0,0.6973805945248255,-0.410083898205812,0.5877852522924731,0.7104247772500502,-0.3870466807204143,0.5877852522924731,PEG LAC
399,398,M,+,330.043,43.75,330.043,44.0,0.6258564297550546,-0.3607123826775628,0.6915130557822694,0.6232362948131405,-0.3592022677807573,0.6946583704589973,LAC CYG
398,397,P,+,330.043,44.0,330.918,44.0,0.6232362948131405,-0.3592022677807573,0.6946583704589973,0.6286490110424481,-0.3496429167974128,0.6946583704589973,LAC CYG
326,325,P,+,330.918,52.75,333.418,52.75,0.5289815283319019,-0.2942097120159644,0.796002002534622,0.541311302524708,-0.2708558393682431,0.796002002534622,LAC CEP
326,327,M,+,330.918,52.75,330.918,54.833333333333336,0.5289815283319019,-0.2942097120159644,0.796002002534622,0.5033430473619664,-0.2799500645638539,0.8174801147569666,CEP CYG
397,326,M,+,330.918,44.0,330.918,52.75,0.6286490110424481,-0.3496429167974128,0.6946583704589973,0.5289815283319019,-0.2942097120159644,0.796002002534622,LAC CYG
514,515,P,+,331.418,-57.0,351.418,-57.0,0.4782656827019734,-0.2605640328435894,-0.838670567945424,0.5385408806688579,-0.0812736015598604,-0.838670567945424,TUC GRU
567,514,M,+,331.418,-67.5,331.418,-57.0,0.3360470720461201,-0.1830818799771184,-0.9238795325112868,0.4782656827019734,-0.2605640328435894,-0.838670567945424,TUC IND
70,71,P,+,331.418,2.0,342.668,2.0,0.8775983824905058,-0.4781245697304836,0.0348994967025009,0.9540130519249148,-0.2977265891498808,0.0348994967025009,AQR PEG
574,573,P,+,331.418,35.0,343.668,35.0,0.7193247022549211,-0.391895450839511,0.573576436351046,0.786097939178342,-0.2303477841925077,0.573576436351046,PEG LAC
514,513,M,+,331.418,-57.0,331.418,-50.0,0.4782656827019734,-0.2605640328435894,-0.838670567945424,0.5644532161941355,-0.3075198821127366,-0.766044443118978,GRU IND
567,566,P,+,331.418,-67.5,351.418,-67.5,0.3360470720461201,-0.1830818799771184,-0.9238795325112868,0.3783986446685565,-0.0571058238687243,-0.9238795325112868,IND TUC
69,70,M,+,331.418,1.75,331.418,2.0,0.8777237481553005,-0.4781928702261714,0.0305385132098226,0.8775983824905058,-0.4781245697304836,0.0348994967025009,AQR PEG
574,575,M,+,331.418,35.0,331.418,36.0,0.7193247022549211,-0.391895450839511,0.573576436351046,0.7104247772500502,-0.3870466807204143,0.5877852522924731,LAC PEG
324,323,P,+,333.418,55.0,336.168,55.0,0.5129464590629018,-0.2566629277320674,0.8191520442889918,0.5246699499215419,-0.2317571400981904,0.8191520442889918,LAC CEP
325,324,M,+,333.418,52.75,333.418,55.0,0.541311302524708,-0.2708558393682431,0.796002002534622,0.5129464590629018,-0.2566629277320674,0.8191520442889918,LAC CEP
322,278,P,+,336.168,56.25,344.418,56.25,0.5081990609493812,-0.2244816212245945,0.8314696123025452,0.535151361867357,-0.1492357320113661,0.8314696123025452,LAC CEP
323,322,M,+,336.168,55.0,336.168,56.25,0.5246699499215419,-0.2317571400981904,0.8191520442889918,0.5081990609493812,-0.2244816212245945,0.8314696123025452,LAC CEP
73,72,M,+,342.668,-4.0,342.668,0.0,0.952269220758787,-0.2971823776172431,-0.0697564737441253,0.9545945651417173,-0.2979080666949048,0.0,PSC AQR
73,74,P,+,342.668,-4.0,358.918,-4.0,0.952269220758787,-0.2971823776172431,-0.0697564737441253,0.9973861784416944,-0.0188373412205056,-0.0697564737441253,AQR PSC
676,675,P,+,342.668,7.5,358.918,7.5,0.9464278763051226,-0.2953594218864698,0.1305261922200515,0.9912680806447712,-0.018721790495709,0.1305261922200515,PSC PEG
72,71,M,+,342.668,0.0,342.668,2.0,0.9545945651417173,-0.2979080666949048,0.0,0.9540130519249148,-0.2977265891498808,0.0348994967025009,PSC AQR
71,676,M,+,342.668,2.0,342.668,7.5,0.9540130519249148,-0.2977265891498808,0.0348994967025009,0.9464278763051226,-0.2953594218864698,0.1305261922200515,PSC PEG
572,1,P,+,343.668,34.5,344.418,34.5,0.79087136877133,-0.2317465271161859,0.5664062369248328,0.7938370812175335,-0.22137448646282,0.5664062369248328,PEG LAC
572,573,M,+,343.668,34.5,343.668,35.0,0.79087136877133,-0.2317465271161859,0.5664062369248328,0.786097939178342,-0.2303477841925077,0.573576436351046,LAC PEG
2,278,M,+,344.418,52.5,344.418,56.25,0.5863876219855729,-0.1635238032545856,0.7933533402912352,0.535151361867357,-0.1492357320113661,0.8314696123025452,CAS LAC
1,37,P,+,344.418,34.5,353.918,34.5,0.7938370812175335,-0.22137448646282,0.5664062369248328,0.8194874121605205,-0.0873175588475964,0.5664062369248328,PEG AND
278,279,M,+,344.418,56.25,344.418,59.083333333333336,0.535151361867357,-0.1492357320113661,0.8314696123025452,0.4949074783686166,-0.1380130652279762,0.8579154863278758,CAS CEP
279,280,P,+,344.418,59.083333333333336,348.918,59.083333333333336,0.4949074783686166,-0.1380130652279762,0.8579154863278758,0.504210224076242,-0.0987576237856609,0.8579154863278758,CAS CEP
2,3,P,+,344.418,52.5,351.418,52.5,0.5863876219855729,-0.1635238032545856,0.7933533402912352,0.6019453161056355,-0.0908422471498043,0.7933533402912352,AND CAS
1,2,M,+,344.418,34.5,344.418,52.5,0.7938370812175335,-0.22137448646282,0.5664062369248328,0.5863876219855729,-0.1635238032545856,0.7933533402912352,AND LAC
518,517,P,+,346.418,-37.0,351.418,-37.0,0.7763015279972225,-0.1875489683727348,-0.6018150231520483,0.7896934359514366,-0.119176151656755,-0.6018150231520483,GRU SCL
320,321,P,+,346.418,88.0,121.418,88.0,0.0339235261588622,-0.0081956844154026,0.9993908270190958,-0.0181923313620946,0.0297827794152868,0.9993908270190958,CEP UMI
77,76,P,+,346.418,-25.5,358.918,-25.5,0.8773443286376188,-0.2119601956319268,-0.4305110968082951,0.9024243478310447,-0.0170438248827001,-0.4305110968082951,SCL AQR
319,320,M,+,346.418,86.16666666666667,346.418,88.0,0.0649847918756569,-0.0156998669159388,0.9977627428420542,0.0339235261588622,-0.0081956844154026,0.9993908270190958,CEP UMI
518,77,M,+,346.418,-37.0,346.418,-25.5,0.7763015279972225,-0.1875489683727348,-0.6018150231520483,0.8773443286376188,-0.2119601956319268,-0.4305110968082951,SCL PSA
280,281,M,+,348.918,59.083333333333336,348.918,63.0,0.504210224076242,-0.0987576237856609,0.8579154863278758,0.4455249834391607,-0.0872631823010085,0.8910065241883678,CAS CEP
281,282,P,+,348.918,63.0,355.168,63.0,0.4455249834391607,-0.0872631823010085,0.8910065241883678,0.4523770035708397,-0.0382416068442724,0.8910065241883678,CAS CEP
680,515,M,+,351.418,-58.5,351.418,-57.0,0.5166483103484817,-0.0779696963203369,-0.8526401643540922,0.5385408806688579,-0.0812736015598604,-0.838670567945424,PHE TUC
515,516,M,+,351.418,-57.0,351.418,-40.0,0.5385408806688579,-0.0812736015598604,-0.838670567945424,0.7574672810908544,-0.1143127591754036,-0.6427876096865393,PHE GRU
565,560,P,+,351.418,-75.0,1.418,-75.0,0.2559211285315578,-0.0386221967127006,-0.9659258262890684,0.258739785614166,0.0064047988349391,-0.9659258262890684,OCT TUC
565,566,M,+,351.418,-75.0,351.418,-67.5,0.2559211285315578,-0.0386221967127006,-0.9659258262890684,0.3783986446685565,-0.0571058238687243,-0.9238795325112868,TUC IND
4,3,M,+,351.418,50.0,351.418,52.5,0.635590516192193,-0.0959197940629384,0.766044443118978,0.6019453161056355,-0.0908422471498043,0.7933533402912352,CAS AND
516,517,M,+,351.418,-40.0,351.418,-37.0,0.7574672810908544,-0.1143127591754036,-0.6427876096865393,0.7896934359514366,-0.119176151656755,-0.6018150231520483,SCL GRU
516,499,P,+,351.418,-40.0,26.418,-40.0,0.7574672810908544,-0.1143127591754036,-0.6427876096865393,0.6860479768248811,0.3408258533737613,-0.6427876096865393,PHE SCL
4,5,P,+,351.418,50.0,355.168,50.0,0.635590516192193,-0.0959197940629384,0.766044443118978,0.640503122795037,-0.0541448137529407,0.766044443118978,AND CAS
680,484,P,+,351.418,-58.5,21.418,-58.5,0.5166483103484817,-0.0779696963203369,-0.8526401643540922,0.4864154097442603,0.1908004174354711,-0.8526401643540922,TUC PHE
36,35,P,+,353.918,32.083333333333336,357.668,32.083333333333336,0.8425073802209438,-0.0897703694532974,0.5311521392609281,0.8465747703222394,-0.034475545135459,0.5311521392609281,PEG AND
36,37,M,+,353.918,32.083333333333336,353.918,34.5,0.8425073802209438,-0.0897703694532974,0.5311521392609281,0.8194874121605205,-0.0873175588475964,0.5664062369248328,AND PEG
282,283,M,+,355.168,63.0,355.168,66.0,0.4523770035708397,-0.0382416068442724,0.8910065241883678,0.405291088563862,-0.0342612076741415,0.9135454576426008,CAS CEP
6,7,P,+,355.168,48.0,3.918,48.0,0.6667524956487354,-0.0563637996621629,0.7431448254773942,0.6675667557706715,0.0457208372188655,0.7431448254773942,AND CAS
283,284,P,+,355.168,66.0,6.418,66.0,0.405291088563862,-0.0342612076741415,0.9135454576426008,0.4041875639798476,0.0454654808025547,0.9135454576426008,CAS CEP
6,5,M,+,355.168,48.0,355.168,50.0,0.6667524956487354,-0.0563637996621629,0.7431448254773942,0.640503122795037,-0.0541448137529407,0.766044443118978,CAS AND
34,35,M,+,357.668,31.33333333333333,357.668,32.083333333333336,0.8534490509589128,-0.03475549036968,0.5200161279292155,0.8465747703222394,-0.034475545135459,0.5311521392609281,AND PEG
34,33,P,+,357.668,31.33333333333333,1.418,31.33333333333333,0.8534490509589128,-0.03475549036968,0.5200161279292155,0.853894868856974,0.02113716237429,0.5200161279292155,PEG AND
75,341,P,+,358.918,-7.0,6.418,-7.0,0.9923691745454408,-0.0187425865343659,-0.1218693434051474,0.9863257171415328,0.1109479285216213,-0.1218693434051474,CET PSC
76,75,M,+,358.918,-25.5,358.918,-7.0,0.9024243478310447,-0.0170438248827001,-0.4305110968082951,0.9923691745454408,-0.0187425865343659,-0.1218693434051474,CET AQR
75,74,M,+,358.918,-7.0,358.918,-4.0,0.9923691745454408,-0.0187425865343659,-0.1218693434051474,0.9973861784416944,-0.0188373412205056,-0.0697564737441253,PSC AQR
675,674,M,+,358.918,7.5,358.918,10.0,0.9912680806447712,-0.018721790495709,0.1305261922200515,0.984632155720494,-0.0185964597213167,0.1736481776669303,PSC PEG
674,673,P,+,358.918,10.0,1.418,10.0,0.984632155720494,-0.0185964597213167,0.1736481776669303,0.9845061702650784,0.0243702914004381,0.1736481776669303,PSC PEG
76,340,P,+,358.918,-25.5,26.418,-25.5,0.9024243478310447,-0.0170438248827001,-0.4305110968082951,0.8083301351537359,0.4015751338507675,-0.4305110968082951,SCL CET
