vertex1_key,vertex2_key,edge_type,edge_dir,ra1_deg,dec1_deg,ra2_deg,dec2_deg,x1,y1,z1,x2,y2,z2,constellation
001,002,M,+,343.0,34.5,343.0,52.5,0.7881157936929232,-0.24095117867407076,0.5664062369248328,0.5821614498078933,-0.1779846167687292,0.7933533402912352,AND LAC
002,003,P,+,343.0,52.5,350.0,52.5,0.5821614498078933,-0.1779846167687292,0.7933533402912352,0.5995129750225789,-0.10571031278128075,0.7933533402912352,AND CAS
004,005,P,+,350.0,50.0,353.75,50.0,0.6330222215594891,-0.11161889704894969,0.766044443118978,0.638967097539679,-0.06997827826013772,0.766044443118978,AND CAS
006,007,P,+,353.75,48.0,2.5,48.0,0.665153520349567,-0.07284615798208878,0.7431448254773942,0.6684937422888074,0.0291870671167692,0.7431448254773942,AND CAS
008,009,P,+,2.5,46.0,13.0,46.0,0.6939972096140126,0.03030057254762408,0.7193398003386512,0.676854321427739,0.1562641328435426,0.7193398003386512,AND CAS
009,010,M,+,13.0,46.0,13.0,48.0,0.676854321427739,0.1562641328435426,0.7193398003386512,0.6519808322676645,0.15052163539417487,0.7431448254773942,AND CAS
010,011,P,+,13.0,48.0,16.75,48.0,0.6519808322676645,0.15052163539417487,0.7431448254773942,0.6407403052872025,0.19284094364692328,0.7431448254773942,AND CAS
011,012,M,+,16.75,48.0,16.75,50.0,0.6407403052872025,0.19284094364692328,0.7431448254773942,0.6155150061160134,0.18524899031449224,0.766044443118978,AND CAS
012,013,P,+,16.75,50.0,20.5,50.0,0.6155150061160134,0.18524899031449224,0.766044443118978,0.6020812775868353,0.22510896549435563,0.766044443118978,AND CAS
013,014,P,+,20.5,50.0,24.999999999999996,50.0,0.6020812775868353,0.22510896549435563,0.766044443118978,0.5825634160695854,0.2716537822741844,0.766044443118978,AND PER
015,016,P,+,24.999999999999996,47.0,30.624999999999996,47.0,0.6181004244708673,0.28822496143962073,0.7313537016191705,0.5868731154910997,0.34742151551351536,0.7313537016191705,AND PER
016,017,M,+,30.624999999999996,47.0,30.624999999999996,50.5,0.5868731154910997,0.34742151551351536,0.7313537016191705,0.5473579244328919,0.32402901856507266,0.77162458338772,AND PER
017,018,P,+,30.624999999999996,50.5,37.75,50.5,0.5473579244328919,0.32402901856507266,0.77162458338772,0.5029404168591677,0.38941807790760596,0.77162458338772,AND PER
025,026,P,+,10.75,23.75,12.75,23.75,0.8992481267036253,0.1707275912904839,0.40274668985873724,0.8927420220324406,0.20200689568739824,0.40274668985873724,AND PSC
028,029,M,+,2.125,21.0,2.125,22.0,0.9329384124019034,0.03461692366044463,0.35836794954530027,0.926546239331217,0.0343797404077553,0.374606593415912,AND PEG
030,031,M,+,1.0,22.0,1.0,28.0,0.9270426399748211,0.01618158947198674,0.374606593415912,0.8828131156638819,0.015409560253395118,0.4694715627858908,AND PEG
032,033,M,+,0.0,28.0,0.0,31.333333333333332,0.882947592858927,0.0,0.4694715627858908,0.8541564415805256,0.0,0.5200161279292155,AND PEG
034,035,M,+,356.25,31.333333333333332,356.25,32.083333333333336,0.8523276270728604,-0.055864504131450034,0.5200161279292155,0.8454623791751615,-0.05541453201114982,0.5311521392609281,AND PEG
036,037,M,+,352.5,32.083333333333336,352.5,34.5,0.8400278955241215,-0.1105917704888347,0.5311521392609281,0.817075674832881,-0.10757005330965579,0.5664062369248328,AND PEG
038,050,P,+,140.5,-24.0,146.25,-24.0,-0.7049141331592159,0.5810863688401409,-0.4067366430758002,-0.7595852874868447,0.5075386627764988,-0.4067366430758002,ANT HYA
049,048,P,+,146.25,-26.5,153.75,-26.5,-0.7441107266774617,0.497198891812486,-0.44619781310980877,-0.8026422343818145,0.3958193466249378,-0.44619781310980877,ANT HYA
047,046,P,+,153.75,-29.166666666666668,158.75,-29.166666666666668,-0.7831544392046594,0.3862090295698889,-0.48735173112724234,-0.813834634950712,0.3164829807776738,-0.48735173112724234,ANT HYA
045,044,P,+,158.75,-31.166666666666668,162.5,-31.166666666666668,-0.7974869713524563,0.31012572208882483,-0.5175292909797199,-0.8160626832099439,0.2573035756654291,-0.5175292909797199,ANT HYA
043,042,P,+,162.5,-35.0,165.0,-35.0,-0.7812391898784737,0.24632377039348122,-0.573576436351046,-0.7912401152362238,0.21201214989665487,-0.573576436351046,ANT HYA
040,039,M,+,140.5,-39.75,140.5,-36.75,-0.5932572583647345,0.4890435442203815,-0.6394390019805848,-0.6182671394055619,0.5096600991673026,-0.598324600570659,ANT VEL
039,038,M,+,140.5,-36.75,140.5,-24.0,-0.6182671394055619,0.5096600991673026,-0.598324600570659,-0.7049141331592159,0.5810863688401409,-0.4067366430758002,ANT PYX
051,060,M,+,205.0,-82.5,205.0,-75.0,-0.11829690442127548,-0.05516275246767064,-0.9914448613738104,-0.2345697160098045,-0.10938165494661496,-0.9659258262890683,APS CHA
060,059,M,+,205.0,-75.0,205.0,-70.0,-0.2345697160098045,-0.10938165494661496,-0.9659258262890683,-0.3099755192194448,-0.144543958452599,-0.9396926207859083,APS MUS
059,058,P,+,205.0,-70.0,221.25,-70.0,-0.3099755192194448,-0.144543958452599,-0.9396926207859083,-0.2571443587119031,-0.2255095501817055,-0.9396926207859083,APS CIR
058,057,P,+,221.25,-70.0,255.0,-70.0,-0.2571443587119031,-0.2255095501817055,-0.9396926207859083,-0.08852132690137685,-0.3303660895493522,-0.9396926207859083,APS TRA
057,056,M,+,255.0,-70.0,255.0,-67.5,-0.08852132690137685,-0.3303660895493522,-0.9396926207859083,-0.0990457605412876,-0.36964381061438617,-0.9238795325112867,APS TRA
056,055,P,+,255.0,-67.5,262.5,-67.5,-0.0990457605412876,-0.36964381061438617,-0.9238795325112867,-0.049950211252314844,-0.3794095225512604,-0.9238795325112867,APS ARA
055,054,P,+,262.5,-67.5,270.0,-67.5,-0.049950211252314844,-0.3794095225512604,-0.9238795325112867,-7.029780607989448e-17,-0.38268343236508984,-0.9238795325112867,APS PAV
061,062,M,+,308.0,0.0,308.0,2.0,0.6156614753256585,-0.7880107536067218,0.0,0.6152864309895065,-0.7875307187469626,0.03489949670250097,AQR AQL
062,063,P,+,308.0,2.0,312.5,2.0,0.6152864309895065,-0.7875307187469626,0.03489949670250097,0.6751786563150172,-0.7368282073771064,0.03489949670250097,AQR DEL
063,064,P,+,312.5,2.0,320.0,2.0,0.6751786563150172,-0.7368282073771064,0.03489949670250097,0.7655777895420579,-0.6423960408422585,0.03489949670250097,AQR EQU
064,065,P,+,320.0,2.0,322.0,2.0,0.7655777895420579,-0.6423960408422585,0.03489949670250097,0.7875307187469628,-0.6152864309895062,0.03489949670250097,AQR PEG
065,066,M,+,322.0,2.0,322.0,2.75,0.7875307187469628,-0.6152864309895062,0.03489949670250097,0.7871032697728643,-0.614952471249978,0.04797812852134394,AQR PEG
066,067,P,+,322.0,2.75,325.0,2.75,0.7871032697728643,-0.614952471249978,0.04797812852134394,0.818208697723908,-0.5729158979750308,0.04797812852134394,AQR PEG
068,069,P,+,325.0,1.75,330.0,1.75,0.8187699842694098,-0.5733089150452868,0.03053851320982266,0.8656214816004739,-0.4997667954183569,0.03053851320982266,AQR PEG
069,070,M,+,330.0,1.75,330.0,2.0,0.8656214816004739,-0.4997667954183569,0.03053851320982266,0.8654978445076762,-0.4996954135095483,0.03489949670250097,AQR PEG
070,071,P,+,330.0,2.0,341.25,2.0,0.8654978445076762,-0.4996954135095483,0.03489949670250097,0.946353285245413,-0.32124365306590286,0.03489949670250097,AQR PEG
073,074,P,+,341.25,-4.0,357.5,-4.0,0.9446234552921974,-0.3206564549211744,-0.0697564737441253,0.9966145903260724,-0.04351313273001697,-0.0697564737441253,AQR PSC
078,079,M,+,328.0,-25.5,328.0,-9.0,0.7654357320117056,-0.4782973297903963,-0.43051109680829514,0.8376072168376061,-0.5233950787398906,-0.15643446504023087,AQR CAP
082,083,M,+,308.0,-15.0,308.0,-9.0,0.5946833192682836,-0.7611599383022442,-0.25881904510252074,0.6080816609327541,-0.778309033600947,-0.15643446504023087,AQR CAP
083,061,M,+,308.0,-9.0,308.0,0.0,0.6080816609327541,-0.778309033600947,-0.15643446504023087,0.6156614753256585,-0.7880107536067218,0.0,AQR AQL
084,085,M,+,278.75,0.0,278.75,2.0,0.15212338618991678,-0.9883615104677607,0.0,0.15203071673328622,-0.987759427340218,0.03489949670250097,AQL SER2
085,086,P,+,278.75,2.0,283.0,2.0,0.15203071673328622,-0.987759427340218,0.03489949670250097,0.22481402023953273,-0.9737765048683662,0.03489949670250097,AQL SER2
086,087,M,+,283.0,2.0,283.0,6.25,0.22481402023953273,-0.9737765048683662,0.03489949670250097,0.2236140213603124,-0.9685787386738554,0.10886687485196457,AQL SER2
088,089,M,+,279.9333333333333,6.25,279.9333333333333,12.0,0.1714768898849102,-0.9791545740052309,0.10886687485196457,0.16873259791509657,-0.9634843222503016,0.20791169081775934,AQL OPH
089,090,P,+,279.9333333333333,12.0,283.0,12.0,0.16873259791509657,-0.9634843222503016,0.20791169081775934,0.2200353340889914,-0.9530777410965207,0.20791169081775934,AQL HER
090,091,M,+,283.0,12.0,283.0,18.5,0.2200353340889914,-0.9530777410965207,0.20791169081775934,0.21332640609786235,-0.9240181813606355,0.31730465640509214,AQL HER
091,092,P,+,283.0,18.5,285.0,18.5,0.21332640609786235,-0.9240181813606355,0.31730465640509214,0.2454442228886002,-0.9160103102445177,0.31730465640509214,AQL SGE
093,094,P,+,285.0,16.166666666666668,297.5,16.166666666666668,0.2485842617159127,-0.9277290946857869,0.2784323826365118,0.44348914923904004,-0.8519347291938435,0.2784323826365118,AQL SGE
095,096,P,+,297.5,15.75,302.125,15.75,0.44441237073326845,-0.853708221183492,0.27144044986507426,0.5118030459252654,-0.8150936905403372,0.27144044986507426,AQL SGE
097,098,P,+,302.125,8.5,304.5,8.5,0.525927141507545,-0.837587619182149,0.14780941112961063,0.5601847534257877,-0.8150738739591689,0.14780941112961063,AQL DEL
099,062,P,+,304.5,2.0,308.0,2.0,0.5660611975490822,-0.8236241532150517,0.03489949670250097,0.6152864309895065,-0.7875307187469626,0.03489949670250097,AQL DEL
102,103,M,+,283.0,-12.033333333333333,283.0,-4.0,0.22000808719721804,-0.952959721842155,-0.20848071880714492,0.22440308488148372,-0.9719965482790865,-0.0697564737441253,AQL SCT
104,084,M,+,278.75,-4.0,278.75,0.0,0.15175282126685277,-0.9859539115031369,-0.0697564737441253,0.15212338618991678,-0.9883615104677607,0.0,AQL SER2
105,106,M,+,246.3125,-60.0,246.3125,-45.5,-0.20087400025162896,-0.4578751314746289,-0.8660254037844386,-0.28158889546667454,-0.6418578430861591,-0.7132504491541816,ARA NOR
106,107,P,+,246.3125,-45.5,267.5,-45.5,-0.28158889546667454,-0.6418578430861591,-0.7132504491541816,-0.03057323270744796,-0.7002421539890143,-0.7132504491541816,ARA SCO
107,108,P,+,267.5,-45.5,270.0,-45.5,-0.03057323270744796,-0.7002421539890143,-0.7132504491541816,-1.2875494305263078e-16,-0.7009092642998509,-0.7132504491541816,ARA CRA
111,112,M,+,252.49999999999997,-67.5,252.49999999999997,-65.0,-0.11507512748638402,-0.36497167621709875,-0.9238795325112867,-0.12708376228184345,-0.40305819991785585,-0.9063077870366499,ARA TRA
113,114,M,+,251.25,-65.0,251.25,-63.583333333333336,-0.13584618808128213,-0.4001899653171169,-0.9063077870366499,-0.1430070398963642,-0.42128515451597803,-0.8955823832147036,ARA TRA
115,116,M,+,248.74999999999997,-63.583333333333336,248.74999999999997,-61.0,-0.16124712922824627,-0.41464630492881643,-0.8955823832147036,-0.17571344770314887,-0.4518463811735913,-0.8746197071393957,ARA TRA
117,105,M,+,246.3125,-61.0,246.3125,-60.0,-0.19477129555870967,-0.4439645372209129,-0.8746197071393957,-0.20087400025162896,-0.4578751314746289,-0.8660254037844386,ARA TRA
119,120,M,+,24.999999999999996,9.916666666666666,24.999999999999996,25.0,0.8927668892048827,0.4163040373834519,0.17221564968862135,0.8213938048432696,0.38302222155948895,0.42261826174069944,ARI PSC
120,121,P,+,24.999999999999996,25.0,28.749999999999996,25.0,0.8213938048432696,0.38302222155948895,0.42261826174069944,0.7945842858010929,0.4359238667488128,0.42261826174069944,ARI TRI
121,122,M,+,28.749999999999996,25.0,28.749999999999996,27.25,0.7945842858010929,0.4359238667488128,0.42261826174069944,0.779425114223152,0.4276072604314574,0.45787391511695674,ARI TRI
122,123,P,+,28.749999999999996,27.25,36.25,27.25,0.779425114223152,0.4276072604314574,0.45787391511695674,0.7169430768524733,0.5256844133211279,0.45787391511695674,ARI TRI
123,124,M,+,36.25,27.25,36.25,30.666666666666668,0.7169430768524733,0.5256844133211279,0.45787391511695674,0.6936626391854902,0.5086144901822435,0.5100425897656753,ARI TRI
124,125,P,+,36.25,30.666666666666668,40.75,30.666666666666668,0.6936626391854902,0.5086144901822435,0.5100425897656753,0.6516188757933059,0.5614707448612003,0.5100425897656753,ARI TRI
125,126,P,+,40.75,30.666666666666668,50.5,30.666666666666668,0.6516188757933059,0.5614707448612003,0.5100425897656753,0.5471221391667191,0.6637122278960637,0.5100425897656753,ARI PER
130,131,M,+,67.5,30.666666666666668,67.5,36.0,0.3291648282625057,0.7946741926475518,0.5100425897656753,0.3095974002490935,0.7474342425568128,0.5877852522924731,AUR PER
131,132,P,+,67.5,36.0,70.37500000000001,36.0,0.3095974002490935,0.7474342425568128,0.5877852522924731,0.271718541395511,0.7620220019457244,0.5877852522924731,AUR PER
132,133,M,+,70.37500000000001,36.0,70.37500000000001,52.5,0.271718541395511,0.7620220019457244,0.5877852522924731,0.204460188967841,0.5733990831663183,0.7933533402912352,AUR PER
133,134,P,+,70.37500000000001,52.5,75.0,52.5,0.204460188967841,0.5733990831663183,0.7933533402912352,0.15755905175128304,0.5880183863281625,0.7933533402912352,AUR CAM
134,135,M,+,75.0,52.5,75.0,56.0,0.15755905175128304,0.5880183863281625,0.7933533402912352,0.14472977330440473,0.5401388673399643,0.8290375725550417,AUR CAM
135,136,P,+,75.0,56.0,91.5,56.0,0.14472977330440473,0.5401388673399643,0.8290375725550417,-0.014637963728283165,0.5590012820288818,0.8290375725550417,AUR CAM
137,138,P,+,91.5,54.0,97.5,54.0,-0.01538642416539017,0.5875838329667767,0.8090169943749475,-0.07672137082483887,0.5827566679766812,0.8090169943749475,AUR LYN
139,140,P,+,97.5,50.0,102.0,50.0,-0.08390061909861274,0.637288472578474,0.766044443118978,-0.13364305876663435,0.6287411581963064,0.766044443118978,AUR LYN
141,142,P,+,102.0,44.5,110.5,44.5,-0.1482931068601722,0.697664215562472,0.7009092642998509,-0.2497855719804248,0.6680818596916503,0.7009092642998509,AUR LYN
146,147,M,+,88.25,28.0,88.25,28.5,0.026963906728103407,0.8825357780109153,0.4694715627858908,0.02683776800404558,0.8784072243077663,0.4771587602596084,AUR TAU
148,149,M,+,71.25,28.5,71.25,30.0,0.28248650279333054,0.8321784022955097,0.4771587602596084,0.2783747427314247,0.8200655477516496,0.49999999999999994,AUR TAU
150,130,M,+,67.5,30.0,67.5,30.666666666666668,0.33141357403559185,0.8001031451912656,0.49999999999999994,0.3291648282625057,0.7946741926475518,0.5100425897656753,AUR TAU
152,153,M,+,202.5,8.0,202.5,15.0,-0.9148884004098169,-0.3789591835075727,0.13917310096006544,-0.8923991008325229,-0.369643810614386,0.25881904510252074,BOO VIR
153,154,M,+,202.5,15.0,202.5,28.5,-0.8923991008325229,-0.369643810614386,0.25881904510252074,-0.8119211432090555,-0.33630874909465863,0.4771587602596084,BOO COM
154,155,P,+,202.5,28.5,209.37499999999997,28.5,-0.8119211432090555,-0.33630874909465863,0.4771587602596084,-0.7658257732493235,-0.4310805058624074,0.4771587602596084,BOO CVN
155,156,M,+,209.37499999999997,28.5,209.37499999999997,30.75,-0.7658257732493235,-0.4310805058624074,0.4771587602596084,-0.7489107462074241,-0.42155909946867876,0.511293086077052,BOO CVN
156,157,P,+,209.37499999999997,30.75,210.5,30.75,-0.7489107462074241,-0.42155909946867876,0.511293086077052,-0.7404896248200611,-0.4361817232113806,0.511293086077052,BOO CVN
157,158,M,+,210.5,30.75,210.5,48.5,-0.7404896248200611,-0.4361817232113806,0.511293086077052,-0.5709327558358492,-0.3363050945363583,0.7489557207890021,BOO CVN
158,159,M,+,210.5,48.5,210.5,55.5,-0.5709327558358492,-0.3363050945363583,0.7489557207890021,-0.4880321303903876,-0.2874728942595624,0.8241261886220157,BOO UMA
159,160,P,+,210.5,55.5,216.25,55.5,-0.4880321303903876,-0.2874728942595624,0.8241261886220157,-0.45677525359148075,-0.3349214727869628,0.8241261886220157,BOO UMA
160,161,P,+,216.25,55.5,228.75,55.5,-0.45677525359148075,-0.3349214727869628,0.8241261886220157,-0.37345758196296674,-0.4258467561244583,0.8241261886220157,BOO DRA
162,163,P,+,228.75,53.0,236.25,53.0,-0.3968042169796543,-0.4524684911445923,0.7986355100472928,-0.3343505126472808,-0.500390903978081,0.7986355100472928,BOO DRA
171,184,M,+,64.0,-40.0,64.0,-37.0,0.3358117810214666,0.6885161846758984,-0.6427876096865393,0.35009876440591153,0.7178088415936054,-0.6018150231520483,CAE ERI
184,183,P,+,64.0,-37.0,68.75,-37.0,0.35009876440591153,0.7178088415936054,-0.6018150231520483,0.2894558875652443,0.7443345800527583,-0.6018150231520483,CAE ERI
183,182,M,+,68.75,-37.0,68.75,-30.0,0.2894558875652443,0.7443345800527583,-0.6018150231520483,0.3138805484514826,0.8071424913259099,-0.49999999999999994,CAE ERI
182,181,P,+,68.75,-30.0,70.5,-30.0,0.3138805484514826,0.8071424913259099,-0.49999999999999994,0.2890852200539417,0.8163514779470692,-0.49999999999999994,CAE ERI
181,180,M,+,70.5,-30.0,70.5,-27.25,0.2890852200539417,0.8163514779470692,-0.49999999999999994,0.2967600198043386,0.8380244438566207,-0.45787391511695674,CAE ERI
180,179,P,+,70.5,-27.25,72.5,-27.25,0.2967600198043386,0.8380244438566207,-0.45787391511695674,0.26733261030347183,0.8478707173406815,-0.45787391511695674,CAE ERI
179,178,P,+,72.5,-27.25,75.0,-27.25,0.26733261030347183,0.8478707173406815,-0.45787391511695674,0.23009456763911088,0.8587246169747554,-0.45787391511695674,CAE LEP
172,171,M,+,64.0,-49.0,64.0,-40.0,0.2875973488998973,0.5896619492774806,-0.754709580222772,0.3358117810214666,0.6885161846758984,-0.6427876096865393,CAE HOR
185,186,M,+,50.0,52.5,50.0,55.0,0.3913043038218775,0.4663383098772987,0.7933533402912352,0.3686878264946124,0.43938504177070503,0.8191520442889918,CAM PER
187,188,M,+,47.5,55.0,47.5,57.0,0.3875026237178537,0.4228849074499409,0.8191520442889918,0.36795279874139497,0.4015500172587151,0.838670567945424,CAM PER
189,190,M,+,46.5,57.0,46.5,68.0,0.37490477185402454,0.3950671974527646,0.838670567945424,0.2578621626628927,0.2717300220761229,0.9271838545667874,CAM CAS
190,191,P,+,46.5,68.0,51.25,68.0,0.2578621626628927,0.2717300220761229,0.9271838545667874,0.2344750596539297,0.2921498694693538,0.9271838545667874,CAM CAS
191,192,M,+,51.25,68.0,51.25,77.0,0.2344750596539297,0.2921498694693538,0.9271838545667874,0.1408021450063769,0.17543583673816385,0.9743700647852352,CAM CAS
192,193,P,+,51.25,77.0,52.625,77.0,0.1408021450063769,0.17543583673816385,0.9743700647852352,0.13655184801800127,0.1787640054744946,0.9743700647852352,CAM CEP
193,194,M,+,52.625,77.0,52.625,80.0,0.13655184801800127,0.1787640054744946,0.9743700647852352,0.10540950623476934,0.1379946578762669,0.984807753012208,CAM CEP
194,195,P,+,52.625,80.0,75.0,80.0,0.10540950623476934,0.1379946578762669,0.984807753012208,0.0449434555275478,0.1677312594965207,0.984807753012208,CAM CEP
195,196,M,+,75.0,80.0,75.0,85.0,0.0449434555275478,0.1677312594965207,0.984807753012208,0.022557566113149827,0.08418598282936916,0.9961946980917455,CAM CEP
196,197,P,+,75.0,85.0,120.0,85.0,0.022557566113149827,0.08418598282936916,0.9961946980917455,-0.04357787137382905,0.0754790873051733,0.9961946980917455,CAM CEP
197,198,M,+,120.0,85.0,120.0,86.5,-0.04357787137382905,0.0754790873051733,0.9961946980917455,-0.03052426976742844,0.05286958610112472,0.9981347984218669,CAM CEP
198,199,P,+,120.0,86.5,217.5,86.5,-0.03052426976742844,0.05286958610112472,0.9981347984218669,-0.048433062759880255,-0.03716399616613487,0.9981347984218669,CAM UMI
204,205,M,+,172.5,77.0,172.5,80.0,-0.22302656688984565,0.02936200455939058,0.9743700647852352,-0.1721625934348046,0.022665635416815426,0.984807753012208,CAM DRA
206,207,M,+,160.0,80.0,160.0,82.0,-0.16317591116653488,0.059391174613884753,0.984807753012208,-0.13077993598406573,0.04760000393743938,0.9902680687415704,CAM DRA
212,213,M,+,105.0,60.0,105.0,62.0,-0.12940952255126045,0.48296291314453427,0.8660254037844386,-0.12150818158303243,0.45347470720318184,0.8829475928589269,CAM LYN
217,218,M,+,118.87500000000001,7.0,118.87500000000001,10.0,-0.4793008778649984,0.8691481643631539,0.12186934340514748,-0.4755640025065376,0.8623718397031039,0.17364817766693033,CNC CMI
219,220,M,+,117.125,10.0,117.125,13.5,-0.4490066412794865,0.8764926391475678,0.17364817766693033,-0.4433358193043695,0.8654227946015215,0.2334453638559054,CNC CMI
220,221,M,+,117.125,13.5,117.125,20.0,-0.4433358193043695,0.8654227946015215,0.2334453638559054,-0.42843715050339226,0.8363395420689032,0.3420201433256687,CNC GEM
221,222,P,+,117.125,20.0,118.25,20.0,-0.42843715050339226,0.8363395420689032,0.3420201433256687,-0.44477499852643937,0.8277665264102523,0.3420201433256687,CNC GEM
222,223,M,+,118.25,20.0,118.25,28.0,-0.44477499852643937,0.8277665264102523,0.3420201433256687,-0.41791646079364586,0.7777803568701684,0.4694715627858908,CNC GEM
223,224,P,+,118.25,28.0,120.0,28.0,-0.41791646079364586,0.7777803568701684,0.4694715627858908,-0.44147379642946327,0.7646550456261504,0.4694715627858908,CNC GEM
224,225,M,+,120.0,28.0,120.0,33.5,-0.44147379642946327,0.7646550456261504,0.4694715627858908,-0.41694291103358394,0.722166305765838,0.5519369853120581,CNC GEM
225,226,P,+,120.0,33.5,138.75,33.5,-0.41694291103358394,0.722166305765838,0.5519369853120581,-0.6269485559224285,0.5498191270512681,0.5519369853120581,CNC LYN
227,228,M,+,180.0,34.0,180.0,45.0,-0.8290375725550417,1.0152782096024235e-16,0.5591929034707469,-0.7071067811865476,8.659560562354934e-17,0.7071067811865476,CVN UMA
228,229,P,+,180.0,45.0,181.25,45.0,-0.7071067811865476,8.659560562354934e-17,0.7071067811865476,-0.7069385089210125,-0.015425453138742998,0.7071067811865476,CVN UMA
229,230,M,+,181.25,45.0,181.25,53.0,-0.7069385089210125,-0.015425453138742998,0.7071067811865476,-0.6016718074736344,-0.013128525542133587,0.7986355100472928,CVN UMA
230,231,P,+,181.25,53.0,202.5,53.0,-0.6016718074736344,-0.013128525542133587,0.7986355100472928,-0.5560045822479838,-0.23030463870870177,0.7986355100472928,CVN UMA
232,158,P,+,202.5,48.5,210.5,48.5,-0.6121811003781619,-0.25357371440511967,0.7489557207890021,-0.5709327558358492,-0.3363050945363583,0.7489557207890021,CVN UMA
233,234,M,+,198.75,28.5,198.75,32.0,-0.8321784022955098,-0.28248650279333043,0.4771587602596084,-0.8030422935114823,-0.2725961265798857,0.5299192642332049,CVN COM
235,236,M,+,185.0,32.0,185.0,34.0,-0.8448210171178303,-0.07391226170625055,0.5299192642332049,-0.8258828342981834,-0.07225538540175003,0.5591929034707469,CVN COM
237,238,P,+,91.75,-11.0,110.5,-11.0,-0.029977434708837535,0.9811693435343722,-0.1908089953765448,-0.34377308528831313,0.9194628829456619,-0.1908089953765448,CMA MON
241,242,M,+,91.75,-33.0,91.75,-27.25,-0.025611752217890835,0.8382794043075551,-0.5446390350150271,-0.027149261719020976,0.8886024957446281,-0.45787391511695674,CMA COL
242,237,M,+,91.75,-27.25,91.75,-11.0,-0.027149261719020976,0.8886024957446281,-0.45787391511695674,-0.029977434708837535,0.9811693435343722,-0.1908089953765448,CMA LEP
244,245,M,+,108.0,0.0,108.0,1.5,-0.30901699437494734,0.9510565162951536,0.0,-0.3089111019688467,0.9507306129801858,0.026176948307873153,CMI MON
246,247,M,+,105.25,1.5,105.25,5.5,-0.26294108023013124,0.9644567153090379,0.026176948307873153,-0.2618202709233703,0.9603456343720447,0.09584575252022398,CMI MON
248,249,M,+,105.0,5.5,105.0,10.0,-0.25762749356007264,0.9614788953928146,0.09584575252022398,-0.2548870022441789,0.9512512425641977,0.17364817766693033,CMI MON
249,250,M,+,105.0,10.0,105.0,12.5,-0.2548870022441789,0.9512512425641977,0.17364817766693033,-0.25268400030018506,0.9430295273800398,0.21643961393810288,CMI GEM
250,251,P,+,105.0,12.5,112.5,12.5,-0.25268400030018506,0.9430295273800398,0.21643961393810288,-0.3736123070089882,0.9019798986505999,0.21643961393810288,CMI GEM
251,252,M,+,112.5,12.5,112.5,13.5,-0.3736123070089882,0.9019798986505999,0.21643961393810288,-0.37210985866635193,0.8983526674850425,0.2334453638559054,CMI GEM
252,220,P,+,112.5,13.5,117.125,13.5,-0.37210985866635193,0.8983526674850425,0.2334453638559054,-0.4433358193043695,0.8654227946015215,0.2334453638559054,CMI GEM
219,218,P,+,117.125,10.0,118.87500000000001,10.0,-0.4490066412794865,0.8764926391475678,0.17364817766693033,-0.4755640025065376,0.8623718397031039,0.17364817766693033,CMI CNC
217,216,P,+,118.87500000000001,7.0,121.25000000000001,7.0,-0.4793008778649984,0.8691481643631539,0.12186934340514748,-0.5149064009616557,0.8485394872289166,0.12186934340514748,CMI CNC
082,081,P,+,308.0,-15.0,320.0,-15.0,0.5946833192682836,-0.7611599383022442,-0.25881904510252074,0.7399421116938478,-0.6208851530148459,-0.25881904510252074,CAP AQR
081,080,M,+,320.0,-15.0,320.0,-9.0,0.7399421116938478,-0.6208851530148459,-0.25881904510252074,0.7566131648463096,-0.6348738275664134,-0.15643446504023087,CAP AQR
080,079,P,+,320.0,-9.0,328.0,-9.0,0.7566131648463096,-0.6348738275664134,-0.15643446504023087,0.8376072168376061,-0.5233950787398906,-0.15643446504023087,CAP AQR
253,101,M,+,300.0,-28.0,300.0,-12.033333333333333,0.4414737964294636,-0.7646550456261504,-0.4694715627858908,0.48901323854412587,-0.846995774732225,-0.20848071880714492,CAP SGR
101,100,M,+,300.0,-12.033333333333333,300.0,-9.0,0.48901323854412587,-0.846995774732225,-0.20848071880714492,0.493844170297569,-0.8553631939770863,-0.15643446504023087,CAP AQL
100,083,P,+,300.0,-9.0,308.0,-9.0,0.493844170297569,-0.8553631939770863,-0.15643446504023087,0.6080816609327541,-0.778309033600947,-0.15643446504023087,CAP AQL
275,274,M,+,135.5,-75.0,135.5,-64.0,-0.18460280016902927,0.18140866648959778,-0.9659258262890683,-0.3126684173435431,0.3072583979862143,-0.898794046299167,CAR VOL
273,272,M,+,102.5,-64.0,102.5,-58.0,-0.09488088177263132,0.4279800002467625,-0.898794046299167,-0.11469552096899835,0.5173580617668109,-0.8480480961564261,CAR PIC
271,270,M,+,97.5,-58.0,97.5,-55.0,-0.06916834374441162,0.5253857314670014,-0.8480480961564261,-0.07486674818404883,0.568669410425347,-0.8191520442889918,CAR PIC
269,268,M,+,92.5,-55.0,92.5,-52.5,-0.0250190527608252,0.5730305186777722,-0.8191520442889918,-0.02655380058500681,0.6081820230187928,-0.7933533402912352,CAR PIC
267,266,M,+,90.0,-52.5,90.0,-50.75,3.727588677399492e-17,0.6087614290087207,-0.7933533402912352,3.8742027771377994e-17,0.6327053285625162,-0.7743926440821856,CAR PIC
266,265,P,+,90.0,-50.75,120.0,-50.75,3.8742027771377994e-17,0.6327053285625162,-0.7743926440821856,-0.3163526642812579,0.547938887644919,-0.7743926440821856,CAR PUP
265,264,P,+,120.0,-50.75,122.49999999999999,-50.75,-0.3163526642812579,0.547938887644919,-0.7743926440821856,-0.33995232523558827,0.5336182618298575,-0.7743926440821856,CAR VEL
263,262,P,+,122.49999999999999,-53.0,126.74999999999999,-53.0,-0.3233549762368301,0.5075656424881214,-0.7986355100472928,-0.36008073334487106,0.4822065818353378,-0.7986355100472928,CAR VEL
261,260,P,+,126.74999999999999,-54.5,132.5,-54.5,-0.347448864025949,0.46529045730435875,-0.8141155183563192,-0.39231723041178135,0.4281391286643291,-0.8141155183563192,CAR VEL
259,258,P,+,132.5,-56.5,165.0,-56.5,-0.372883222497735,0.4069306306178828,-0.8338858220671682,-0.5331301885970471,0.14285180349523105,-0.8338858220671682,CAR VEL
258,257,P,+,165.0,-56.5,168.75,-56.5,-0.5331301885970471,0.14285180349523105,-0.8338858220671682,-0.5413316709042006,0.10767756419714042,-0.8338858220671682,CAR CEN
002,278,M,+,343.0,52.5,343.0,56.25,0.5821614498078933,-0.1779846167687292,0.7933533402912352,0.5312944561081374,-0.16243301612114944,0.8314696123025452,CAS LAC
278,279,M,+,343.0,56.25,343.0,59.083333333333336,0.5312944561081374,-0.16243301612114944,0.8314696123025452,0.4913406155338848,-0.1502179012154925,0.8579154863278758,CAS CEP
279,280,P,+,343.0,59.083333333333336,347.5,59.083333333333336,0.4913406155338848,-0.1502179012154925,0.8579154863278758,0.5016119370843367,-0.11120468916958362,0.8579154863278758,CAS CEP
280,281,M,+,347.5,59.083333333333336,347.5,63.0,0.5016119370843367,-0.11120468916958362,0.8579154863278758,0.44322911216610267,-0.0982615284951939,0.8910065241883678,CAS CEP
281,282,P,+,347.5,63.0,353.75,63.0,0.44322911216610267,-0.0982615284951939,0.8910065241883678,0.4512921337588149,-0.04942452691912595,0.8910065241883678,CAS CEP
282,283,M,+,353.75,63.0,353.75,66.0,0.4512921337588149,-0.04942452691912595,0.8910065241883678,0.40431913803676856,-0.04428014721944119,0.9135454576426009,CAS CEP
283,284,P,+,353.75,66.0,5.0,66.0,0.40431913803676856,-0.04428014721944119,0.9135454576426009,0.40518888735174685,0.035449434229960504,0.9135454576426009,CAS CEP
284,285,M,+,5.0,66.0,5.0,77.0,0.40518888735174685,0.035449434229960504,0.9135454576426009,0.22409504766750635,0.019605776223208363,0.9743700647852352,CAS CEP
285,192,P,+,5.0,77.0,51.25,77.0,0.22409504766750635,0.019605776223208363,0.9743700647852352,0.1408021450063769,0.17543583673816385,0.9743700647852352,CAS CEP
286,287,M,+,36.5,57.0,36.5,58.5,0.43781182485677034,0.3239637085811997,0.838670567945424,0.42001405590956464,0.31079405233791674,0.8526401643540922,CAS PER
008,007,M,+,2.5,46.0,2.5,48.0,0.6939972096140126,0.03030057254762408,0.7193398003386512,0.6684937422888074,0.0291870671167692,0.7431448254773942,CAS AND
006,005,M,+,353.75,48.0,353.75,50.0,0.665153520349567,-0.07284615798208878,0.7431448254773942,0.638967097539679,-0.06997827826013772,0.766044443118978,CAS AND
004,003,M,+,350.0,50.0,350.0,52.5,0.6330222215594891,-0.11161889704894969,0.766044443118978,0.5995129750225789,-0.10571031278128075,0.7933533402912352,CAS AND
042,307,P,+,165.0,-35.0,183.75,-35.0,-0.7912401152362238,0.21201214989665487,-0.573576436351046,-0.8173981768829142,-0.053575107011768645,-0.573576436351046,CEN HYA
307,306,M,+,183.75,-35.0,183.75,-33.0,-0.8173981768829142,-0.053575107011768645,-0.573576436351046,-0.8368749098819289,-0.05485167953685188,-0.5446390350150271,CEN HYA
306,305,P,+,183.75,-33.0,188.75,-33.0,-0.8368749098819289,-0.05485167953685188,-0.5446390350150271,-0.828909709319394,-0.12758140669367862,-0.5446390350150271,CEN HYA
305,304,M,+,188.75,-33.0,188.75,-29.5,-0.828909709319394,-0.12758140669367862,-0.5446390350150271,-0.8602260702833783,-0.13240145565605918,-0.49242356010346716,CEN HYA
304,303,P,+,188.75,-29.5,223.75,-29.5,-0.8602260702833783,-0.13240145565605918,-0.49242356010346716,-0.628713588920422,-0.6018623269169037,-0.49242356010346716,CEN HYA
300,299,P,+,212.5,-55.0,218.0,-55.0,-0.4837494599383113,-0.308182394608384,-0.8191520442889918,-0.4519843998600458,-0.3531289150159185,-0.8191520442889918,CEN LUP
296,295,M,+,192.5,-64.0,192.5,-55.0,-0.4279800002467625,-0.09488088177263138,-0.898794046299167,-0.5599803845876069,-0.12414466244781328,-0.8191520442889918,CEN CRU
277,257,M,+,168.75,-64.0,168.75,-56.5,-0.42994796812421104,0.08552196818966051,-0.898794046299167,-0.5413316709042006,0.10767756419714042,-0.8338858220671682,CEN CAR
258,041,M,+,165.0,-56.5,165.0,-39.75,-0.5331301885970471,0.14285180349523105,-0.8338858220671682,-0.7426441819311573,0.19899090881212558,-0.6394390019805848,CEN VEL
041,042,M,+,165.0,-39.75,165.0,-35.0,-0.7426441819311573,0.19899090881212558,-0.6394390019805848,-0.7912401152362238,0.21201214989665487,-0.573576436351046,CEN ANT
308,309,M,+,300.0,59.5,300.0,61.5,0.25376918148035216,-0.4395411157191368,0.8616291604415257,0.23857938012980426,-0.4132316080231095,0.8788171126619654,CEP DRA
309,310,P,+,300.0,61.5,306.25,61.5,0.23857938012980426,-0.4132316080231095,0.8788171126619654,0.28214857874271176,-0.38480210759032263,0.8788171126619654,CEP DRA
310,311,M,+,306.25,61.5,306.25,67.0,0.28214857874271176,-0.38480210759032263,0.8788171126619654,0.23104308619169803,-0.31510301028951937,0.9205048534524404,CEP DRA
311,312,P,+,306.25,67.0,310.0,67.0,0.23104308619169803,-0.31510301028951937,0.9205048534524404,0.2511571281117443,-0.29931740973281556,0.9205048534524404,CEP DRA
312,313,M,+,310.0,67.0,310.0,75.0,0.2511571281117443,-0.29931740973281556,0.9205048534524404,0.1663656753428019,-0.19826689127414618,0.9659258262890683,CEP DRA
314,315,M,+,302.5,75.0,302.5,80.0,0.13906337156628334,-0.21828576865292545,0.9659258262890683,0.0933010978505814,-0.1464533876252853,0.984807753012208,CEP DRA
315,316,P,+,302.5,80.0,315.0,80.0,0.0933010978505814,-0.1464533876252853,0.984807753012208,0.12278780396897286,-0.12278780396897292,0.984807753012208,CEP DRA
316,317,M,+,315.0,80.0,315.0,86.0,0.12278780396897286,-0.12278780396897292,0.984807753012208,0.0493252756161323,-0.04932527561613232,0.9975640502598242,CEP DRA
317,318,M,+,315.0,86.0,315.0,86.16666666666667,0.0493252756161323,-0.04932527561613232,0.9975640502598242,0.047273190056842156,-0.047273190056842176,0.9977627428420542,CEP UMI
318,319,P,+,315.0,86.16666666666667,345.0,86.16666666666667,0.047273190056842156,-0.047273190056842176,0.9977627428420542,0.06457637853557634,-0.017303188478734157,0.9977627428420542,CEP UMI
319,320,M,+,345.0,86.16666666666667,345.0,88.0,0.06457637853557634,-0.017303188478734157,0.9977627428420542,0.03371032518943597,-0.009032654411099898,0.9993908270190958,CEP UMI
320,321,P,+,345.0,88.0,120.0,88.0,0.03371032518943597,-0.009032654411099898,0.9993908270190958,-0.017449748351250533,0.030223850723657186,0.9993908270190958,CEP UMI
326,327,M,+,329.5,52.75,329.5,54.833333333333336,0.521538950737702,-0.3072099198012466,0.796002002534622,0.4962611938645376,-0.2923201830888188,0.8174801147569666,CEP CYG
328,329,M,+,309.0,54.833333333333336,309.0,60.916666666666664,0.36246137308729665,-0.44760251897929293,0.8174801147569666,0.3059008044560122,-0.37775603360451415,0.8739136552935591,CEP CYG
332,333,M,+,5.0,0.0,5.0,2.0,0.9961946980917455,0.08715574274765817,0.0,0.995587843197948,0.08710264982404566,0.03489949670250097,CET PSC
333,334,P,+,5.0,2.0,30.0,2.0,0.995587843197948,0.08710264982404566,0.03489949670250097,0.8654978445076765,0.4996954135095478,0.03489949670250097,CET PSC
334,118,M,+,30.0,2.0,30.0,9.916666666666666,0.8654978445076765,0.4996954135095478,0.03489949670250097,0.8530863540707615,0.49252963616475043,0.17221564968862135,CET PSC
118,129,P,+,30.0,9.916666666666666,49.25,9.916666666666666,0.8530863540707615,0.49252963616475043,0.17221564968862135,0.6430070467669146,0.7462464122596617,0.17221564968862135,CET ARI
076,075,M,+,357.5,-25.5,357.5,-7.0,0.9017262231556837,-0.039370217148308684,-0.43051109680829514,0.9916014676351796,-0.04329425506641654,-0.12186934340514748,CET AQR
075,341,P,+,357.5,-7.0,5.0,-7.0,0.9916014676351796,-0.04329425506641654,-0.12186934340514748,0.9887692138764507,0.08650609705762917,-0.12186934340514748,CET PSC
341,332,M,+,5.0,-7.0,5.0,0.0,0.9887692138764507,0.08650609705762917,-0.12186934340514748,0.9961946980917455,0.08715574274765817,0.0,CET PSC
342,343,M,+,115.0,-82.5,115.0,-75.0,-0.05516275246767065,0.11829690442127548,-0.9914448613738104,-0.10938165494661498,0.2345697160098045,-0.9659258262890683,CHA MEN
343,275,P,+,115.0,-75.0,135.5,-75.0,-0.10938165494661498,0.2345697160098045,-0.9659258262890683,-0.18460280016902927,0.18140866648959778,-0.9659258262890683,CHA VOL
275,276,P,+,135.5,-75.0,168.75,-75.0,-0.18460280016902927,0.18140866648959778,-0.9659258262890683,-0.25384590972457216,0.05049309085295757,-0.9659258262890683,CHA CAR
276,060,P,+,168.75,-75.0,205.0,-75.0,-0.25384590972457216,0.05049309085295757,-0.9659258262890683,-0.2345697160098045,-0.10938165494661496,-0.9659258262890683,CHA MUS
297,298,P,+,202.5,-64.0,218.0,-64.0,-0.4050021301619296,-0.1677573751030647,-0.898794046299167,-0.3454411777407039,-0.2698882269723641,-0.898794046299167,CIR CEN
298,299,M,+,218.0,-64.0,218.0,-55.0,-0.3454411777407039,-0.2698882269723641,-0.898794046299167,-0.4519843998600458,-0.3531289150159185,-0.8191520442889918,CIR CEN
299,354,P,+,218.0,-55.0,225.75,-55.0,-0.4519843998600458,-0.3531289150159185,-0.8191520442889918,-0.4002361652757486,-0.4108539160608417,-0.8191520442889918,CIR LUP
354,353,P,+,225.75,-55.0,230.0,-55.0,-0.4002361652757486,-0.4108539160608417,-0.8191520442889918,-0.36868782649461246,-0.4393850417707049,-0.8191520442889918,CIR NOR
059,345,M,+,205.0,-70.0,205.0,-65.0,-0.3099755192194448,-0.144543958452599,-0.9396926207859083,-0.38302222155948906,-0.17860619515673026,-0.9063077870366499,CIR MUS
344,297,M,+,202.5,-65.0,202.5,-64.0,-0.39044836208773004,-0.16172900698309872,-0.9063077870366499,-0.4050021301619296,-0.1677573751030647,-0.898794046299167,CIR MUS
177,178,M,+,75.0,-43.0,75.0,-27.25,0.18928826668526758,0.706433428546066,-0.6819983600624985,0.23009456763911088,0.8587246169747554,-0.45787391511695674,COL CAE
178,242,P,+,75.0,-27.25,91.75,-27.25,0.23009456763911088,0.8587246169747554,-0.45787391511695674,-0.027149261719020976,0.8886024957446281,-0.45787391511695674,COL LEP
241,240,P,+,91.75,-33.0,98.75,-33.0,-0.025611752217890835,0.8382794043075551,-0.5446390350150271,-0.1275814066936785,0.828909709319394,-0.5446390350150271,COL CMA
357,358,M,+,178.0,14.0,178.0,29.0,-0.9697046483360623,0.03386283249962009,0.24192189559966773,-0.8740869124452401,0.030523787585253856,0.48480962024633706,COM LEO
358,359,P,+,178.0,29.0,180.0,29.0,-0.8740869124452401,0.030523787585253856,0.48480962024633706,-0.8746197071393957,1.0711002248194565e-16,0.48480962024633706,COM UMA
359,227,M,+,180.0,29.0,180.0,34.0,-0.8746197071393957,1.0711002248194565e-16,0.48480962024633706,-0.8290375725550417,1.0152782096024235e-16,0.5591929034707469,COM UMA
227,236,P,+,180.0,34.0,185.0,34.0,-0.8290375725550417,1.0152782096024235e-16,0.5591929034707469,-0.8258828342981834,-0.07225538540175003,0.5591929034707469,COM CVN
235,234,P,+,185.0,32.0,198.75,32.0,-0.8448210171178303,-0.07391226170625055,0.5299192642332049,-0.8030422935114823,-0.2725961265798857,0.5299192642332049,COM CVN
233,154,P,+,198.75,28.5,202.5,28.5,-0.8321784022955098,-0.28248650279333043,0.4771587602596084,-0.8119211432090555,-0.33630874909465863,0.4771587602596084,COM CVN
362,363,P,+,267.5,-37.0,287.5,-37.0,-0.034835991676465665,-0.7978753860048678,-0.6018150231520483,0.24015432956127442,-0.7616722234015589,-0.6018150231520483,CRA SGR
107,362,M,+,267.5,-45.5,267.5,-37.0,-0.03057323270744796,-0.7002421539890143,-0.7132504491541816,-0.034835991676465665,-0.7978753860048678,-0.6018150231520483,CRA SCO
169,168,M,+,227.75,26.0,227.75,33.0,-0.6043192834514581,-0.6653036459478824,0.4383711467890774,-0.5638942522588846,-0.6207991573828797,0.5446390350150271,CRB BOO
168,167,P,+,227.75,33.0,231.5,33.0,-0.5638942522588846,-0.6207991573828797,0.5446390350150271,-0.5220847038632117,-0.6563504273861354,0.5446390350150271,CRB BOO
167,166,M,+,231.5,33.0,231.5,40.0,-0.5220847038632117,-0.6563504273861354,0.5446390350150271,-0.4768738781564783,-0.5995126296963771,0.6427876096865393,CRB BOO
166,165,P,+,231.5,40.0,236.25,40.0,-0.4768738781564783,-0.5995126296963771,0.6427876096865393,-0.425591489766982,-0.6369426761266558,0.6427876096865393,CRB BOO
165,365,P,+,236.25,40.0,244.99999999999997,40.0,-0.425591489766982,-0.6369426761266558,0.6427876096865393,-0.323744370967065,-0.6942720440148836,0.6427876096865393,CRB HER
372,371,M,+,177.5,-24.5,177.5,-11.0,-0.9090951893775777,0.03969195316181744,-0.414693242656239,-0.9806928918797968,0.042817976363147464,-0.1908089953765448,CRV CRT
371,370,P,+,177.5,-11.0,192.5,-11.0,-0.9806928918797968,0.042817976363147464,-0.1908089953765448,-0.9583586996803407,-0.21246300861655973,-0.1908089953765448,CRV VIR
376,382,P,+,161.25,-6.0,172.75,-6.0,-0.9417427471667968,0.31967858627946477,-0.10452846326765347,-0.9865706427701787,0.12550763797848788,-0.10452846326765347,CRT LEO
382,381,P,+,172.75,-6.0,177.5,-6.0,-0.9865706427701787,0.12550763797848788,-0.10452846326765347,-0.9935753308918919,0.04338043579737694,-0.10452846326765347,CRT VIR
380,379,M,+,162.5,-24.5,162.5,-19.0,-0.8678454885593581,0.27363063147685557,-0.414693242656239,-0.9017570927963873,0.2843229192217343,-0.3255681544571567,CRT HYA
378,377,M,+,161.25,-19.0,161.25,-11.0,-0.8953400272322889,0.3039269853748515,-0.3255681544571567,-0.9295323559380122,0.3155337169744658,-0.1908089953765448,CRT HYA
377,376,M,+,161.25,-11.0,161.25,-6.0,-0.9295323559380122,0.3155337169744658,-0.1908089953765448,-0.9417427471667968,0.31967858627946477,-0.10452846326765347,CRT SEX
294,295,P,+,177.5,-55.0,192.5,-55.0,-0.5730305186777722,0.025019052760825305,-0.8191520442889918,-0.5599803845876069,-0.12414466244781328,-0.8191520442889918,CRU CEN
293,294,M,+,177.5,-64.0,177.5,-55.0,-0.4379539145924274,0.01912148086157937,-0.898794046299167,-0.5730305186777722,0.025019052760825305,-0.8191520442889918,CRU CEN
383,384,M,+,288.875,27.5,288.875,30.0,0.2869520668331567,-0.8393132487431034,0.4617486132350339,0.2801631843159605,-0.8194562771459752,0.49999999999999994,CYG LYR
384,385,P,+,288.875,30.0,290.375,30.0,0.2801631843159605,-0.8194562771459752,0.49999999999999994,0.30151804399733956,-0.8118416527525664,0.49999999999999994,CYG LYR
385,386,M,+,290.375,30.0,290.375,36.5,0.30151804399733956,-0.8118416527525664,0.49999999999999994,0.27987325453500805,-0.7535627470604892,0.5948227867513413,CYG LYR
386,387,P,+,290.375,36.5,291.0,36.5,0.27987325453500805,-0.7535627470604892,0.5948227867513413,0.2880765348673145,-0.7504650307777234,0.5948227867513413,CYG LYR
387,388,M,+,291.0,36.5,291.0,43.5,0.2880765348673145,-0.7504650307777234,0.5948227867513413,0.2599509259923855,-0.677195314659791,0.6883545756937539,CYG LYR
389,390,M,+,287.5,43.5,287.5,47.5,0.21812428017515947,-0.691801833272752,0.6883545756937539,0.20315389351832522,-0.6443218327625689,0.7372773368101241,CYG LYR
391,392,M,+,286.25,47.5,286.25,55.5,0.18904974168608338,-0.648600280445974,0.7372773368101241,0.1584968988196804,-0.5437782252829676,0.8241261886220157,CYG DRA
392,393,P,+,286.25,55.5,291.25,55.5,0.1584968988196804,-0.5437782252829676,0.8241261886220157,0.20528716538268985,-0.5278950700248014,0.8241261886220157,CYG DRA
393,394,M,+,291.25,55.5,291.25,58.0,0.20528716538268985,-0.5278950700248014,0.8241261886220157,0.19206289857742523,-0.4938889243498976,0.8480480961564261,CYG DRA
394,395,P,+,291.25,58.0,296.5,58.0,0.19206289857742523,-0.4938889243498976,0.8480480961564261,0.2364488168256151,-0.47424295843715797,0.8480480961564261,CYG DRA
395,396,M,+,296.5,58.0,296.5,59.5,0.2364488168256151,-0.47424295843715797,0.8480480961564261,0.22646250762239875,-0.4542135208447746,0.8616291604415257,CYG DRA
396,308,P,+,296.5,59.5,300.0,59.5,0.22646250762239875,-0.4542135208447746,0.8616291604415257,0.25376918148035216,-0.4395411157191368,0.8616291604415257,CYG DRA
308,331,P,+,300.0,59.5,308.05,59.5,0.25376918148035216,-0.4395411157191368,0.8616291604415257,0.31282071675415085,-0.3996728525259764,0.8616291604415257,CYG CEP
331,330,M,+,308.05,59.5,308.05,60.916666666666664,0.31282071675415085,-0.3996728525259764,0.8616291604415257,0.2995956114754731,-0.38277590399094824,0.8739136552935591,CYG CEP
330,329,P,+,308.05,60.916666666666664,309.0,60.916666666666664,0.2995956114754731,-0.38277590399094824,0.8739136552935591,0.3059008044560122,-0.37775603360451415,0.8739136552935591,CYG CEP
328,327,P,+,309.0,54.833333333333336,329.5,54.833333333333336,0.36246137308729665,-0.44760251897929293,0.8174801147569666,0.4962611938645376,-0.2923201830888188,0.8174801147569666,CYG CEP
405,406,M,+,313.75,28.0,313.75,29.0,0.6105697880334757,-0.6378095214686983,0.4694715627858908,0.6048109463313572,-0.6317937569447568,0.48480962024633706,CYG VUL
099,098,M,+,304.5,2.0,304.5,8.5,0.5660611975490822,-0.8236241532150517,0.03489949670250097,0.5601847534257877,-0.8150738739591689,0.14780941112961063,DEL AQL
097,096,M,+,302.125,8.5,302.125,15.75,0.525927141507545,-0.837587619182149,0.14780941112961063,0.5118030459252654,-0.8150936905403372,0.27144044986507426,DEL AQL
096,409,P,+,302.125,15.75,303.75,15.75,0.5118030459252654,-0.8150936905403372,0.27144044986507426,0.5347114799874888,-0.8002522823126689,0.27144044986507426,DEL SGE
409,410,M,+,303.75,15.75,303.75,20.5,0.5347114799874888,-0.8002522823126689,0.27144044986507426,0.5203871864437128,-0.7788144620489417,0.35020738125946743,DEL SGE
410,411,P,+,303.75,20.5,308.5,20.5,0.5203871864437128,-0.7788144620489417,0.35020738125946743,0.5830921475385296,-0.733047295602604,0.35020738125946743,DEL VUL
412,413,P,+,308.5,19.5,315.75,19.5,0.586808125306791,-0.737718919916261,0.3338068592337709,0.6752159320220412,-0.6577662395350583,0.3338068592337709,DEL VUL
418,437,M,+,57.5,-53.166666666666664,57.5,-51.0,0.3221053896015543,0.5056041843693697,-0.8003827376560636,0.33813359963574774,0.530763434487053,-0.7771459614569709,DOR HOR
437,436,P,+,57.5,-51.0,61.24999999999999,-51.0,0.33813359963574774,0.530763434487053,-0.7771459614569709,0.302696040146929,0.5517420247457041,-0.7771459614569709,DOR HOR
436,435,M,+,61.24999999999999,-51.0,61.24999999999999,-49.0,0.302696040146929,0.5517420247457041,-0.7771459614569709,0.315557024692593,0.5751845040394652,-0.754709580222772,DOR HOR
435,172,P,+,61.24999999999999,-49.0,64.0,-49.0,0.315557024692593,0.5751845040394652,-0.754709580222772,0.2875973488998973,0.5896619492774806,-0.754709580222772,DOR HOR
172,173,P,+,64.0,-49.0,67.5,-49.0,0.2875973488998973,0.5896619492774806,-0.754709580222772,0.25106292104819533,0.6061195090035586,-0.754709580222772,DOR CAE
434,433,P,+,67.5,-54.0,75.0,-54.0,0.2249356778408639,0.5430427641049989,-0.8090169943749475,0.15213001772368215,0.5677569555011356,-0.8090169943749475,DOR PIC
432,431,P,+,75.0,-57.5,82.5,-57.5,0.13906337156628334,0.5189915681571986,-0.8433914458128856,0.07013167195883603,0.5327029357136194,-0.8433914458128856,DOR PIC
430,429,P,+,82.5,-61.0,90.0,-61.0,0.06328035368240367,0.48066200673781934,-0.8746197071393957,2.968602748152603e-17,0.4848096202463371,-0.8746197071393957,DOR PIC
428,427,P,+,90.0,-64.0,98.75,-64.0,2.6842491087689912e-17,0.43837114678907746,-0.898794046299167,-0.06668650325751149,0.433269168785937,-0.898794046299167,DOR PIC
425,424,M,+,68.75,-70.0,68.75,-67.5,0.1239611098004659,0.31876546503275394,-0.9396926207859083,0.1386990325100768,0.3566639704084153,-0.9238795325112867,DOR HYI
424,423,M,+,68.75,-67.5,68.75,-59.0,0.1386990325100768,0.3566639704084153,-0.9238795325112867,0.18666938951181422,0.4800195387964339,-0.8571673007021123,DOR RET
422,421,M,+,65.0,-59.0,65.0,-56.5,0.21766449594876322,0.4667830179113475,-0.8571673007021123,0.23325864932298399,0.5002247877418514,-0.8338858220671682,DOR RET
420,419,M,+,60.0,-56.5,60.0,-53.166666666666664,0.27596849265602913,0.4779914505684409,-0.8338858220671682,0.29974467187182197,0.5191730009800573,-0.8003827376560636,DOR RET
209,208,M,+,137.5,73.5,137.5,82.0,-0.20939807695651752,0.19187798569455652,0.958819734868193,-0.10260917323144357,0.09402398417212589,0.9902680687415704,DRA CAM
208,207,P,+,137.5,82.0,160.0,82.0,-0.10260917323144357,0.09402398417212589,0.9902680687415704,-0.13077993598406573,0.04760000393743938,0.9902680687415704,DRA CAM
206,205,P,+,160.0,80.0,172.5,80.0,-0.16317591116653488,0.059391174613884753,0.984807753012208,-0.1721625934348046,0.022665635416815426,0.984807753012208,DRA CAM
204,203,P,+,172.5,77.0,195.0,77.0,-0.22302656688984565,0.02936200455939058,0.9743700647852352,-0.21728603304169483,-0.05822161708008438,0.9743700647852352,DRA CAM
438,439,P,+,195.0,70.0,210.0,70.0,-0.3303660895493522,-0.0885213269013769,0.9396926207859083,-0.2961981327260239,-0.17101007166283444,0.9396926207859083,DRA UMI
440,441,P,+,210.0,66.0,235.0,66.0,-0.35224426555364696,-0.20336832153790016,0.9135454576426009,-0.233294554268805,-0.33317915266278364,0.9135454576426009,DRA UMI
441,442,M,+,235.0,66.0,235.0,70.0,-0.233294554268805,-0.33317915266278364,0.9135454576426009,-0.19617469496901124,-0.28016649959323553,0.9396926207859083,DRA UMI
442,443,P,+,235.0,70.0,248.00000000000003,70.0,-0.19617469496901124,-0.28016649959323553,0.9396926207859083,-0.1281230007708506,-0.31711555482817877,0.9396926207859083,DRA UMI
443,444,M,+,248.00000000000003,70.0,248.00000000000003,75.0,-0.1281230007708506,-0.31711555482817877,0.9396926207859083,-0.09695532079701444,-0.23997283987345044,0.9659258262890683,DRA UMI
444,445,P,+,248.00000000000003,75.0,262.5,75.0,-0.09695532079701444,-0.23997283987345044,0.9659258262890683,-0.033782664431261836,-0.25660481229257065,0.9659258262890683,DRA UMI
445,446,M,+,262.5,75.0,262.5,80.0,-0.033782664431261836,-0.25660481229257065,0.9659258262890683,-0.022665635416815436,-0.1721625934348046,0.984807753012208,DRA UMI
446,447,P,+,262.5,80.0,270.0,80.0,-0.022665635416815436,-0.1721625934348046,0.984807753012208,-3.1898652743636585e-17,-0.17364817766693041,0.984807753012208,DRA UMI
447,448,M,+,270.0,80.0,270.0,86.0,-3.1898652743636585e-17,-0.17364817766693041,0.984807753012208,-1.2814056343582402e-17,-0.06975647374412523,0.9975640502598242,DRA UMI
448,317,P,+,270.0,86.0,315.0,86.0,-1.2814056343582402e-17,-0.06975647374412523,0.9975640502598242,0.0493252756161323,-0.04932527561613232,0.9975640502598242,DRA UMI
314,313,P,+,302.5,75.0,310.0,75.0,0.13906337156628334,-0.21828576865292545,0.9659258262890683,0.1663656753428019,-0.19826689127414618,0.9659258262890683,DRA CEP
449,450,M,+,273.5,47.5,273.5,50.5,0.041243795498986505,-0.6743300956942443,0.7372773368101241,0.0388316463778882,-0.6348918061774859,0.77162458338772,DRA HER
451,452,M,+,255.0,50.5,255.0,51.5,-0.16462915758280164,-0.6144043805062791,0.77162458338772,-0.16111864381689128,-0.6013029647712318,0.7826081568524139,DRA HER
164,163,M,+,236.25,51.5,236.25,53.0,-0.34585060173487525,-0.5176020035777413,0.7826081568524139,-0.3343505126472808,-0.500390903978081,0.7986355100472928,DRA BOO
162,161,M,+,228.75,53.0,228.75,55.5,-0.3968042169796543,-0.4524684911445923,0.7986355100472928,-0.37345758196296674,-0.4258467561244583,0.8241261886220157,DRA BOO
160,453,M,+,216.25,55.5,216.25,63.0,-0.45677525359148075,-0.3349214727869628,0.8241261886220157,-0.36611818890365544,-0.26844896276139846,0.8910065241883678,DRA UMA
454,455,M,+,202.5,63.0,202.5,64.0,-0.419432530663938,-0.17373464270147213,0.8910065241883678,-0.4050021301619296,-0.1677573751030647,0.898794046299167,DRA UMA
456,457,M,+,180.0,64.0,180.0,66.5,-0.43837114678907746,5.3684982175379825e-17,0.898794046299167,-0.39874906892524625,4.883267709222902e-17,0.917060074385124,DRA UMA
458,459,M,+,170.0,66.5,170.0,73.5,-0.39269117458398184,0.06924204916525419,0.917060074385124,-0.2797005134388579,0.04931874703728122,0.958819734868193,DRA UMA
063,417,M,+,312.5,2.0,312.5,6.0,0.6751786563150172,-0.7368282073771064,0.03489949670250097,0.6718892537701716,-0.7332384544164775,0.10452846326765347,EQU DEL
417,416,P,+,312.5,6.0,313.125,6.0,0.6718892537701716,-0.7332384544164775,0.10452846326765347,0.6798475118669468,-0.725865800940659,0.10452846326765347,EQU DEL
416,415,M,+,313.125,6.0,313.125,11.833333333333334,0.6798475118669468,-0.725865800940659,0.10452846326765347,0.6690647707760583,-0.714353185447252,0.20506549916488748,EQU DEL
415,414,P,+,313.125,11.833333333333334,315.75,11.833333333333334,0.6690647707760583,-0.714353185447252,0.20506549916488748,0.7010792751259316,-0.6829611929247179,0.20506549916488748,EQU DEL
414,460,P,+,315.75,11.833333333333334,316.75,11.833333333333334,0.7010792751259316,-0.6829611929247179,0.20506549916488748,0.7128918136763902,-0.670621654172785,0.20506549916488748,EQU PEG
460,461,M,+,316.75,11.833333333333334,316.75,12.5,0.7128918136763902,-0.670621654172785,0.20506549916488748,0.7111056695982604,-0.6689414176021206,0.21643961393810288,EQU PEG
461,462,P,+,316.75,12.5,320.0,12.5,0.7111056695982604,-0.6689414176021206,0.21643961393810288,0.7478861310934709,-0.6275509767631348,0.21643961393810288,EQU PEG
463,464,P,+,53.75,0.0,69.25,0.0,0.5913096483635824,0.8064446042674825,0.0,0.3542910379977158,0.9351352096860117,0.0,ERI TAU
464,465,P,+,69.25,0.0,70.0,0.0,0.3542910379977158,0.9351352096860117,0.0,0.3420201433256688,0.9396926207859083,0.0,ERI ORI
466,467,P,+,70.0,-4.0,76.25,-4.0,0.3411869994463998,0.9374035767904597,-0.0697564737441253,0.2371069014385177,0.968975929350678,-0.0697564737441253,ERI ORI
484,485,M,+,20.0,-58.5,20.0,-53.5,0.49098804563480564,0.17870503399160503,-0.8526401643540922,0.5589505833855455,0.20344137477806745,-0.8038568606172173,ERI PHE
485,486,P,+,20.0,-53.5,23.750000000000004,-53.5,0.5589505833855455,0.20344137477806745,-0.8038568606172173,0.5444481247553218,0.23956290841665231,-0.8038568606172173,ERI PHE
486,487,M,+,23.750000000000004,-53.5,23.750000000000004,-51.5,0.5444481247553218,0.23956290841665231,-0.8038568606172173,0.5697947928342847,0.2507157092944159,-0.7826081568524139,ERI PHE
487,488,P,+,23.750000000000004,-51.5,27.500000000000004,-51.5,0.5697947928342847,0.2507157092944159,-0.7826081568524139,0.5521772265095728,0.28744527018593186,-0.7826081568524139,ERI PHE
488,489,M,+,27.500000000000004,-51.5,27.500000000000004,-48.166666666666664,0.5521772265095728,0.28744527018593186,-0.7826081568524139,0.5916061186154589,0.307970652256016,-0.7450881006738437,ERI PHE
489,490,P,+,27.500000000000004,-48.166666666666664,35.0,-48.166666666666664,0.5916061186154589,0.307970652256016,-0.7450881006738437,0.5463466097040982,0.3825560145901277,-0.7450881006738437,ERI PHE
490,491,M,+,35.0,-48.166666666666664,35.0,-40.0,0.5463466097040982,0.3825560145901277,-0.7450881006738437,0.6275068715971331,0.43938504177070503,-0.6427876096865393,ERI PHE
491,492,P,+,35.0,-40.0,45.0,-40.0,0.6275068715971331,0.43938504177070503,-0.6427876096865393,0.5416752204197018,0.5416752204197018,-0.6427876096865393,ERI FOR
492,493,M,+,45.0,-40.0,45.0,-39.583333333333336,0.5416752204197018,0.5416752204197018,-0.6427876096865393,0.5449662270269856,0.5449662270269856,-0.6371998295667883,ERI FOR
493,494,P,+,45.0,-39.583333333333336,52.5,-39.583333333333336,0.5449662270269856,0.5449662270269856,-0.6371998295667883,0.46917159890581756,0.6114363319105387,-0.6371998295667883,ERI FOR
494,495,M,+,52.5,-39.583333333333336,52.5,-36.0,0.46917159890581756,0.6114363319105387,-0.6371998295667883,0.49249834158803313,0.64183633483974,-0.5877852522924731,ERI FOR
495,496,P,+,52.5,-36.0,56.25,-36.0,0.49249834158803313,0.64183633483974,-0.5877852522924731,0.44946576008170785,0.672673046659108,-0.5877852522924731,ERI FOR
496,497,M,+,56.25,-36.0,56.25,-24.383333333333333,0.44946576008170785,0.672673046659108,-0.5877852522924731,0.506015473558143,0.7573056737250231,-0.41283950521191287,ERI FOR
338,337,M,+,39.75,-24.383333333333333,39.75,-1.75,0.7002640541654706,0.5824034661470704,-0.41283950521191287,0.7684832371978619,0.6391407617706979,-0.03053851320982266,ERI CET
337,336,P,+,39.75,-1.75,49.25,-1.75,0.7684832371978619,0.6391407617706979,-0.03053851320982266,0.6524552993327488,0.7572116491335474,-0.03053851320982266,ERI CET
336,498,P,+,49.25,-1.75,53.75,-1.75,0.6524552993327488,0.7572116491335474,-0.03053851320982266,0.5910338561252455,0.8060684711143687,-0.03053851320982266,ERI TAU
498,463,M,+,53.75,-1.75,53.75,0.0,0.5910338561252455,0.8060684711143687,-0.03053851320982266,0.5913096483635824,0.8064446042674825,0.0,ERI TAU
339,338,P,+,24.999999999999996,-24.383333333333333,39.75,-24.383333333333333,0.8254685668708279,0.3849223142980986,-0.41283950521191287,0.7002640541654706,0.5824034661470704,-0.41283950521191287,FOR CET
338,497,P,+,39.75,-24.383333333333333,56.25,-24.383333333333333,0.7002640541654706,0.5824034661470704,-0.41283950521191287,0.506015473558143,0.7573056737250231,-0.41283950521191287,FOR ERI
499,340,M,+,24.999999999999996,-40.0,24.999999999999996,-25.5,0.6942720440148838,0.32374437096706454,-0.6427876096865393,0.8180200716709676,0.381449023944673,-0.43051109680829514,FOR SCL
340,339,M,+,24.999999999999996,-25.5,24.999999999999996,-24.383333333333333,0.8180200716709676,0.381449023944673,-0.43051109680829514,0.8254685668708279,0.3849223142980986,-0.41283950521191287,FOR CET
500,501,M,+,94.625,12.0,94.625,17.5,-0.07887180057142996,0.9749625469195836,0.20791169081775934,-0.07690186336354086,0.9506114482561796,0.3007057995042731,GEM ORI
502,503,M,+,93.25,17.5,93.25,21.5,-0.05406887248436137,0.9521830596963831,0.3007057995042731,-0.05274796552683923,0.9289211500134792,0.3665012267242973,GEM ORI
504,505,M,+,88.25,21.5,88.25,22.833333333333332,0.02841356919047007,0.9299836127026344,0.3665012267242973,0.028145440439245013,0.9212076879653311,0.38805183908345287,GEM ORI
505,146,M,+,88.25,22.833333333333332,88.25,28.0,0.028145440439245013,0.9212076879653311,0.38805183908345287,0.026963906728103407,0.8825357780109153,0.4694715627858908,GEM TAU
146,145,P,+,88.25,28.0,98.0,28.0,0.026963906728103407,0.8825357780109153,0.4694715627858908,-0.12288255448340213,0.8743548075804279,0.4694715627858908,GEM AUR
145,144,M,+,98.0,28.0,98.0,35.5,-0.12288255448340213,0.8743548075804279,0.4694715627858908,-0.11330298122935996,0.8061926020952547,0.5807029557109398,GEM AUR
144,143,P,+,98.0,35.5,110.5,35.5,-0.11330298122935996,0.8061926020952547,0.5807029557109398,-0.28510926372626033,0.7625593648799076,0.5807029557109398,GEM AUR
143,506,P,+,110.5,35.5,116.25,35.5,-0.28510926372626033,0.7625593648799076,0.5807029557109398,-0.3600740863007796,0.7301580168725377,0.5807029557109398,GEM LYN
507,225,P,+,116.25,33.5,120.0,33.5,-0.36881826803428286,0.7478894633626207,0.5519369853120581,-0.41694291103358394,0.722166305765838,0.5519369853120581,GEM LYN
508,509,M,+,104.0,10.0,104.0,12.0,-0.2382465584099628,0.9555547539512126,0.17364817766693033,-0.23663532174578927,0.9490924366591315,0.20791169081775934,GEM MON
510,518,P,+,320.0,-37.0,345.0,-37.0,0.6117902945492192,-0.5133530105140898,-0.6018150231520483,0.7714226649462228,-0.2067020800954049,-0.6018150231520483,GRU PSA
518,517,P,+,345.0,-37.0,350.0,-37.0,0.7714226649462228,-0.2067020800954049,-0.6018150231520483,0.7865024421254332,-0.13868160093981188,-0.6018150231520483,GRU SCL
514,513,M,+,330.0,-57.0,330.0,-50.0,0.4716712402156557,-0.27231951750751376,-0.838670567945424,0.5566703992264193,-0.32139380484326996,-0.766044443118978,GRU IND
512,511,M,+,320.0,-50.0,320.0,-45.5,0.4924038765061039,-0.413175911166535,-0.766044443118978,0.5369276470475117,-0.45053579060645216,-0.7132504491541816,GRU IND
511,510,M,+,320.0,-45.5,320.0,-37.0,0.5369276470475117,-0.45053579060645216,-0.7132504491541816,0.6117902945492192,-0.5133530105140898,-0.6018150231520483,GRU MIC
520,521,M,+,241.24999999999997,4.0,241.24999999999997,16.0,-0.4798171044527118,-0.8745910933947364,0.0697564737441253,-0.46235607973873555,-0.8427638480658987,0.27563735581699916,HER SER1
522,523,M,+,238.75,16.0,238.75,22.0,-0.4986768619468302,-0.8217940346808774,0.27563735581699916,-0.48099818914744336,-0.7926604835654455,0.374606593415912,HER SER1
523,524,P,+,238.75,22.0,240.50000000000003,22.0,-0.48099818914744336,-0.7926604835654455,0.374606593415912,-0.45656717453623213,-0.8069797490057153,0.374606593415912,HER SER1
524,369,M,+,240.50000000000003,22.0,240.50000000000003,26.0,-0.45656717453623213,-0.8069797490057153,0.374606593415912,-0.4425873640784357,-0.7822705176733502,0.4383711467890774,HER SER1
369,368,P,+,240.50000000000003,26.0,242.50000000000003,26.0,-0.4425873640784357,-0.7822705176733502,0.4383711467890774,-0.41501690446254497,-0.7972400558634495,0.4383711467890774,HER CRB
368,367,M,+,242.50000000000003,26.0,242.50000000000003,27.0,-0.41501690446254497,-0.7972400558634495,0.4383711467890774,-0.4114210269273463,-0.7903324393875557,0.45399049973954675,HER CRB
367,366,P,+,242.50000000000003,27.0,244.99999999999997,27.0,-0.4114210269273463,-0.7903324393875557,0.45399049973954675,-0.37655562845211094,-0.8075261511723768,0.45399049973954675,HER CRB
366,365,M,+,244.99999999999997,27.0,244.99999999999997,40.0,-0.37655562845211094,-0.8075261511723768,0.45399049973954675,-0.323744370967065,-0.6942720440148836,0.6427876096865393,HER CRB
165,164,M,+,236.25,40.0,236.25,51.5,-0.425591489766982,-0.6369426761266558,0.6427876096865393,-0.34585060173487525,-0.5176020035777413,0.7826081568524139,HER BOO
164,452,P,+,236.25,51.5,255.0,51.5,-0.34585060173487525,-0.5176020035777413,0.7826081568524139,-0.16111864381689128,-0.6013029647712318,0.7826081568524139,HER DRA
451,450,P,+,255.0,50.5,273.5,50.5,-0.16462915758280164,-0.6144043805062791,0.77162458338772,0.0388316463778882,-0.6348918061774859,0.77162458338772,HER DRA
526,527,P,+,272.625,30.0,275.5,30.0,0.03966298223157024,-0.865116667184547,0.49999999999999994,0.08300485652735042,-0.8620383946164313,0.49999999999999994,HER LYR
528,529,P,+,275.5,26.0,283.0,26.0,0.08614559172824077,-0.894656176801245,0.4383711467890774,0.20218466835298618,-0.8757580131211031,0.4383711467890774,HER LYR
532,533,M,+,273.75,12.0,273.75,14.333333333333334,0.06397391393694767,-0.9760533116366588,0.20791169081775934,0.06336725207043205,-0.9667974401819304,0.24756272139138608,HER OPH
542,483,M,+,32.5,-67.5,32.5,-58.5,0.3227519333110308,0.20561565833058099,-0.9238795325112867,0.4406708199309418,0.28073827418365693,-0.8526401643540922,HOR HYI
483,482,M,+,32.5,-58.5,32.5,-54.0,0.4406708199309418,0.28073827418365693,-0.8526401643540922,0.49573305375844073,0.3158167858487848,-0.8090169943749475,HOR ERI
482,481,P,+,32.5,-54.0,36.25,-54.0,0.49573305375844073,0.3158167858487848,-0.8090169943749475,0.4740162451792659,0.34756309084636183,-0.8090169943749475,HOR ERI
481,480,M,+,36.25,-54.0,36.25,-51.0,0.4740162451792659,0.34756309084636183,-0.8090169943749475,0.5075120337176435,0.3721232191397115,-0.7771459614569709,HOR ERI
480,479,P,+,36.25,-51.0,40.0,-51.0,0.5075120337176435,0.3721232191397115,-0.7771459614569709,0.48208738850519023,0.4045193498899232,-0.7771459614569709,HOR ERI
479,478,M,+,40.0,-51.0,40.0,-49.0,0.48208738850519023,0.4045193498899232,-0.7771459614569709,0.5025703735162106,0.4217066150580801,-0.754709580222772,HOR ERI
478,477,P,+,40.0,-49.0,45.0,-49.0,0.5025703735162106,0.4217066150580801,-0.754709580222772,0.4639037882578495,0.4639037882578495,-0.754709580222772,HOR ERI
477,476,M,+,45.0,-49.0,45.0,-46.0,0.4639037882578495,0.4639037882578495,-0.754709580222772,0.4911976443595539,0.4911976443595539,-0.7193398003386512,HOR ERI
476,475,P,+,45.0,-46.0,51.25,-46.0,0.4911976443595539,0.4911976443595539,-0.7193398003386512,0.43480297921941596,0.5417532841715587,-0.7193398003386512,HOR ERI
475,474,M,+,51.25,-46.0,51.25,-44.0,0.43480297921941596,0.5417532841715587,-0.7193398003386512,0.4502516655081564,0.5610019483552457,-0.6946583704589973,HOR ERI
474,473,P,+,51.25,-44.0,58.0,-44.0,0.4502516655081564,0.5610019483552457,-0.6946583704589973,0.38119201772911854,0.6100347481667368,-0.6946583704589973,HOR ERI
473,472,M,+,58.0,-44.0,58.0,-40.0,0.38119201772911854,0.6100347481667368,-0.6946583704589973,0.405941707667544,0.6496425315582589,-0.6427876096865393,HOR ERI
472,171,P,+,58.0,-40.0,64.0,-40.0,0.405941707667544,0.6496425315582589,-0.6427876096865393,0.3358117810214666,0.6885161846758984,-0.6427876096865393,HOR ERI
243,216,M,+,121.25000000000001,0.0,121.25000000000001,7.0,-0.5187732581605216,0.8549118706729465,0.0,-0.5149064009616557,0.8485394872289166,0.12186934340514748,HYA CMI
216,215,P,+,121.25000000000001,7.0,138.75,7.0,-0.5149064009616557,0.8485394872289166,0.12186934340514748,-0.7462357075640113,0.654431151378384,0.12186934340514748,HYA CNC
215,543,P,+,138.75,7.0,143.75,7.0,-0.7462357075640113,0.654431151378384,0.12186934340514748,-0.8004334884775988,0.5869021159116569,0.12186934340514748,HYA LEO
545,377,P,+,143.75,-11.0,161.25,-11.0,-0.791627945493655,0.5804456246685719,-0.1908089953765448,-0.9295323559380122,0.3155337169744658,-0.1908089953765448,HYA SEX
378,379,P,+,161.25,-19.0,162.5,-19.0,-0.8953400272322889,0.3039269853748515,-0.3255681544571567,-0.9017570927963873,0.2843229192217343,-0.3255681544571567,HYA CRT
380,372,P,+,162.5,-24.5,177.5,-24.5,-0.8678454885593581,0.27363063147685557,-0.414693242656239,-0.9090951893775777,0.03969195316181744,-0.414693242656239,HYA CRT
372,373,P,+,177.5,-24.5,188.75,-24.5,-0.9090951893775777,0.03969195316181744,-0.414693242656239,-0.8993706961507033,-0.1384263898274199,-0.414693242656239,HYA CRV
373,374,M,+,188.75,-24.5,188.75,-22.0,-0.8993706961507033,-0.1384263898274199,-0.414693242656239,-0.9163928349809506,-0.1410463475773191,-0.374606593415912,HYA CRV
374,375,P,+,188.75,-22.0,192.5,-22.0,-0.9163928349809506,-0.1410463475773191,-0.374606593415912,-0.9052058950796236,-0.20067931553207766,-0.374606593415912,HYA CRV
375,546,P,+,192.5,-22.0,213.75,-22.0,-0.9052058950796236,-0.20067931553207766,-0.374606593415912,-0.7709252000898262,-0.5151157501336832,-0.374606593415912,HYA VIR
547,548,P,+,213.75,-24.5,223.75,-24.5,-0.7566051451060507,-0.5055473952996945,-0.414693242656239,-0.6573232289513102,-0.6292500990673557,-0.414693242656239,HYA LIB
043,044,M,+,162.5,-35.0,162.5,-31.166666666666668,-0.7812391898784737,0.24632377039348122,-0.573576436351046,-0.8160626832099439,0.2573035756654291,-0.5175292909797199,HYA ANT
045,046,M,+,158.75,-31.166666666666668,158.75,-29.166666666666668,-0.7974869713524563,0.31012572208882483,-0.5175292909797199,-0.813834634950712,0.3164829807776738,-0.48735173112724234,HYA ANT
047,048,M,+,153.75,-29.166666666666668,153.75,-26.5,-0.7831544392046594,0.3862090295698889,-0.48735173112724234,-0.8026422343818145,0.3958193466249378,-0.44619781310980877,HYA ANT
049,050,M,+,146.25,-26.5,146.25,-24.0,-0.7441107266774617,0.497198891812486,-0.44619781310980877,-0.7595852874868447,0.5075386627764988,-0.4067366430758002,HYA ANT
549,550,M,+,136.25,-24.0,136.25,-19.0,-0.6599123163044017,0.6317286110104466,-0.4067366430758002,-0.683008544471019,0.6538384395115823,-0.3255681544571567,HYA PYX
551,552,M,+,128.75,-19.0,128.75,-17.0,-0.5918222698536502,0.737395265585991,-0.3255681544571567,-0.5985735933185125,0.7458072402834963,-0.29237170472273677,HYA PYX
553,554,M,+,125.5,-17.0,125.5,-11.0,-0.5553289983481636,0.77854254210746,-0.29237170472273677,-0.5700338068342634,0.7991579232851487,-0.1908089953765448,HYA PUP
555,243,M,+,121.25000000000001,-11.0,121.25000000000001,0.0,-0.5092419322560806,0.839204731704658,-0.1908089953765448,-0.5187732581605216,0.8549118706729465,0.0,HYA MON
559,560,M,+,0.0,-82.5,0.0,-75.0,0.1305261922200517,0.0,-0.9914448613738104,0.25881904510252074,0.0,-0.9659258262890683,HYI OCT
560,561,P,+,0.0,-75.0,11.25,-75.0,0.25881904510252074,0.0,-0.9659258262890683,0.25384590972457216,0.05049309085295759,-0.9659258262890683,HYI TUC
562,563,P,+,11.25,-76.0,20.0,-76.0,0.2372734342114011,0.047196620515291325,-0.9702957262759965,0.22733222010154663,0.0827421614066158,-0.9702957262759965,HYI TUC
563,484,M,+,20.0,-76.0,20.0,-58.5,0.22733222010154663,0.0827421614066158,-0.9702957262759965,0.49098804563480564,0.17870503399160503,-0.8526401643540922,HYI TUC
484,483,P,+,20.0,-58.5,32.5,-58.5,0.49098804563480564,0.17870503399160503,-0.8526401643540922,0.4406708199309418,0.28073827418365693,-0.8526401643540922,HYI ERI
542,541,P,+,32.5,-67.5,48.0,-67.5,0.3227519333110308,0.20561565833058099,-0.9238795325112867,0.2560651971419417,0.2843892125580449,-0.9238795325112867,HYI HOR
541,424,P,+,48.0,-67.5,68.75,-67.5,0.2560651971419417,0.2843892125580449,-0.9238795325112867,0.1386990325100768,0.3566639704084153,-0.9238795325112867,HYI RET
564,571,M,+,320.0,-75.0,320.0,-60.0,0.1982668912741461,-0.166365675342802,-0.9659258262890683,0.383022221559489,-0.32139380484326985,-0.8660254037844386,IND PAV
570,569,M,+,305.0,-60.0,305.0,-57.0,0.2867882181755231,-0.409576022144496,-0.8660254037844386,0.31239211680159185,-0.4461421789321432,-0.838670567945424,IND PAV
569,568,M,+,305.0,-57.0,305.0,-45.5,0.31239211680159185,-0.4461421789321432,-0.838670567945424,0.4020250380225419,-0.5741512567123161,-0.7132504491541816,IND TEL
568,511,P,+,305.0,-45.5,320.0,-45.5,0.4020250380225419,-0.5741512567123161,-0.7132504491541816,0.5369276470475117,-0.45053579060645216,-0.7132504491541816,IND MIC
512,513,P,+,320.0,-50.0,330.0,-50.0,0.4924038765061039,-0.413175911166535,-0.766044443118978,0.5566703992264193,-0.32139380484326996,-0.766044443118978,IND GRU
567,566,P,+,330.0,-67.5,350.0,-67.5,0.33141357403559174,-0.19134171618254509,-0.9238795325112867,0.3768696111424634,-0.06645228065352386,-0.9238795325112867,IND TUC
401,400,M,+,328.125,36.0,328.125,43.75,0.6870189965152814,-0.42721586535919925,0.5877852522924731,0.6134330524373274,-0.38145718483217905,0.6915130557822694,LAC CYG
400,399,P,+,328.125,43.75,328.625,43.75,0.6134330524373274,-0.38145718483217905,0.6915130557822694,0.6167384944509021,-0.37608951480346087,0.6915130557822694,LAC CYG
399,398,M,+,328.625,43.75,328.625,44.0,0.6167384944509021,-0.37608951480346087,0.6915130557822694,0.614156531555727,-0.37451502386244784,0.6946583704589973,LAC CYG
398,397,P,+,328.625,44.0,329.5,44.0,0.614156531555727,-0.37451502386244784,0.6946583704589973,0.6198041482379668,-0.36509254467635877,0.6946583704589973,LAC CYG
397,326,M,+,329.5,44.0,329.5,52.75,0.6198041482379668,-0.36509254467635877,0.6946583704589973,0.521538950737702,-0.3072099198012466,0.796002002534622,LAC CYG
326,325,P,+,329.5,52.75,332.0,52.75,0.521538950737702,-0.3072099198012466,0.796002002534622,0.5344428697144538,-0.2841683145114019,0.796002002534622,LAC CEP
325,324,M,+,332.0,52.75,332.0,55.0,0.5344428697144538,-0.2841683145114019,0.796002002534622,0.5064379337967576,-0.2692778259508876,0.8191520442889918,LAC CEP
324,323,P,+,332.0,55.0,334.75,55.0,0.5064379337967576,-0.2692778259508876,0.8191520442889918,0.5187741591690833,-0.24466977769143491,0.8191520442889918,LAC CEP
323,322,M,+,334.75,55.0,334.75,56.25,0.5187741591690833,-0.24466977769143491,0.8191520442889918,0.5024883559158615,-0.2369888942259315,0.8314696123025452,LAC CEP
322,278,P,+,334.75,56.25,343.0,56.25,0.5024883559158615,-0.2369888942259315,0.8314696123025452,0.5312944561081374,-0.16243301612114944,0.8314696123025452,LAC CEP
572,573,M,+,342.25,34.5,342.25,35.0,0.7848943204196318,-0.2512466528048774,0.5664062369248328,0.7801569662500404,-0.24973021377952592,0.573576436351046,LAC PEG
574,575,M,+,330.0,35.0,330.0,36.0,0.7094064799162223,-0.4095760221444963,0.573576436351046,0.7006292692220366,-0.40450849718747406,0.5877852522924731,LAC PEG
576,577,M,+,161.25,0.0,161.25,7.0,-0.9469301294951056,0.32143946530316175,0.0,-0.9398718559035857,0.31904350427229744,0.12186934340514748,LEO SEX
215,226,M,+,138.75,7.0,138.75,33.5,-0.7462357075640113,0.654431151378384,0.12186934340514748,-0.6269485559224285,0.5498191270512681,0.5519369853120581,LEO CNC
226,578,P,+,138.75,33.5,148.25,33.5,-0.6269485559224285,0.5498191270512681,0.5519369853120581,-0.7090966641870706,0.43880233030762916,0.5519369853120581,LEO LMI
579,580,P,+,148.25,28.5,157.5,28.5,-0.7473040871162786,0.4624458010262597,0.4771587602596084,-0.8119211432090554,0.3363087490946588,0.4771587602596084,LEO LMI
581,582,P,+,157.5,23.5,161.25,23.5,-0.8472530328076943,0.35094369695068395,0.3987490689252462,-0.8683918149922967,0.29477929996123203,0.3987490689252462,LEO LMI
582,583,M,+,161.25,23.5,161.25,25.5,-0.8683918149922967,0.29477929996123203,0.3987490689252462,-0.8546852001897902,0.2901265311919214,0.43051109680829514,LEO LMI
583,584,P,+,161.25,25.5,165.0,25.5,-0.8546852001897902,0.2901265311919214,0.43051109680829514,-0.8718304365819927,0.23360626141901833,0.43051109680829514,LEO LMI
584,585,M,+,165.0,25.5,165.0,29.0,-0.8718304365819927,0.23360626141901833,0.43051109680829514,-0.8448177633073237,0.226368237429665,0.48480962024633706,LEO LMI
585,358,P,+,165.0,29.0,178.0,29.0,-0.8448177633073237,0.226368237429665,0.48480962024633706,-0.8740869124452401,0.030523787585253856,0.48480962024633706,LEO UMA
376,576,M,+,161.25,-6.0,161.25,0.0,-0.9417427471667968,0.31967858627946477,-0.10452846326765347,-0.9469301294951056,0.32143946530316175,0.0,LEO SEX
226,589,M,+,138.75,33.5,138.75,39.75,-0.6269485559224285,0.5498191270512681,0.5519369853120581,-0.5780458950078939,0.5069326444515054,0.6394390019805848,LMI LYN
589,590,P,+,138.75,39.75,143.75,39.75,-0.5780458950078939,0.5069326444515054,0.6394390019805848,-0.6200283470107674,0.4546235933705697,0.6394390019805848,LMI LYN
590,591,M,+,143.75,39.75,143.75,42.0,-0.6200283470107674,0.4546235933705697,0.6394390019805848,-0.5993051346955447,0.4394287054362537,0.6691306063588582,LMI LYN
591,592,P,+,143.75,42.0,152.5,42.0,-0.5993051346955447,0.4394287054362537,0.6691306063588582,-0.6591775108187876,0.3431460925969781,0.6691306063588582,LMI UMA
593,594,P,+,152.5,40.0,161.75,40.0,-0.6794897197425116,0.3537199592865919,0.6427876096865393,-0.7275117382618969,0.23989739374286323,0.6427876096865393,LMI UMA
595,596,P,+,161.75,34.0,165.0,34.0,-0.7873362582440484,0.25962456193938444,0.5591929034707469,-0.800788802294912,0.21457071288280788,0.5591929034707469,LMI UMA
581,580,M,+,157.5,23.5,157.5,28.5,-0.8472530328076943,0.35094369695068395,0.3987490689252462,-0.8119211432090554,0.3363087490946588,0.4771587602596084,LMI LEO
579,578,M,+,148.25,28.5,148.25,33.5,-0.7473040871162786,0.4624458010262597,0.4771587602596084,-0.7090966641870706,0.43880233030762916,0.5519369853120581,LMI LEO
179,471,M,+,72.5,-27.25,72.5,-14.5,0.26733261030347183,0.8478707173406815,-0.45787391511695674,0.2911276102380743,0.9233388154554999,-0.25038000405444144,LEP ERI
471,470,P,+,72.5,-14.5,73.75,-14.5,0.2911276102380743,0.9233388154554999,-0.25038000405444144,0.2709157996434373,0.9294700011690828,-0.25038000405444144,LEP ERI
470,469,M,+,73.75,-14.5,73.75,-11.0,0.2709157996434373,0.9294700011690828,-0.25038000405444144,0.27468776689017954,0.9424110345301991,-0.1908089953765448,LEP ERI
469,468,P,+,73.75,-11.0,76.25,-11.0,0.27468776689017954,0.9424110345301991,-0.1908089953765448,0.23331893302938603,0.953495780155016,-0.1908089953765448,LEP ERI
468,597,P,+,76.25,-11.0,87.5,-11.0,0.23331893302938603,0.953495780155016,-0.1908089953765448,0.0428179763631474,0.9806928918797968,-0.1908089953765448,LEP ORI
597,237,P,+,87.5,-11.0,91.75,-11.0,0.0428179763631474,0.9806928918797968,-0.1908089953765448,-0.029977434708837535,0.9811693435343722,-0.1908089953765448,LEP MON
607,606,P,+,226.25,-3.25,238.75,-3.25,-0.6904008749746772,-0.7212021628312646,-0.05669278756337751,-0.5179388998553618,-0.8535368907404712,-0.05669278756337751,LIB SER1
303,548,M,+,223.75,-29.5,223.75,-24.5,-0.628713588920422,-0.6018623269169037,-0.49242356010346716,-0.6573232289513102,-0.6292500990673557,-0.414693242656239,LIB HYA
547,546,M,+,213.75,-24.5,213.75,-22.0,-0.7566051451060507,-0.5055473952996945,-0.414693242656239,-0.7709252000898262,-0.5151157501336832,-0.374606593415912,LIB HYA
546,601,M,+,213.75,-22.0,213.75,-8.0,-0.7709252000898262,-0.5151157501336832,-0.374606593415912,-0.8233778071921437,-0.5501634617026258,-0.13917310096006544,LIB VIR
601,600,P,+,213.75,-8.0,220.0,-8.0,-0.8233778071921437,-0.5501634617026258,-0.13917310096006544,-0.7585893512576422,-0.6365320448552996,-0.13917310096006544,LIB VIR
600,599,M,+,220.0,-8.0,220.0,0.0,-0.7585893512576422,-0.6365320448552996,-0.13917310096006544,-0.766044443118978,-0.6427876096865393,0.0,LIB VIR
599,598,P,+,220.0,0.0,226.25,0.0,-0.766044443118978,-0.6427876096865393,0.0,-0.6915130557822695,-0.7223639620597555,0.0,LIB VIR
300,301,M,+,212.5,-55.0,212.5,-42.0,-0.4837494599383113,-0.308182394608384,-0.8191520442889918,-0.626761988807744,-0.3992914236739727,-0.6691306063588582,LUP CEN
301,302,P,+,212.5,-42.0,223.75,-42.0,-0.626761988807744,-0.3992914236739727,-0.6691306063588582,-0.5368210405160562,-0.5138943491546542,-0.6691306063588582,LUP CEN
302,303,M,+,223.75,-42.0,223.75,-29.5,-0.5368210405160562,-0.5138943491546542,-0.6691306063588582,-0.628713588920422,-0.6018623269169037,-0.49242356010346716,LUP CEN
303,602,P,+,223.75,-29.5,235.0,-29.5,-0.628713588920422,-0.6018623269169037,-0.49242356010346716,-0.4992155184350426,-0.7129536475877368,-0.49242356010346716,LUP LIB
602,614,P,+,235.0,-29.5,240.0,-29.5,-0.4992155184350426,-0.7129536475877368,-0.49242356010346716,-0.43517784796995024,-0.7537501430124376,-0.49242356010346716,LUP SCO
143,142,M,+,110.5,35.5,110.5,44.5,-0.28510926372626033,0.7625593648799076,0.5807029557109398,-0.2497855719804248,0.6680818596916503,0.7009092642998509,LYN AUR
141,140,M,+,102.0,44.5,102.0,50.0,-0.1482931068601722,0.697664215562472,0.7009092642998509,-0.13364305876663435,0.6287411581963064,0.766044443118978,LYN AUR
139,138,M,+,97.5,50.0,97.5,54.0,-0.08390061909861274,0.637288472578474,0.766044443118978,-0.07672137082483887,0.5827566679766812,0.8090169943749475,LYN AUR
137,136,M,+,91.5,54.0,91.5,56.0,-0.01538642416539017,0.5875838329667767,0.8090169943749475,-0.014637963728283165,0.5590012820288818,0.8290375725550417,LYN AUR
136,214,M,+,91.5,56.0,91.5,62.0,-0.014637963728283165,0.5590012820288818,0.8290375725550417,-0.012289332831062627,0.46931068660663805,0.8829475928589269,LYN CAM
214,213,P,+,91.5,62.0,105.0,62.0,-0.012289332831062627,0.46931068660663805,0.8829475928589269,-0.12150818158303243,0.45347470720318184,0.8829475928589269,LYN CAM
212,211,P,+,105.0,60.0,119.5,60.0,-0.12940952255126045,0.48296291314453427,0.8660254037844386,-0.24621178005173355,0.43517784796994996,0.8660254037844386,LYN CAM
211,615,P,+,119.5,60.0,126.24999999999999,60.0,-0.24621178005173355,0.43517784796994996,0.8660254037844386,-0.2956548241817911,0.4032223021337415,0.8660254037844386,LYN UMA
616,617,P,+,126.24999999999999,47.0,137.5,47.0,-0.40327221047309564,0.5499938975916738,0.7313537016191705,-0.5028219346157509,0.46075141366816325,0.7313537016191705,LYN UMA
618,591,P,+,137.5,42.0,143.75,42.0,-0.5479038377921976,0.5020613669327765,0.6691306063588582,-0.5993051346955447,0.4394287054362537,0.6691306063588582,LYN UMA
507,506,M,+,116.25,33.5,116.25,35.5,-0.36881826803428286,0.7478894633626207,0.5519369853120581,-0.3600740863007796,0.7301580168725377,0.5807029557109398,LYN GEM
530,529,M,+,283.0,25.5,283.0,26.0,0.20303751134975828,-0.8794520819861736,0.43051109680829514,0.20218466835298618,-0.8757580131211031,0.4383711467890774,LYR HER
528,527,M,+,275.5,26.0,275.5,30.0,0.08614559172824077,-0.894656176801245,0.4383711467890774,0.08300485652735042,-0.8620383946164313,0.49999999999999994,LYR HER
526,525,M,+,272.625,30.0,272.625,47.5,0.03966298223157024,-0.865116667184547,0.49999999999999994,0.03094126602220611,-0.6748812982170376,0.7372773368101241,LYR HER
525,449,P,+,272.625,47.5,273.5,47.5,0.03094126602220611,-0.6748812982170376,0.7372773368101241,0.041243795498986505,-0.6743300956942443,0.7372773368101241,LYR HER
449,391,P,+,273.5,47.5,286.25,47.5,0.041243795498986505,-0.6743300956942443,0.7372773368101241,0.18904974168608338,-0.648600280445974,0.7372773368101241,LYR DRA
391,390,P,+,286.25,47.5,287.5,47.5,0.18904974168608338,-0.648600280445974,0.7372773368101241,0.20315389351832522,-0.6443218327625689,0.7372773368101241,LYR CYG
389,388,P,+,287.5,43.5,291.0,43.5,0.21812428017515947,-0.691801833272752,0.6883545756937539,0.2599509259923855,-0.677195314659791,0.6883545756937539,LYR CYG
621,558,M,+,52.5,-85.0,52.5,-82.5,0.05305705450138081,0.06914529963441818,-0.9961946980917455,0.07945931129894564,0.10355339059327386,-0.9914448613738104,MEN OCT
558,557,M,+,52.5,-82.5,52.5,-75.0,0.07945931129894564,0.10355339059327386,-0.9914448613738104,0.15755905175128304,0.2053349539630727,-0.9659258262890683,MEN HYI
557,556,P,+,52.5,-75.0,68.75,-75.0,0.15755905175128304,0.2053349539630727,-0.9659258262890683,0.09380586697741852,0.24122138675580887,-0.9659258262890683,MEN HYI
556,425,M,+,68.75,-75.0,68.75,-70.0,0.09380586697741852,0.24122138675580887,-0.9659258262890683,0.1239611098004659,0.31876546503275394,-0.9396926207859083,MEN HYI
425,426,P,+,68.75,-70.0,98.75,-70.0,0.1239611098004659,0.31876546503275394,-0.9396926207859083,-0.05202926234786138,0.33803954546775805,-0.9396926207859083,MEN DOR
622,343,P,+,98.75,-75.0,115.0,-75.0,-0.03937242955143623,0.25580678235535087,-0.9659258262890683,-0.10938165494661498,0.2345697160098045,-0.9659258262890683,MEN VOL
254,255,P,+,305.0,-28.0,320.0,-28.0,0.5064379337967576,-0.7232683256904344,-0.4694715627858908,0.6763770970748586,-0.5675477726922736,-0.4694715627858908,MIC CAP
568,254,M,+,305.0,-45.5,305.0,-28.0,0.4020250380225419,-0.5741512567123161,-0.7132504491541816,0.5064379337967576,-0.7232683256904344,-0.4694715627858908,MIC SGR
623,624,M,+,93.625,0.0,93.625,10.0,-0.06322598484913067,0.9979992358914197,0.0,-0.062265440071256284,0.9828373850061296,0.17364817766693033,MON ORI
624,625,P,+,93.625,10.0,94.625,10.0,-0.062265440071256284,0.9828373850061296,0.17364817766693033,-0.07940883424802787,0.9816010123447935,0.17364817766693033,MON ORI
625,500,M,+,94.625,10.0,94.625,12.0,-0.07940883424802787,0.9816010123447935,0.17364817766693033,-0.07887180057142996,0.9749625469195836,0.20791169081775934,MON ORI
500,509,P,+,94.625,12.0,104.0,12.0,-0.07887180057142996,0.9749625469195836,0.20791169081775934,-0.23663532174578927,0.9490924366591315,0.20791169081775934,MON GEM
508,249,P,+,104.0,10.0,105.0,10.0,-0.2382465584099628,0.9555547539512126,0.17364817766693033,-0.2548870022441789,0.9512512425641977,0.17364817766693033,MON GEM
248,247,P,+,105.0,5.5,105.25,5.5,-0.25762749356007264,0.9614788953928146,0.09584575252022398,-0.2618202709233703,0.9603456343720447,0.09584575252022398,MON CMI
246,245,P,+,105.25,1.5,108.0,1.5,-0.26294108023013124,0.9644567153090379,0.026176948307873153,-0.3089111019688467,0.9507306129801858,0.026176948307873153,MON CMI
244,243,P,+,108.0,0.0,121.25000000000001,0.0,-0.30901699437494734,0.9510565162951536,0.0,-0.5187732581605216,0.8549118706729465,0.0,MON CMI
597,626,M,+,87.5,-11.0,87.5,-4.0,0.0428179763631474,0.9806928918797968,-0.1908089953765448,0.043513132730016786,0.9966145903260724,-0.0697564737441253,MON ORI
626,627,P,+,87.5,-4.0,93.625,-4.0,0.043513132730016786,0.9966145903260724,-0.0697564737441253,-0.06307196952776507,0.9955681599120544,-0.0697564737441253,MON ORI
627,623,M,+,93.625,-4.0,93.625,0.0,-0.06307196952776507,0.9955681599120544,-0.0697564737441253,-0.06322598484913067,0.9979992358914197,0.0,MON ORI
277,293,P,+,168.75,-64.0,177.5,-64.0,-0.42994796812421104,0.08552196818966051,-0.898794046299167,-0.4379539145924274,0.01912148086157937,-0.898794046299167,MUS CEN
293,296,P,+,177.5,-64.0,192.5,-64.0,-0.4379539145924274,0.01912148086157937,-0.898794046299167,-0.4279800002467625,-0.09488088177263138,-0.898794046299167,MUS CRU
296,297,P,+,192.5,-64.0,202.5,-64.0,-0.4279800002467625,-0.09488088177263138,-0.898794046299167,-0.4050021301619296,-0.1677573751030647,-0.898794046299167,MUS CEN
344,345,P,+,202.5,-65.0,205.0,-65.0,-0.39044836208773004,-0.16172900698309872,-0.9063077870366499,-0.38302222155948906,-0.17860619515673026,-0.9063077870366499,MUS CIR
276,277,M,+,168.75,-75.0,168.75,-64.0,-0.25384590972457216,0.05049309085295757,-0.9659258262890683,-0.42994796812421104,0.08552196818966051,-0.898794046299167,MUS CAR
352,353,M,+,230.0,-60.0,230.0,-55.0,-0.3213938048432698,-0.38302222155948906,-0.8660254037844386,-0.36868782649461246,-0.4393850417707049,-0.8191520442889918,NOR CIR
354,608,M,+,225.75,-55.0,225.75,-54.0,-0.4002361652757486,-0.4108539160608417,-0.8191520442889918,-0.41015094148532283,-0.4210317185334492,-0.8090169943749475,NOR LUP
608,609,P,+,225.75,-54.0,230.0,-54.0,-0.41015094148532283,-0.4210317185334492,-0.8090169943749475,-0.37782107733007836,-0.45026962626593553,-0.8090169943749475,NOR LUP
609,610,M,+,230.0,-54.0,230.0,-48.0,-0.37782107733007836,-0.45026962626593553,-0.8090169943749475,-0.43010886302951523,-0.5125837827220355,-0.7431448254773942,NOR LUP
610,611,P,+,230.0,-48.0,235.0,-48.0,-0.43010886302951523,-0.5125837827220355,-0.7431448254773942,-0.3837975486487287,-0.5481197040951913,-0.7431448254773942,NOR LUP
611,612,M,+,235.0,-48.0,235.0,-42.0,-0.3837975486487287,-0.5481197040951913,-0.7431448254773942,-0.42625036069004407,-0.6087486029925934,-0.6691306063588582,NOR LUP
612,613,P,+,235.0,-42.0,240.0,-42.0,-0.42625036069004407,-0.6087486029925934,-0.6691306063588582,-0.37157241273869746,-0.6435822975543765,-0.6691306063588582,NOR LUP
613,628,P,+,240.0,-42.0,246.3125,-42.0,-0.37157241273869746,-0.6435822975543765,-0.6691306063588582,-0.2985569477198856,-0.6805350693403038,-0.6691306063588582,NOR SCO
559,558,P,+,0.0,-82.5,52.5,-82.5,0.1305261922200517,0.0,-0.9914448613738104,0.07945931129894564,0.10355339059327386,-0.9914448613738104,OCT HYI
621,620,P,+,52.5,-85.0,115.0,-85.0,0.05305705450138081,0.06914529963441818,-0.9961946980917455,-0.036833608500734846,0.0789899283371656,-0.9961946980917455,OCT MEN
620,342,M,+,115.0,-85.0,115.0,-82.5,-0.036833608500734846,0.0789899283371656,-0.9961946980917455,-0.05516275246767065,0.11829690442127548,-0.9914448613738104,OCT MEN
342,051,P,+,115.0,-82.5,205.0,-82.5,-0.05516275246767065,0.11829690442127548,-0.9914448613738104,-0.11829690442127548,-0.05516275246767064,-0.9914448613738104,OCT CHA
051,052,P,+,205.0,-82.5,270.0,-82.5,-0.11829690442127548,-0.05516275246767064,-0.9914448613738104,-2.3977272526076772e-17,-0.1305261922200517,-0.9914448613738104,OCT APS
052,053,M,+,270.0,-82.5,270.0,-75.0,-2.3977272526076772e-17,-0.1305261922200517,-0.9914448613738104,-4.7544287271476465e-17,-0.25881904510252074,-0.9659258262890683,OCT APS
053,564,P,+,270.0,-75.0,320.0,-75.0,-4.7544287271476465e-17,-0.25881904510252074,-0.9659258262890683,0.1982668912741461,-0.166365675342802,-0.9659258262890683,OCT PAV
564,565,P,+,320.0,-75.0,350.0,-75.0,0.1982668912741461,-0.166365675342802,-0.9659258262890683,0.25488700224417876,-0.04494345552754779,-0.9659258262890683,OCT IND
565,560,P,+,350.0,-75.0,0.0,-75.0,0.25488700224417876,-0.04494345552754779,-0.9659258262890683,0.25881904510252074,0.0,-0.9659258262890683,OCT TUC
629,519,M,+,244.0,0.0,244.0,4.0,-0.43837114678907774,-0.8987940462991668,0.0,-0.4373032967079563,-0.8966046291756128,0.0697564737441253,OPH SER1
519,537,P,+,244.0,4.0,251.25,4.0,-0.4373032967079563,-0.8966046291756128,0.0697564737441253,-0.32065645492117434,-0.9446234552921974,0.0697564737441253,OPH HER
537,536,M,+,251.25,4.0,251.25,12.833333333333334,-0.32065645492117434,-0.9446234552921974,0.0697564737441253,-0.31341000311874706,-0.9232760966622271,0.22211577899210333,OPH HER
536,535,P,+,251.25,12.833333333333334,258.75,12.833333333333334,-0.31341000311874706,-0.9232760966622271,0.22211577899210333,-0.19021702383011904,-0.956285555975799,0.22211577899210333,OPH HER
535,534,M,+,258.75,12.833333333333334,258.75,14.333333333333334,-0.19021702383011904,-0.956285555975799,0.22211577899210333,-0.18901752495964946,-0.950255267933527,0.24756272139138608,OPH HER
534,533,P,+,258.75,14.333333333333334,273.75,14.333333333333334,-0.18901752495964946,-0.950255267933527,0.24756272139138608,0.06336725207043205,-0.9667974401819304,0.24756272139138608,OPH HER
532,089,P,+,273.75,12.0,279.9333333333333,12.0,0.06397391393694767,-0.9760533116366588,0.20791169081775934,0.16873259791509657,-0.9634843222503016,0.20791169081775934,OPH HER
631,632,P,+,273.75,4.5,276.375,4.5,0.06520151320991763,-0.9947828571968386,0.07845909572784494,0.11069302375416525,-0.9907528575733348,0.07845909572784494,OPH SER2
637,638,P,+,267.5,-4.0,269.5,-4.0,-0.04351313273001691,-0.9966145903260724,-0.0697564737441253,-0.008705278096493678,-0.9975260660774975,-0.0697564737441253,OPH SER2
642,643,M,+,263.75,-11.666666666666666,263.75,-10.0,-0.10661775290719595,-0.9735197523446337,-0.20221757233203794,-0.10721294240042498,-0.9789543888122659,-0.17364817766693033,OPH SER2
645,646,P,+,257.5,-16.0,264.0,-16.0,-0.20805511036237573,-0.9384759555419162,-0.27563735581699916,-0.10047920787449074,-0.9559958037894978,-0.27563735581699916,OPH SER2
648,649,M,+,251.25,-30.0,251.25,-24.583333333333332,-0.27837474273142476,-0.8200655477516496,-0.49999999999999994,-0.29230327984296606,-0.8610976949345408,-0.416016288589119,OPH SCO
650,651,M,+,244.0,-24.583333333333332,244.0,-19.25,-0.3986359418378156,-0.8173248029416534,-0.416016288589119,-0.4138613865405618,-0.8485415907054471,-0.3296906452627873,OPH SCO
651,652,P,+,244.0,-19.25,245.625,-19.25,-0.4138613865405618,-0.8485415907054471,-0.3296906452627873,-0.38963217547724655,-0.8599365361810575,-0.3296906452627873,OPH SCO
652,653,M,+,245.625,-19.25,245.625,-18.25,-0.38963217547724655,-0.8599365361810575,-0.3296906452627873,-0.3919475055826056,-0.8650465786165402,-0.31316380648374953,OPH SCO
654,655,M,+,244.0,-18.25,244.0,-8.0,-0.4163206950577019,-0.8535839204057681,-0.31316380648374953,-0.43410494892284746,-0.8900470444250975,-0.13917310096006544,OPH SCO
605,606,M,+,238.75,-8.0,238.75,-3.25,-0.5137245924733916,-0.846591927115542,-0.13917310096006544,-0.5179388998553618,-0.8535368907404712,-0.05669278756337751,OPH LIB
606,656,P,+,238.75,-3.25,244.0,-3.25,-0.5179388998553618,-0.8535368907404712,-0.05669278756337751,-0.43766610156688807,-0.8973484893716243,-0.05669278756337751,OPH SER1
656,629,M,+,244.0,-3.25,244.0,0.0,-0.43766610156688807,-0.8973484893716243,-0.05669278756337751,-0.43837114678907774,-0.8987940462991668,0.0,OPH SER1
464,657,M,+,69.25,0.0,69.25,15.5,0.3542910379977158,0.9351352096860117,0.0,0.3414056335134923,0.9011247659210722,0.26723837607825685,ORI TAU
657,658,P,+,69.25,15.5,74.5,15.5,0.3414056335134923,0.9011247659210722,0.26723837607825685,0.2575190374550272,0.9285836503510561,0.26723837607825685,ORI TAU
658,659,M,+,74.5,15.5,74.5,16.0,0.2575190374550272,0.9285836503510561,0.26723837607825685,0.25688601460878757,0.9263010437091318,0.27563735581699916,ORI TAU
659,660,P,+,74.5,16.0,80.0,16.0,0.25688601460878757,0.9263010437091318,0.27563735581699916,0.16692134176071205,0.9466579708337202,0.27563735581699916,ORI TAU
661,662,P,+,80.0,15.5,84.0,15.5,0.16733267214403563,0.9489907413585196,0.26723837607825685,0.1007268104318098,0.9583515847596279,0.26723837607825685,ORI TAU
663,664,P,+,84.0,12.5,86.5,12.5,0.10205072131859269,0.9709477554413933,0.21643961393810288,0.059601445388384196,0.9744750182667282,0.21643961393810288,ORI TAU
664,665,M,+,86.5,12.5,86.5,18.0,0.059601445388384196,0.9744750182667282,0.21643961393810288,0.058060611334927965,0.949282604180066,0.3090169943749474,ORI TAU
666,667,M,+,85.5,18.0,85.5,22.833333333333332,0.07461903425459222,0.9481247264544816,0.3090169943749474,0.07231084861769904,0.918796447183019,0.38805183908345287,ORI TAU
667,505,P,+,85.5,22.833333333333332,88.25,22.833333333333332,0.07231084861769904,0.918796447183019,0.38805183908345287,0.028145440439245013,0.9212076879653311,0.38805183908345287,ORI TAU
504,503,P,+,88.25,21.5,93.25,21.5,0.02841356919047007,0.9299836127026344,0.3665012267242973,-0.05274796552683923,0.9289211500134792,0.3665012267242973,ORI GEM
502,501,P,+,93.25,17.5,94.625,17.5,-0.05406887248436137,0.9521830596963831,0.3007057995042731,-0.07690186336354086,0.9506114482561796,0.3007057995042731,ORI GEM
468,467,M,+,76.25,-11.0,76.25,-4.0,0.23331893302938603,0.953495780155016,-0.1908089953765448,0.2371069014385177,0.968975929350678,-0.0697564737441253,ORI ERI
466,465,M,+,70.0,-4.0,70.0,0.0,0.3411869994463998,0.9374035767904597,-0.0697564737441253,0.3420201433256688,0.9396926207859083,0.0,ORI ERI
053,054,M,+,270.0,-75.0,270.0,-67.5,-4.7544287271476465e-17,-0.25881904510252074,-0.9659258262890683,-7.029780607989448e-17,-0.38268343236508984,-0.9238795325112867,PAV APS
055,110,M,+,262.5,-67.5,262.5,-57.0,-0.049950211252314844,-0.3794095225512604,-0.9238795325112867,-0.07108965937491485,-0.5399795725692393,-0.838670567945424,PAV ARA
110,109,P,+,262.5,-57.0,270.0,-57.0,-0.07108965937491485,-0.5399795725692393,-0.838670567945424,-1.0004856763827841e-16,-0.5446390350150271,-0.838670567945424,PAV ARA
109,569,P,+,270.0,-57.0,305.0,-57.0,-1.0004856763827841e-16,-0.5446390350150271,-0.838670567945424,0.31239211680159185,-0.4461421789321432,-0.838670567945424,PAV TEL
570,571,P,+,305.0,-60.0,320.0,-60.0,0.2867882181755231,-0.409576022144496,-0.8660254037844386,0.383022221559489,-0.32139380484326985,-0.8660254037844386,PAV IND
064,462,M,+,320.0,2.0,320.0,12.5,0.7655777895420579,-0.6423960408422585,0.03489949670250097,0.7478861310934709,-0.6275509767631348,0.21643961393810288,PEG EQU
414,413,M,+,315.75,11.833333333333334,315.75,19.5,0.7010792751259316,-0.6829611929247179,0.20506549916488748,0.6752159320220412,-0.6577662395350583,0.3338068592337709,PEG DEL
413,668,P,+,315.75,19.5,318.75,19.5,0.6752159320220412,-0.6577662395350583,0.3338068592337709,0.7087153971844397,-0.6215267222913166,0.3338068592337709,PEG VUL
668,669,M,+,318.75,19.5,318.75,23.5,0.7087153971844397,-0.6215267222913166,0.3338068592337709,0.6894822697723685,-0.6046597222411892,0.3987490689252462,PEG VUL
669,670,P,+,318.75,23.5,321.25,23.5,0.6894822697723685,-0.6046597222411892,0.3987490689252462,0.7152009220769622,-0.5740094259605082,0.3987490689252462,PEG VUL
670,404,M,+,321.25,23.5,321.25,28.0,0.7152009220769622,-0.5740094259605082,0.3987490689252462,0.6885971270548885,-0.5526576230788164,0.4694715627858908,PEG VUL
404,403,P,+,321.25,28.0,326.0,28.0,0.6885971270548885,-0.5526576230788164,0.4694715627858908,0.7319967290770822,-0.49373802806329,0.4694715627858908,PEG CYG
403,402,M,+,326.0,28.0,326.0,36.0,0.7319967290770822,-0.49373802806329,0.4694715627858908,0.6707054851723824,-0.45239656204170353,0.5877852522924731,PEG CYG
402,401,P,+,326.0,36.0,328.125,36.0,0.6707054851723824,-0.45239656204170353,0.5877852522924731,0.6870189965152814,-0.42721586535919925,0.5877852522924731,PEG CYG
401,575,P,+,328.125,36.0,330.0,36.0,0.6870189965152814,-0.42721586535919925,0.5877852522924731,0.7006292692220366,-0.40450849718747406,0.5877852522924731,PEG LAC
574,573,P,+,330.0,35.0,342.25,35.0,0.7094064799162223,-0.4095760221444963,0.573576436351046,0.7801569662500404,-0.24973021377952592,0.573576436351046,PEG LAC
572,001,P,+,342.25,34.5,343.0,34.5,0.7848943204196318,-0.2512466528048774,0.5664062369248328,0.7881157936929232,-0.24095117867407076,0.5664062369248328,PEG LAC
001,037,P,+,343.0,34.5,352.5,34.5,0.7881157936929232,-0.24095117867407076,0.5664062369248328,0.817075674832881,-0.10757005330965579,0.5664062369248328,PEG AND
036,035,P,+,352.5,32.083333333333336,356.25,32.083333333333336,0.8400278955241215,-0.1105917704888347,0.5311521392609281,0.8454623791751615,-0.05541453201114982,0.5311521392609281,PEG AND
034,033,P,+,356.25,31.333333333333332,0.0,31.333333333333332,0.8523276270728604,-0.055864504131450034,0.5200161279292155,0.8541564415805256,0.0,0.5200161279292155,PEG AND
032,031,P,+,0.0,28.0,1.0,28.0,0.882947592858927,0.0,0.4694715627858908,0.8828131156638819,0.015409560253395118,0.4694715627858908,PEG AND
030,029,P,+,1.0,22.0,2.125,22.0,0.9270426399748211,0.01618158947198674,0.374606593415912,0.926546239331217,0.0343797404077553,0.374606593415912,PEG AND
068,067,M,+,325.0,1.75,325.0,2.75,0.8187699842694098,-0.5733089150452868,0.03053851320982266,0.818208697723908,-0.5729158979750308,0.04797812852134394,PEG AQR
125,677,M,+,40.75,30.666666666666668,40.75,34.0,0.6516188757933059,0.5614707448612003,0.5100425897656753,0.6280498357064505,0.5411623606433253,0.5591929034707469,PER TRI
678,679,M,+,38.5,34.0,38.5,36.75,0.6488115666187005,0.516088023238036,0.5591929034707469,0.6270677695211203,0.49879222606188295,0.598324600570659,PER TRI
019,018,M,+,37.75,36.75,37.75,50.5,0.6335430356173241,0.4905414298229533,0.598324600570659,0.5029404168591677,0.38941807790760596,0.77162458338772,PER AND
015,014,M,+,24.999999999999996,47.0,24.999999999999996,50.0,0.6181004244708673,0.28822496143962073,0.7313537016191705,0.5825634160695854,0.2716537822741844,0.766044443118978,PER AND
013,292,M,+,20.5,50.0,20.5,54.0,0.6020812775868353,0.22510896549435563,0.766044443118978,0.5505620990727125,0.2058467339482824,0.8090169943749475,PER CAS
292,291,P,+,20.5,54.0,25.5,54.0,0.5505620990727125,0.2058467339482824,0.8090169943749475,0.5305263190770564,0.2530480736521731,0.8090169943749475,PER CAS
291,290,M,+,25.5,54.0,25.5,57.5,0.5305263190770564,0.2530480736521731,0.8090169943749475,0.4849587197807868,0.23131344370405857,0.8433914458128856,PER CAS
290,289,P,+,25.5,57.5,28.625,57.5,0.4849587197807868,0.23131344370405857,0.8433914458128856,0.47162763884542946,0.25740675866560986,0.8433914458128856,PER CAS
289,288,M,+,28.625,57.5,28.625,58.5,0.47162763884542946,0.25740675866560986,0.8433914458128856,0.45863566723101534,0.2503159500986463,0.8526401643540922,PER CAS
288,287,P,+,28.625,58.5,36.5,58.5,0.45863566723101534,0.2503159500986463,0.8526401643540922,0.42001405590956464,0.31079405233791674,0.8526401643540922,PER CAS
286,189,P,+,36.5,57.0,46.5,57.0,0.43781182485677034,0.3239637085811997,0.838670567945424,0.37490477185402454,0.3950671974527646,0.838670567945424,PER CAS
189,188,P,+,46.5,57.0,47.5,57.0,0.37490477185402454,0.3950671974527646,0.838670567945424,0.36795279874139497,0.4015500172587151,0.838670567945424,PER CAM
187,186,P,+,47.5,55.0,50.0,55.0,0.3875026237178537,0.4228849074499409,0.8191520442889918,0.3686878264946124,0.43938504177070503,0.8191520442889918,PER CAM
185,133,P,+,50.0,52.5,70.37500000000001,52.5,0.3913043038218775,0.4663383098772987,0.7933533402912352,0.204460188967841,0.5733990831663183,0.7933533402912352,PER CAM
516,499,P,+,350.0,-40.0,24.999999999999996,-40.0,0.7544065067354889,-0.13302222155948903,-0.6427876096865393,0.6942720440148838,0.32374437096706454,-0.6427876096865393,PHE SCL
499,491,P,+,24.999999999999996,-40.0,35.0,-40.0,0.6942720440148838,0.32374437096706454,-0.6427876096865393,0.6275068715971331,0.43938504177070503,-0.6427876096865393,PHE FOR
680,515,M,+,350.0,-58.5,350.0,-57.0,0.5145606374700175,-0.09073092359651122,-0.8526401643540922,0.5363647442758861,-0.09457557591663494,-0.838670567945424,PHE TUC
515,516,M,+,350.0,-57.0,350.0,-40.0,0.5363647442758861,-0.09457557591663494,-0.838670567945424,0.7544065067354889,-0.13302222155948903,-0.6427876096865393,PHE GRU
267,268,P,+,90.0,-52.5,92.5,-52.5,3.727588677399492e-17,0.6087614290087207,-0.7933533402912352,-0.02655380058500681,0.6081820230187928,-0.7933533402912352,PIC CAR
269,270,P,+,92.5,-55.0,97.5,-55.0,-0.0250190527608252,0.5730305186777722,-0.8191520442889918,-0.07486674818404883,0.568669410425347,-0.8191520442889918,PIC CAR
271,272,P,+,97.5,-58.0,102.5,-58.0,-0.06916834374441162,0.5253857314670014,-0.8480480961564261,-0.11469552096899835,0.5173580617668109,-0.8480480961564261,PIC CAR
428,429,M,+,90.0,-64.0,90.0,-61.0,2.6842491087689912e-17,0.43837114678907746,-0.898794046299167,2.968602748152603e-17,0.4848096202463371,-0.8746197071393957,PIC DOR
430,431,M,+,82.5,-61.0,82.5,-57.5,0.06328035368240367,0.48066200673781934,-0.8746197071393957,0.07013167195883603,0.5327029357136194,-0.8433914458128856,PIC DOR
432,433,M,+,75.0,-57.5,75.0,-54.0,0.13906337156628334,0.5189915681571986,-0.8433914458128856,0.15213001772368215,0.5677569555011356,-0.8090169943749475,PIC DOR
434,173,M,+,67.5,-54.0,67.5,-49.0,0.2249356778408639,0.5430427641049989,-0.8090169943749475,0.25106292104819533,0.6061195090035586,-0.754709580222772,PIC DOR
173,174,M,+,67.5,-49.0,67.5,-46.5,0.25106292104819533,0.6061195090035586,-0.754709580222772,0.2634218917107008,0.6359567035939505,-0.7253743710122876,PIC CAE
174,175,P,+,67.5,-46.5,72.5,-46.5,0.2634218917107008,0.6359567035939505,-0.7253743710122876,0.2069922130264149,0.6564954269642366,-0.7253743710122876,PIC CAE
175,176,M,+,72.5,-46.5,72.5,-43.0,0.2069922130264149,0.6564954269642366,-0.7253743710122876,0.21992229956580223,0.6975044222266639,-0.6819983600624985,PIC CAE
176,177,P,+,72.5,-43.0,75.0,-43.0,0.21992229956580223,0.6975044222266639,-0.6819983600624985,0.18928826668526758,0.706433428546066,-0.6819983600624985,PIC CAE
177,356,P,+,75.0,-43.0,90.0,-43.0,0.18928826668526758,0.706433428546066,-0.6819983600624985,4.4782498486624277e-17,0.7313537016191705,-0.6819983600624985,PIC COL
072,071,M,+,341.25,0.0,341.25,2.0,0.9469301294951056,-0.32143946530316186,0.0,0.946353285245413,-0.32124365306590286,0.03489949670250097,PSC AQR
071,676,M,+,341.25,2.0,341.25,7.5,0.946353285245413,-0.32124365306590286,0.03489949670250097,0.9388290109679592,-0.318689506117565,0.13052619222005157,PSC PEG
676,675,P,+,341.25,7.5,357.5,7.5,0.9388290109679592,-0.318689506117565,0.13052619222005157,0.9905012255519768,-0.04324621745963628,0.13052619222005157,PSC PEG
675,674,M,+,357.5,7.5,357.5,10.0,0.9905012255519768,-0.04324621745963628,0.13052619222005157,0.9838704342468719,-0.04295671085902583,0.17364817766693033,PSC PEG
674,673,P,+,357.5,10.0,0.0,10.0,0.9838704342468719,-0.04295671085902583,0.17364817766693033,0.984807753012208,0.0,0.17364817766693033,PSC PEG
673,672,M,+,0.0,10.0,0.0,12.5,0.984807753012208,0.0,0.17364817766693033,0.9762960071199334,0.0,0.21643961393810288,PSC PEG
672,671,P,+,0.0,12.5,2.125,12.5,0.9762960071199334,0.0,0.21643961393810288,0.975624617939136,0.03620080647499409,0.21643961393810288,PSC PEG
671,028,M,+,2.125,12.5,2.125,21.0,0.975624617939136,0.03620080647499409,0.21643961393810288,0.9329384124019034,0.03461692366044463,0.35836794954530027,PSC PEG
028,027,P,+,2.125,21.0,12.75,21.0,0.9329384124019034,0.03461692366044463,0.35836794954530027,0.9105604995611077,0.20603880551421147,0.35836794954530027,PSC AND
027,026,M,+,12.75,21.0,12.75,23.75,0.9105604995611077,0.20603880551421147,0.35836794954530027,0.8927420220324406,0.20200689568739824,0.40274668985873724,PSC AND
025,024,M,+,10.75,23.75,10.75,33.0,0.8992481267036253,0.1707275912904839,0.40274668985873724,0.8239522330386609,0.1564322192149182,0.5446390350150271,PSC AND
024,023,P,+,10.75,33.0,21.125,33.0,0.8239522330386609,0.1564322192149182,0.5446390350150271,0.782308859543416,0.3022601029209443,0.5446390350150271,PSC AND
681,682,P,+,21.125,28.0,24.999999999999996,28.0,0.8236103075588327,0.3182177132376801,0.4694715627858908,0.8002222789533111,0.3731497769021745,0.4694715627858908,PSC TRI
119,118,P,+,24.999999999999996,9.916666666666666,30.0,9.916666666666666,0.8927668892048827,0.4163040373834519,0.17221564968862135,0.8530863540707615,0.49252963616475043,0.17221564968862135,PSC ARI
075,074,M,+,357.5,-7.0,357.5,-4.0,0.9916014676351796,-0.04329425506641654,-0.12186934340514748,0.9966145903260724,-0.04351313273001697,-0.0697564737441253,PSC AQR
073,072,M,+,341.25,-4.0,341.25,0.0,0.9446234552921974,-0.3206564549211744,-0.0697564737441253,0.9469301294951056,-0.32143946530316186,0.0,PSC AQR
510,255,M,+,320.0,-37.0,320.0,-28.0,0.6117902945492192,-0.5133530105140898,-0.6018150231520483,0.6763770970748586,-0.5675477726922736,-0.4694715627858908,PSA MIC
255,256,M,+,320.0,-28.0,320.0,-25.5,0.6763770970748586,-0.5675477726922736,-0.4694715627858908,0.6914204415171732,-0.5801706374654926,-0.43051109680829514,PSA CAP
256,078,P,+,320.0,-25.5,328.0,-25.5,0.6914204415171732,-0.5801706374654926,-0.43051109680829514,0.7654357320117056,-0.4782973297903963,-0.43051109680829514,PSA CAP
078,077,P,+,328.0,-25.5,345.0,-25.5,0.7654357320117056,-0.4782973297903963,-0.43051109680829514,0.8718304365819928,-0.23360626141901802,-0.43051109680829514,PSA AQR
238,555,P,+,110.5,-11.0,121.25000000000001,-11.0,-0.34377308528831313,0.9194628829456619,-0.1908089953765448,-0.5092419322560806,0.839204731704658,-0.1908089953765448,PUP MON
555,554,P,+,121.25000000000001,-11.0,125.5,-11.0,-0.5092419322560806,0.839204731704658,-0.1908089953765448,-0.5700338068342634,0.7991579232851487,-0.1908089953765448,PUP HYA
266,356,M,+,90.0,-50.75,90.0,-43.0,3.8742027771377994e-17,0.6327053285625162,-0.7743926440821856,4.4782498486624277e-17,0.7313537016191705,-0.6819983600624985,PUP PIC
356,355,P,+,90.0,-43.0,98.75,-43.0,4.4782498486624277e-17,0.7313537016191705,-0.6819983600624985,-0.11125600159283817,0.7228418492185112,-0.6819983600624985,PUP COL
355,240,M,+,98.75,-43.0,98.75,-33.0,-0.11125600159283817,0.7228418492185112,-0.6819983600624985,-0.1275814066936785,0.828909709319394,-0.5446390350150271,PUP COL
240,239,P,+,98.75,-33.0,110.5,-33.0,-0.1275814066936785,0.828909709319394,-0.5446390350150271,-0.2937086233395571,0.7855593969356374,-0.5446390350150271,PUP CMA
239,238,M,+,110.5,-33.0,110.5,-11.0,-0.2937086233395571,0.7855593969356374,-0.5446390350150271,-0.34377308528831313,0.9194628829456619,-0.1908089953765448,PUP CMA
553,552,P,+,125.5,-17.0,128.75,-17.0,-0.5553289983481636,0.77854254210746,-0.29237170472273677,-0.5985735933185125,0.7458072402834963,-0.29237170472273677,PYX HYA
551,550,P,+,128.75,-19.0,136.25,-19.0,-0.5918222698536502,0.737395265585991,-0.3255681544571567,-0.683008544471019,0.6538384395115823,-0.3255681544571567,PYX HYA
549,038,P,+,136.25,-24.0,140.5,-24.0,-0.6599123163044017,0.6317286110104466,-0.4067366430758002,-0.7049141331592159,0.5810863688401409,-0.4067366430758002,PYX HYA
685,553,M,+,125.5,-36.75,125.5,-17.0,-0.46529045730435864,0.6523131630539599,-0.598324600570659,-0.5553289983481636,0.77854254210746,-0.29237170472273677,PYX PUP
541,540,M,+,48.0,-67.5,48.0,-57.5,0.2560651971419417,0.2843892125580449,-0.9238795325112867,0.3595236127294873,0.3992914236739727,-0.8433914458128856,RET HOR
540,539,P,+,48.0,-57.5,52.5,-57.5,0.3595236127294873,0.3992914236739727,-0.8433914458128856,0.32708727738303844,0.42626843901912514,-0.8433914458128856,RET HOR
539,538,M,+,52.5,-57.5,52.5,-53.166666666666664,0.32708727738303844,0.42626843901912514,-0.8433914458128856,0.36494598957288077,0.4756068733280203,-0.8003827376560636,RET HOR
538,418,P,+,52.5,-53.166666666666664,57.5,-53.166666666666664,0.36494598957288077,0.4756068733280203,-0.8003827376560636,0.3221053896015543,0.5056041843693697,-0.8003827376560636,RET HOR
418,419,P,+,57.5,-53.166666666666664,60.0,-53.166666666666664,0.3221053896015543,0.5056041843693697,-0.8003827376560636,0.29974467187182197,0.5191730009800573,-0.8003827376560636,RET DOR
420,421,P,+,60.0,-56.5,65.0,-56.5,0.27596849265602913,0.4779914505684409,-0.8338858220671682,0.23325864932298399,0.5002247877418514,-0.8338858220671682,RET DOR
422,423,P,+,65.0,-59.0,68.75,-59.0,0.21766449594876322,0.4667830179113475,-0.8571673007021123,0.18666938951181422,0.4800195387964339,-0.8571673007021123,RET DOR
091,531,M,+,283.0,18.5,283.0,21.083333333333332,0.21332640609786235,-0.9240181813606355,0.31730465640509214,0.20989242904383212,-0.9091439925982582,0.3597254077106289,SGE HER
531,686,P,+,283.0,21.083333333333332,288.75,21.083333333333332,0.20989242904383212,-0.9091439925982582,0.3597254077106289,0.29992173346250955,-0.883540935579255,0.3597254077106289,SGE VUL
687,688,P,+,288.75,19.166666666666668,297.5,19.166666666666668,0.3036212841220229,-0.894439460381686,0.3283171752135611,0.43615275044014784,-0.8378416382248389,0.3283171752135611,SGE VUL
688,689,M,+,297.5,19.166666666666668,297.5,21.25,0.43615275044014784,-0.8378416382248389,0.3283171752135611,0.43035334116547114,-0.8267010766611942,0.36243803828370164,SGE VUL
689,690,P,+,297.5,21.25,303.75,21.25,0.43035334116547114,-0.8267010766611942,0.36243803828370164,0.517795829113547,-0.7749362217354899,0.36243803828370164,SGE VUL
095,094,M,+,297.5,15.75,297.5,16.166666666666668,0.44441237073326845,-0.853708221183492,0.27144044986507426,0.44348914923904004,-0.8519347291938435,0.2784323826365118,SGE AQL
093,092,M,+,285.0,16.166666666666668,285.0,18.5,0.2485842617159127,-0.9277290946857869,0.2784323826365118,0.2454442228886002,-0.9160103102445177,0.31730465640509214,SGE AQL
102,101,P,+,283.0,-12.033333333333333,300.0,-12.033333333333333,0.22000808719721804,-0.952959721842155,-0.20848071880714492,0.48901323854412587,-0.846995774732225,-0.20848071880714492,SGR AQL
253,254,P,+,300.0,-28.0,305.0,-28.0,0.4414737964294636,-0.7646550456261504,-0.4694715627858908,0.5064379337967576,-0.7232683256904344,-0.4694715627858908,SGR CAP
364,363,M,+,287.5,-45.5,287.5,-37.0,0.21076748070123877,-0.6684690462992368,-0.7132504491541816,0.24015432956127442,-0.7616722234015589,-0.6018150231520483,SGR CRA
362,693,M,+,267.5,-37.0,267.5,-30.0,-0.034835991676465665,-0.7978753860048678,-0.6018150231520483,-0.03777549755589507,-0.8652011394955538,-0.49999999999999994,SGR SCO
647,646,M,+,264.0,-30.0,264.0,-16.0,-0.09052430460833637,-0.8612812260087743,-0.49999999999999994,-0.10047920787449074,-0.9559958037894978,-0.27563735581699916,SGR OPH
646,692,P,+,264.0,-16.0,273.75,-16.0,-0.10047920787449074,-0.9559958037894978,-0.27563735581699916,0.06286952292344054,-0.9592035608595247,-0.27563735581699916,SGR SER2
692,691,P,+,273.75,-16.0,283.0,-16.0,0.06286952292344054,-0.9592035608595247,-0.27563735581699916,0.21623683200169652,-0.9366246209469848,-0.27563735581699916,SGR SCT
691,102,M,+,283.0,-16.0,283.0,-12.033333333333333,0.21623683200169652,-0.9366246209469848,-0.27563735581699916,0.22000808719721804,-0.952959721842155,-0.20848071880714492,SGR SCT
605,655,P,+,238.75,-8.0,244.0,-8.0,-0.5137245924733916,-0.846591927115542,-0.13917310096006544,-0.43410494892284746,-0.8900470444250975,-0.13917310096006544,SCO OPH
654,653,P,+,244.0,-18.25,245.625,-18.25,-0.4163206950577019,-0.8535839204057681,-0.31316380648374953,-0.3919475055826056,-0.8650465786165402,-0.31316380648374953,SCO OPH
650,649,P,+,244.0,-24.583333333333332,251.25,-24.583333333333332,-0.3986359418378156,-0.8173248029416534,-0.416016288589119,-0.29230327984296606,-0.8610976949345408,-0.416016288589119,SCO OPH
648,647,P,+,251.25,-30.0,264.0,-30.0,-0.27837474273142476,-0.8200655477516496,-0.49999999999999994,-0.09052430460833637,-0.8612812260087743,-0.49999999999999994,SCO OPH
647,693,P,+,264.0,-30.0,267.5,-30.0,-0.09052430460833637,-0.8612812260087743,-0.49999999999999994,-0.03777549755589507,-0.8652011394955538,-0.49999999999999994,SCO SGR
106,628,M,+,246.3125,-45.5,246.3125,-42.0,-0.28158889546667454,-0.6418578430861591,-0.7132504491541816,-0.2985569477198856,-0.6805350693403038,-0.6691306063588582,SCO NOR
613,614,M,+,240.0,-42.0,240.0,-29.5,-0.37157241273869746,-0.6435822975543765,-0.6691306063588582,-0.43517784796995024,-0.7537501430124376,-0.49242356010346716,SCO LUP
602,603,M,+,235.0,-29.5,235.0,-20.0,-0.4992155184350426,-0.7129536475877368,-0.49242356010346716,-0.5389855446957565,-0.769751131320057,-0.3420201433256687,SCO LIB
603,604,P,+,235.0,-20.0,238.75,-20.0,-0.5389855446957565,-0.769751131320057,-0.3420201433256687,-0.48748740255450507,-0.8033543762936448,-0.3420201433256687,SCO LIB
604,605,M,+,238.75,-20.0,238.75,-8.0,-0.48748740255450507,-0.8033543762936448,-0.3420201433256687,-0.5137245924733916,-0.846591927115542,-0.13917310096006544,SCO LIB
077,076,P,+,345.0,-25.5,357.5,-25.5,0.8718304365819928,-0.23360626141901802,-0.43051109680829514,0.9017262231556837,-0.039370217148308684,-0.43051109680829514,SCL AQR
076,340,P,+,357.5,-25.5,24.999999999999996,-25.5,0.9017262231556837,-0.039370217148308684,-0.43051109680829514,0.8180200716709676,0.381449023944673,-0.43051109680829514,SCL CET
516,517,M,+,350.0,-40.0,350.0,-37.0,0.7544065067354889,-0.13302222155948903,-0.6427876096865393,0.7865024421254332,-0.13868160093981188,-0.6018150231520483,SCL GRU
518,077,M,+,345.0,-37.0,345.0,-25.5,0.7714226649462228,-0.2067020800954049,-0.6018150231520483,0.8718304365819928,-0.23360626141901802,-0.43051109680829514,SCL PSA
692,694,M,+,273.75,-16.0,273.75,-4.0,0.06286952292344054,-0.9592035608595247,-0.27563735581699916,0.06524381049448841,-0.9954281890538083,-0.0697564737441253,SCT SER2
694,104,P,+,273.75,-4.0,278.75,-4.0,0.06524381049448841,-0.9954281890538083,-0.0697564737441253,0.15175282126685277,-0.9859539115031369,-0.0697564737441253,SCT SER2
104,103,P,+,278.75,-4.0,283.0,-4.0,0.15175282126685277,-0.9859539115031369,-0.0697564737441253,0.22440308488148372,-0.9719965482790865,-0.0697564737441253,SCT AQL
598,151,M,+,226.25,0.0,226.25,8.0,-0.6915130557822695,-0.7223639620597555,0.0,-0.6847832982590899,-0.7153339656374231,0.13917310096006544,SER1 VIR
151,170,M,+,226.25,8.0,226.25,26.0,-0.6847832982590899,-0.7153339656374231,0.13917310096006544,-0.6215278174752477,-0.6492564283603857,0.4383711467890774,SER1 BOO
170,169,P,+,226.25,26.0,227.75,26.0,-0.6215278174752477,-0.6492564283603857,0.4383711467890774,-0.6043192834514581,-0.6653036459478824,0.4383711467890774,SER1 BOO
169,369,P,+,227.75,26.0,240.50000000000003,26.0,-0.6043192834514581,-0.6653036459478824,0.4383711467890774,-0.4425873640784357,-0.7822705176733502,0.4383711467890774,SER1 CRB
522,521,P,+,238.75,16.0,241.24999999999997,16.0,-0.4986768619468302,-0.8217940346808774,0.27563735581699916,-0.46235607973873555,-0.8427638480658987,0.27563735581699916,SER1 HER
520,519,P,+,241.24999999999997,4.0,244.0,4.0,-0.4798171044527118,-0.8745910933947364,0.0697564737441253,-0.4373032967079563,-0.8966046291756128,0.0697564737441253,SER1 HER
607,598,M,+,226.25,-3.25,226.25,0.0,-0.6904008749746772,-0.7212021628312646,-0.05669278756337751,-0.6915130557822695,-0.7223639620597555,0.0,SER1 LIB
635,634,M,+,273.75,0.0,273.75,3.0,0.06540312923014326,-0.9978589232386035,0.0,0.06531349651459123,-0.9964913922644666,0.052335956242943835,SER2 OPH
634,633,P,+,273.75,3.0,276.375,3.0,0.06531349651459123,-0.9964913922644666,0.052335956242943835,0.11088313852288845,-0.9924544711347975,0.052335956242943835,SER2 OPH
633,632,M,+,276.375,3.0,276.375,4.5,0.11088313852288845,-0.9924544711347975,0.052335956242943835,0.11069302375416525,-0.9907528575733348,0.07845909572784494,SER2 OPH
631,630,M,+,273.75,4.5,273.75,6.25,0.06520151320991763,-0.9947828571968386,0.07845909572784494,0.06501439515079736,-0.9919279872970329,0.10886687485196457,SER2 OPH
630,088,P,+,273.75,6.25,279.9333333333333,6.25,0.06501439515079736,-0.9919279872970329,0.10886687485196457,0.1714768898849102,-0.9791545740052309,0.10886687485196457,SER2 OPH
088,087,P,+,279.9333333333333,6.25,283.0,6.25,0.1714768898849102,-0.9791545740052309,0.10886687485196457,0.2236140213603124,-0.9685787386738554,0.10886687485196457,SER2 AQL
645,644,M,+,257.5,-16.0,257.5,-10.0,-0.20805511036237573,-0.9384759555419162,-0.27563735581699916,-0.21315140986521283,-0.9614638770465722,-0.17364817766693033,SER2 OPH
644,643,P,+,257.5,-10.0,263.75,-10.0,-0.21315140986521283,-0.9614638770465722,-0.17364817766693033,-0.10721294240042498,-0.9789543888122659,-0.17364817766693033,SER2 OPH
642,641,P,+,263.75,-11.666666666666666,265.0,-11.666666666666666,-0.10661775290719595,-0.9735197523446337,-0.20221757233203794,-0.08535515929293008,-0.975613935028716,-0.20221757233203794,SER2 OPH
641,640,M,+,265.0,-11.666666666666666,265.0,-10.0,-0.08535515929293008,-0.975613935028716,-0.20221757233203794,-0.08583165117743137,-0.9810602621904069,-0.17364817766693033,SER2 OPH
640,639,P,+,265.0,-10.0,269.5,-10.0,-0.08583165117743137,-0.9810602621904069,-0.17364817766693033,-0.00859395981573455,-0.984770254550593,-0.17364817766693033,SER2 OPH
639,638,M,+,269.5,-10.0,269.5,-4.0,-0.00859395981573455,-0.984770254550593,-0.17364817766693033,-0.008705278096493678,-0.9975260660774975,-0.0697564737441253,SER2 OPH
637,636,M,+,267.5,-4.0,267.5,0.0,-0.04351313273001691,-0.9966145903260724,-0.0697564737441253,-0.04361938736533613,-0.9990482215818578,0.0,SER2 OPH
636,635,P,+,267.5,0.0,273.75,0.0,-0.04361938736533613,-0.9990482215818578,0.0,0.06540312923014326,-0.9978589232386035,0.0,SER2 OPH
544,543,M,+,143.75,0.0,143.75,7.0,-0.8064446042674827,0.5913096483635822,0.0,-0.8004334884775988,0.5869021159116569,0.12186934340514748,SEX HYA
543,577,P,+,143.75,7.0,161.25,7.0,-0.8004334884775988,0.5869021159116569,0.12186934340514748,-0.9398718559035857,0.31904350427229744,0.12186934340514748,SEX LEO
545,544,M,+,143.75,-11.0,143.75,0.0,-0.791627945493655,0.5804456246685719,-0.1908089953765448,-0.8064446042674827,0.5913096483635822,0.0,SEX HYA
336,335,M,+,49.25,-1.75,49.25,0.0,0.6524552993327488,0.7572116491335474,-0.03053851320982266,0.6527597524627224,0.7575649843840496,0.0,TAU CET
335,129,M,+,49.25,0.0,49.25,9.916666666666666,0.6527597524627224,0.7575649843840496,0.0,0.6430070467669146,0.7462464122596617,0.17221564968862135,TAU CET
129,128,M,+,49.25,9.916666666666666,49.25,19.0,0.6430070467669146,0.7462464122596617,0.17221564968862135,0.617196471357116,0.7162917649587253,0.3255681544571567,TAU ARI
128,127,P,+,49.25,19.0,50.5,19.0,0.617196471357116,0.7162917649587253,0.3255681544571567,0.6014237728067798,0.7295853769821733,0.3255681544571567,TAU ARI
127,126,M,+,50.5,19.0,50.5,30.666666666666668,0.6014237728067798,0.7295853769821733,0.3255681544571567,0.5471221391667191,0.6637122278960637,0.5100425897656753,TAU ARI
126,130,P,+,50.5,30.666666666666668,67.5,30.666666666666668,0.5471221391667191,0.6637122278960637,0.5100425897656753,0.3291648282625057,0.7946741926475518,0.5100425897656753,TAU PER
150,149,P,+,67.5,30.0,71.25,30.0,0.33141357403559185,0.8001031451912656,0.49999999999999994,0.2783747427314247,0.8200655477516496,0.49999999999999994,TAU AUR
148,147,P,+,71.25,28.5,88.25,28.5,0.28248650279333054,0.8321784022955097,0.4771587602596084,0.02683776800404558,0.8784072243077663,0.4771587602596084,TAU AUR
666,665,P,+,85.5,18.0,86.5,18.0,0.07461903425459222,0.9481247264544816,0.3090169943749474,0.058060611334927965,0.949282604180066,0.3090169943749474,TAU ORI
663,662,M,+,84.0,12.5,84.0,15.5,0.10205072131859269,0.9709477554413933,0.21643961393810288,0.1007268104318098,0.9583515847596279,0.26723837607825685,TAU ORI
661,660,M,+,80.0,15.5,80.0,16.0,0.16733267214403563,0.9489907413585196,0.26723837607825685,0.16692134176071205,0.9466579708337202,0.27563735581699916,TAU ORI
109,108,M,+,270.0,-57.0,270.0,-45.5,-1.0004856763827841e-16,-0.5446390350150271,-0.838670567945424,-1.2875494305263078e-16,-0.7009092642998509,-0.7132504491541816,TEL ARA
108,364,P,+,270.0,-45.5,287.5,-45.5,-1.2875494305263078e-16,-0.7009092642998509,-0.7132504491541816,0.21076748070123877,-0.6684690462992368,-0.7132504491541816,TEL CRA
364,568,P,+,287.5,-45.5,305.0,-45.5,0.21076748070123877,-0.6684690462992368,-0.7132504491541816,0.4020250380225419,-0.5741512567123161,-0.7132504491541816,TEL SGR
120,682,M,+,24.999999999999996,25.0,24.999999999999996,28.0,0.8213938048432696,0.38302222155948895,0.42261826174069944,0.8002222789533111,0.3731497769021745,0.4694715627858908,TRI PSC
681,023,M,+,21.125,28.0,21.125,33.0,0.8236103075588327,0.3182177132376801,0.4694715627858908,0.782308859543416,0.3022601029209443,0.5446390350150271,TRI PSC
023,022,M,+,21.125,33.0,21.125,35.0,0.782308859543416,0.3022601029209443,0.5446390350150271,0.7641020515722695,0.295225551817391,0.573576436351046,TRI AND
022,021,P,+,21.125,35.0,30.0,35.0,0.7641020515722695,0.295225551817391,0.573576436351046,0.7094064799162225,0.40957602214449584,0.573576436351046,TRI AND
021,020,M,+,30.0,35.0,30.0,36.75,0.7094064799162225,0.40957602214449584,0.573576436351046,0.6939061566695969,0.4006269063455303,0.598324600570659,TRI AND
020,019,P,+,30.0,36.75,37.75,36.75,0.6939061566695969,0.4006269063455303,0.598324600570659,0.6335430356173241,0.4905414298229533,0.598324600570659,TRI AND
019,679,P,+,37.75,36.75,38.5,36.75,0.6335430356173241,0.4905414298229533,0.598324600570659,0.6270677695211203,0.49879222606188295,0.598324600570659,TRI PER
678,677,P,+,38.5,34.0,40.75,34.0,0.6488115666187005,0.516088023238036,0.5591929034707469,0.6280498357064505,0.5411623606433253,0.5591929034707469,TRI PER
058,346,M,+,221.25,-70.0,221.25,-67.5,-0.2571443587119031,-0.2255095501817055,-0.9396926207859083,-0.2877166381147634,-0.25232071963805225,-0.9238795325112867,TRA CIR
346,347,P,+,221.25,-67.5,223.75,-67.5,-0.2877166381147634,-0.25232071963805225,-0.9238795325112867,-0.2764367204178728,-0.26463058971203063,-0.9238795325112867,TRA CIR
347,348,M,+,223.75,-67.5,223.75,-63.583333333333336,-0.2764367204178728,-0.26463058971203063,-0.9238795325112867,-0.321376629483085,-0.30765119355784026,-0.8955823832147036,TRA CIR
348,349,P,+,223.75,-63.583333333333336,227.5,-63.583333333333336,-0.321376629483085,-0.30765119355784026,-0.8955823832147036,-0.3005671866799717,-0.32801152596632766,-0.8955823832147036,TRA CIR
349,350,M,+,227.5,-63.583333333333336,227.5,-61.0,-0.3005671866799717,-0.32801152596632766,-0.8955823832147036,-0.32753263199629234,-0.35743914567514695,-0.8746197071393957,TRA CIR
350,351,P,+,227.5,-61.0,230.0,-61.0,-0.32753263199629234,-0.35743914567514695,-0.8746197071393957,-0.31162961695118196,-0.37138571556032846,-0.8746197071393957,TRA CIR
351,352,M,+,230.0,-61.0,230.0,-60.0,-0.31162961695118196,-0.37138571556032846,-0.8746197071393957,-0.3213938048432698,-0.38302222155948906,-0.8660254037844386,TRA CIR
352,105,P,+,230.0,-60.0,246.3125,-60.0,-0.3213938048432698,-0.38302222155948906,-0.8660254037844386,-0.20087400025162896,-0.4578751314746289,-0.8660254037844386,TRA NOR
117,116,P,+,246.3125,-61.0,248.74999999999997,-61.0,-0.19477129555870967,-0.4439645372209129,-0.8746197071393957,-0.17571344770314887,-0.4518463811735913,-0.8746197071393957,TRA ARA
115,114,P,+,248.74999999999997,-63.583333333333336,251.25,-63.583333333333336,-0.16124712922824627,-0.41464630492881643,-0.8955823832147036,-0.1430070398963642,-0.42128515451597803,-0.8955823832147036,TRA ARA
113,112,P,+,251.25,-65.0,252.49999999999997,-65.0,-0.13584618808128213,-0.4001899653171169,-0.9063077870366499,-0.12708376228184345,-0.40305819991785585,-0.9063077870366499,TRA ARA
111,056,P,+,252.49999999999997,-67.5,255.0,-67.5,-0.11507512748638402,-0.36497167621709875,-0.9238795325112867,-0.0990457605412876,-0.36964381061438617,-0.9238795325112867,TRA ARA
565,566,M,+,350.0,-75.0,350.0,-67.5,0.25488700224417876,-0.04494345552754779,-0.9659258262890683,0.3768696111424634,-0.06645228065352386,-0.9238795325112867,TUC IND
567,514,M,+,330.0,-67.5,330.0,-57.0,0.33141357403559174,-0.19134171618254509,-0.9238795325112867,0.4716712402156557,-0.27231951750751376,-0.838670567945424,TUC IND
514,515,P,+,330.0,-57.0,350.0,-57.0,0.4716712402156557,-0.27231951750751376,-0.838670567945424,0.5363647442758861,-0.09457557591663494,-0.838670567945424,TUC GRU
680,484,P,+,350.0,-58.5,20.0,-58.5,0.5145606374700175,-0.09073092359651122,-0.8526401643540922,0.49098804563480564,0.17870503399160503,-0.8526401643540922,TUC PHE
562,561,M,+,11.25,-76.0,11.25,-75.0,0.2372734342114011,0.047196620515291325,-0.9702957262759965,0.25384590972457216,0.05049309085295759,-0.9659258262890683,TUC HYI
618,617,M,+,137.5,42.0,137.5,47.0,-0.5479038377921976,0.5020613669327765,0.6691306063588582,-0.5028219346157509,0.46075141366816325,0.7313537016191705,UMA LYN
616,615,M,+,126.24999999999999,47.0,126.24999999999999,60.0,-0.40327221047309564,0.5499938975916738,0.7313537016191705,-0.2956548241817911,0.4032223021337415,0.8660254037844386,UMA LYN
211,210,M,+,119.5,60.0,119.5,73.5,-0.24621178005173355,0.43517784796994996,0.8660254037844386,-0.139855847163119,0.2471943729973932,0.958819734868193,UMA CAM
210,209,P,+,119.5,73.5,137.5,73.5,-0.139855847163119,0.2471943729973932,0.958819734868193,-0.20939807695651752,0.19187798569455652,0.958819734868193,UMA CAM
209,459,P,+,137.5,73.5,170.0,73.5,-0.20939807695651752,0.19187798569455652,0.958819734868193,-0.2797005134388579,0.04931874703728122,0.958819734868193,UMA DRA
458,457,P,+,170.0,66.5,180.0,66.5,-0.39269117458398184,0.06924204916525419,0.917060074385124,-0.39874906892524625,4.883267709222902e-17,0.917060074385124,UMA DRA
456,455,P,+,180.0,64.0,202.5,64.0,-0.43837114678907746,5.3684982175379825e-17,0.898794046299167,-0.4050021301619296,-0.1677573751030647,0.898794046299167,UMA DRA
454,453,P,+,202.5,63.0,216.25,63.0,-0.419432530663938,-0.17373464270147213,0.8910065241883678,-0.36611818890365544,-0.26844896276139846,0.8910065241883678,UMA DRA
232,231,M,+,202.5,48.5,202.5,53.0,-0.6121811003781619,-0.25357371440511967,0.7489557207890021,-0.5560045822479838,-0.23030463870870177,0.7986355100472928,UMA CVN
585,596,M,+,165.0,29.0,165.0,34.0,-0.8448177633073237,0.226368237429665,0.48480962024633706,-0.800788802294912,0.21457071288280788,0.5591929034707469,UMA LMI
595,594,M,+,161.75,34.0,161.75,40.0,-0.7873362582440484,0.25962456193938444,0.5591929034707469,-0.7275117382618969,0.23989739374286323,0.6427876096865393,UMA LMI
593,592,M,+,152.5,40.0,152.5,42.0,-0.6794897197425116,0.3537199592865919,0.6427876096865393,-0.6591775108187876,0.3431460925969781,0.6691306063588582,UMA LMI
203,202,P,+,195.0,77.0,203.75,77.0,-0.21728603304169483,-0.05822161708008438,0.9743700647852352,-0.20590028228096216,-0.09059829251722447,0.9743700647852352,UMI CAM
202,201,M,+,203.75,77.0,203.75,80.0,-0.20590028228096216,-0.09059829251722447,0.9743700647852352,-0.15894217034671465,-0.0699362287553581,0.984807753012208,UMI CAM
201,200,P,+,203.75,80.0,217.5,80.0,-0.15894217034671465,-0.0699362287553581,0.984807753012208,-0.13776436178754511,-0.10571031278128078,0.984807753012208,UMI CAM
200,199,M,+,217.5,80.0,217.5,86.5,-0.13776436178754511,-0.10571031278128078,0.984807753012208,-0.048433062759880255,-0.03716399616613487,0.9981347984218669,UMI CAM
198,321,M,+,120.0,86.5,120.0,88.0,-0.03052426976742844,0.05286958610112472,0.9981347984218669,-0.017449748351250533,0.030223850723657186,0.9993908270190958,UMI CEP
440,439,M,+,210.0,66.0,210.0,70.0,-0.35224426555364696,-0.20336832153790016,0.9135454576426009,-0.2961981327260239,-0.17101007166283444,0.9396926207859083,UMI DRA
438,203,M,+,195.0,70.0,195.0,77.0,-0.3303660895493522,-0.0885213269013769,0.9396926207859083,-0.21728603304169483,-0.05822161708008438,0.9743700647852352,UMI DRA
259,260,M,+,132.5,-56.5,132.5,-54.5,-0.372883222497735,0.4069306306178828,-0.8338858220671682,-0.39231723041178135,0.4281391286643291,-0.8141155183563192,VEL CAR
261,262,M,+,126.74999999999999,-54.5,126.74999999999999,-53.0,-0.347448864025949,0.46529045730435875,-0.8141155183563192,-0.36008073334487106,0.4822065818353378,-0.7986355100472928,VEL CAR
263,264,M,+,122.49999999999999,-53.0,122.49999999999999,-50.75,-0.3233549762368301,0.5075656424881214,-0.7986355100472928,-0.33995232523558827,0.5336182618298575,-0.7743926440821856,VEL CAR
265,683,M,+,120.0,-50.75,120.0,-43.0,-0.3163526642812579,0.547938887644919,-0.7743926440821856,-0.36567685080958506,0.633370884753986,-0.6819983600624985,VEL PUP
683,684,P,+,120.0,-43.0,125.5,-43.0,-0.36567685080958506,0.633370884753986,-0.6819983600624985,-0.424699256200389,0.5954063978955038,-0.6819983600624985,VEL PUP
684,685,M,+,125.5,-43.0,125.5,-36.75,-0.424699256200389,0.5954063978955038,-0.6819983600624985,-0.46529045730435864,0.6523131630539599,-0.598324600570659,VEL PUP
685,039,P,+,125.5,-36.75,140.5,-36.75,-0.46529045730435864,0.6523131630539599,-0.598324600570659,-0.6182671394055619,0.5096600991673026,-0.598324600570659,VEL PYX
040,041,P,+,140.5,-39.75,165.0,-39.75,-0.5932572583647345,0.4890435442203815,-0.6394390019805848,-0.7426441819311573,0.19899090881212558,-0.6394390019805848,VEL ANT
588,587,M,+,172.75,0.0,172.75,11.0,-0.992004949679715,0.12619896913583,0.0,-0.9737790247202402,0.12388033862680349,0.1908089953765448,VIR LEO
587,586,P,+,172.75,11.0,178.0,11.0,-0.9737790247202402,0.12388033862680349,0.1908089953765448,-0.9810292026901866,0.034258294651817234,0.1908089953765448,VIR LEO
586,357,M,+,178.0,11.0,178.0,14.0,-0.9810292026901866,0.034258294651817234,0.1908089953765448,-0.9697046483360623,0.03386283249962009,0.24192189559966773,VIR LEO
357,361,P,+,178.0,14.0,192.5,14.0,-0.9697046483360623,0.03386283249962009,0.24192189559966773,-0.9472958432887911,-0.21001043240096787,0.24192189559966773,VIR COM
361,360,M,+,192.5,14.0,192.5,15.0,-0.9472958432887911,-0.21001043240096787,0.24192189559966773,-0.9430295273800398,-0.20906461293484901,0.25881904510252074,VIR COM
360,153,P,+,192.5,15.0,202.5,15.0,-0.9430295273800398,-0.20906461293484901,0.25881904510252074,-0.8923991008325229,-0.369643810614386,0.25881904510252074,VIR COM
152,151,P,+,202.5,8.0,226.25,8.0,-0.9148884004098169,-0.3789591835075727,0.13917310096006544,-0.6847832982590899,-0.7153339656374231,0.13917310096006544,VIR BOO
375,370,M,+,192.5,-22.0,192.5,-11.0,-0.9052058950796236,-0.20067931553207766,-0.374606593415912,-0.9583586996803407,-0.21246300861655973,-0.1908089953765448,VIR CRV
371,381,M,+,177.5,-11.0,177.5,-6.0,-0.9806928918797968,0.042817976363147464,-0.1908089953765448,-0.9935753308918919,0.04338043579737694,-0.10452846326765347,VIR CRT
382,588,M,+,172.75,-6.0,172.75,0.0,-0.9865706427701787,0.12550763797848788,-0.10452846326765347,-0.992004949679715,0.12619896913583,0.0,VIR LEO
427,273,P,+,98.75,-64.0,102.5,-64.0,-0.06668650325751149,0.433269168785937,-0.898794046299167,-0.09488088177263132,0.4279800002467625,-0.898794046299167,VOL PIC
273,274,P,+,102.5,-64.0,135.5,-64.0,-0.09488088177263132,0.4279800002467625,-0.898794046299167,-0.3126684173435431,0.3072583979862143,-0.898794046299167,VOL CAR
622,426,M,+,98.75,-75.0,98.75,-70.0,-0.03937242955143623,0.25580678235535087,-0.9659258262890683,-0.05202926234786138,0.33803954546775805,-0.9396926207859083,VOL MEN
426,427,M,+,98.75,-70.0,98.75,-64.0,-0.05202926234786138,0.33803954546775805,-0.9396926207859083,-0.06668650325751149,0.433269168785937,-0.898794046299167,VOL DOR
531,530,M,+,283.0,21.083333333333332,283.0,25.5,0.20989242904383212,-0.9091439925982582,0.3597254077106289,0.20303751134975828,-0.8794520819861736,0.43051109680829514,VUL HER
530,619,P,+,283.0,25.5,288.875,25.5,0.20303751134975828,-0.8794520819861736,0.43051109680829514,0.29199047311448784,-0.854050208790617,0.43051109680829514,VUL LYR
619,383,M,+,288.875,25.5,288.875,27.5,0.29199047311448784,-0.854050208790617,0.43051109680829514,0.2869520668331567,-0.8393132487431034,0.4617486132350339,VUL LYR
383,408,P,+,288.875,27.5,295.0,27.5,0.2869520668331567,-0.8393132487431034,0.4617486132350339,0.37486697646294975,-0.8039048252952891,0.4617486132350339,VUL CYG
408,407,M,+,295.0,27.5,295.0,29.0,0.37486697646294975,-0.8039048252952891,0.4617486132350339,0.3696302603154112,-0.7926746512761486,0.48480962024633706,VUL CYG
407,406,P,+,295.0,29.0,313.75,29.0,0.3696302603154112,-0.7926746512761486,0.48480962024633706,0.6048109463313572,-0.6317937569447568,0.48480962024633706,VUL CYG
405,404,P,+,313.75,28.0,321.25,28.0,0.6105697880334757,-0.6378095214686983,0.4694715627858908,0.6885971270548885,-0.5526576230788164,0.4694715627858908,VUL CYG
412,411,M,+,308.5,19.5,308.5,20.5,0.586808125306791,-0.737718919916261,0.3338068592337709,0.5830921475385296,-0.733047295602604,0.35020738125946743,VUL DEL
410,690,M,+,303.75,20.5,303.75,21.25,0.5203871864437128,-0.7788144620489417,0.35020738125946743,0.517795829113547,-0.7749362217354899,0.36243803828370164,VUL SGE
687,686,M,+,288.75,19.166666666666668,288.75,21.083333333333332,0.3036212841220229,-0.894439460381686,0.3283171752135611,0.29992173346250955,-0.883540935579255,0.3597254077106289,VUL SGE
